name,victims_proven,victims_possible,victims_confessed,victim_count_category,country_primary,active_start_year,active_end_year,gender,operated_alone,medical_professional,law_enforcement,wikipedia_url,summary,wikipedia_title,aliases,victim_count_max,victim_details,active_span,years_active,countries,regions,cities,date_of_birth,place_of_birth,date_of_death,place_of_death,occupation,criminal_status,sentence,modus_operandi,wikipedia_categories,extraction_date
Luis Garavito,193.0,221.0,142.0,High (30+),Colombia Ecuador Venezuela,1992,1999,Unknown,True,False,False,https://en.wikipedia.org/wiki/Luis_Garavito,"Luis Alfredo Garavito Cubillos(25 January 1957 – 12 October 2023), also known asLa Bestia(""The Beast"") orTribilín(""Goofy""), was a Colombianserial killerandsex offenderwho sexually assaulted 200 victims before murdering 193 victims,mostly young men and boys from 1992 to 1999 in western Colombia. Beginning a series of torture-rapes on minors aged 6 to 16 in the autumn of 1980, Garavito was estimated to have raped and tortured a minimum of 200 minors, before committing the rape, torture, mutilation",Luis Garavito,The Beast Goofy Conflict Bonifacio Morera Lizcano,221,"Garavito began to feel apathy with his sex crimes. On 4 October 1992, he had spotted 13-year-old Juan Carlos walking near a bazaar where he had been drinking. According to Garavito, the reflection of the moonlight in the river had invoked a ""strange force"" within him, reminding him of his childhood and enraging him. [ 10 ] He followed the child, buying synthetic rope and a butcher's knife on the way, before offering him work for 500 or 1,000 pesos. Carlos left the crowded area in Jamundí with Ga",1992–1999,7.0,Colombia Ecuador Venezuela,,,25 January 1957,"Génova, Quindío , Colombia",2023-10-12,"2) (aged 66) Valledupar , Colombia",,,"1,853 years and 9 days' imprisonment (2001) [ 2 ] 835 years' imprisonment (2000) [ 3 ] 22 years' imprisonment in Ecuador (2007) [ 4 ]","According to Garavito, he primarily targeted children of modest background who were working class, homeless, peasants or orphaned . Garavito would look for children and lure them away by bribing them with small gifts such as money, candy or odd jobs due to a ""force"" within him. [ 37 ] He reportedly molested young boys with ""cute faces"" and blue or green eyes; [ 23 ] Garavito himself boasted of his penchant for ""innocent"" looking children with ""blondish"" skin and hair. [ 38 ] Born and raised in the largely Spanish-descended Paisa region of Colombia, Garavito knew where to find victims that fit his criteria. [ 23 ] Terrified of the dark, he would approach them in broad daylight in public places ranging from the countryside to crowded city streets. Garavito also drank brandy near school zones on evenings to wait for unwitting victims. [ 31 ] He offered easy work for money and wore disguises ranging from a Catholic priest, to a schoolteacher, to an elderly man to more effectively lure vict",Categories; 1957 births; 2023 deaths; Child sexual abuse in Colombia; Colombian murderers of children; Colombian people convicted of murder; Colombian serial killers; Colombian serial rapists; Colombian people who died in prison custody; Crimes involving Satanism or the occult; Human trophy collecting; Necrophiles; People convicted of murder by Colombia; People from Quindío Department; People with psychotic disorder; People with antisocial personality disorder; Prisoners who died in Colombian detention; Rape of males; Serial killers who died in prison custody; Murder in Ecuador; Colombian LGBTQ people,2026-09-27 09:47:11
Mariam Soulakiotis,177.0,,,High (30+),,,,Female,True,False,False,https://en.wikipedia.org/wiki/Mariam_Soulakiotis,"AbbessMariam Soulakiotis[a][note 3](c.1883[note 1]– 23 November 1954),néeMarina Soulakiotou,[c]:360also known either to her followers asMariam ofKeratea,[g]or in contemporary mediapejorativelyas ""Mother Rasputin"",[h]:357was aGreek Old CalendaristOrthodoxabbessandserial killerwho wasfound guiltyof numerous counts ofmurder,fraudand othercrimes, whichpublic prosecutorsof theKingdom of Greecealleged she committed against bothlaypeopleand othernunsin herabbey:365–366between 1939 and her arrest in Dec",Mariam Soulakiotis,,177,"Soulakiotis' alleged modus operandi was to encourage wealthy women to join the convent, and then torture them until they donated their fortunes to the monastery; [ 6 ] once the money was donated, Soulakiotis would embezzle it and, in some cases, kill the ""donor"". [ 12 ] Beginning in 1940, after establishing control over the other nuns in the monastery's convent , she was said to have even sent the monastery's monks traveling around Greece in search of wealthy "" spinsters , widows, [and] families",,,,,,1883,"883 ( 1883 ) [ note 1 ] No. 71 Megalou Alexandrou, [ 1 ] : 360 [ d ] Keratea , Greece",23 November 1954,aged 71) [ note 2 ] Averoff Prison [ el ],"Nun , abbess , convicted criminal",,,,Categories; 1880s births; 1954 deaths; 1930s murders in Greece; 1940s murders in Greece; 1950s murders in Greece; 20th-century Greek criminals; 20th-century Greek women; Eastern Orthodox abbesses; 20th-century Eastern Orthodox nuns; Female serial killers; Greek serial killers; Greek prisoners sentenced to life imprisonment; Old Calendarism; People convicted of forgery; People from East Attica; Prisoners sentenced to life imprisonment by Greece; Serial killers who died in prison custody,2026-09-27 09:47:12
Mikhail Popkov,83.0,,,High (30+),Russia,1992,2011,Unknown,True,False,True,https://en.wikipedia.org/wiki/Mikhail_Popkov,"Mikhail Viktorovich Popkov(Russian:Михаи́л Ви́кторович Попко́в; born 7 March 1964) is a Russianserial killer,rapist, andnecrophilewho committed the sexual assault and murder of eighty-seven girls and women between 1992 and 2011 inAngarsk,Irkutsk, inSiberia, andVladivostokin theRussian Far East, although he has confessed to and is suspected of at least ninety in total. He is known as ""the Werewolf"" and ""the Angarsk Maniac"" for the particularly brutal nature of his crimes; he would extensively mut",Mikhail Popkov,The Werewolf The Angarsk Maniac The Wednesday Murderer,83,"From 1992 to 2011, Popkov killed dozens of women between the ages of 19 and 50, as well as one policeman, [ 8 ] in his home city of Angarsk and other locations within the Irkutsk region. He stated that he ""wanted to cleanse the streets of prostitutes,"" and that ""committing the murders, I was guided by my inner convictions."" He also falsely accused his wife of infidelity , and claimed that his brutality was the result of this imagined betrayal. [ 9 ] Angarsk psychiatrist Alexander Grishin specula",1992–2011,19.0,Russia,,,7 March 1964,"age 62) Norilsk , Krasnoyarsk Krai , Russian SFSR , USSR [ 1 ]",,,,,,"Weapon(s): Screwdriver , knife , axe , rope , hammer",Categories; 1964 births; 20th-century Russian murderers; 21st-century Russian murderers; Axe murder; Inmates of Black Dolphin Prison; Living people; Necrophiles; People convicted of murder by Russia; People from Angarsk; People from Norilsk; Prisoners sentenced to life imprisonment by Russia; Russian male criminals; Russian police officers convicted of murder; Russian prisoners sentenced to life imprisonment; Russian rapists; Russian serial killers; Violence against women in Russia; Crimes against sex workers; Serial killers who worked in law enforcement; Security guards convicted of crimes; Russian murderers of children; Male murderers,2026-09-27 09:47:14
Daniel Camargo Barbosa,72.0,180.0,2.0,High (30+),Colombia,1974,1986,Unknown,True,False,False,https://en.wikipedia.org/wiki/Daniel_Camargo_Barbosa,Daniel Camargo Barbosa(22 January 1930 – 13 November 1994) was a Colombianserial killerand rapist. He is one of the most prolific serial killers in history and is believed to haverapedand murdered at least 72 young girls inColombiaandEcuadorduring the 1970s and 1980s. Barbosa was stabbed to death in prison by the nephew of one of his victims in 1994. Camargo's mother died before he had even reached the age of one and his father was overbearing and emotionally distant. Afterwards his father marri,Daniel Camargo Barbosa,The Sadist of El Charquito; The Monster of the Mangroves; Manuel Bulgarin Solis,180,"He was first arrested in Bogotá in 1958 for petty theft . [ 4 ] Camargo had a de facto union with a woman named Alcira and had two children with her. He fell in love with another woman, Esperanza (age 28), whom he planned to marry, but then found out that she was not a virgin . This became the root of Camargo's fixations. He and Esperanza formed an agreement that he would stay with her if she aided him in finding other virgin girls to rape. Thus began a period of their partnership in crime. Espe",1974–1986,12.0,Colombia; Ecuador,,,22 January 1930,"Anolaima , Cundinamarca, Colombia",1994-11-13,"3) (aged 64) Guayaquil , Ecuador",,,,"Camargo selected helpless, young, lower-class girls in search of work and approached them, pretending to be a foreigner who needed to find a Protestant pastor in a church on the outskirts of town. He explained that he had to deliver a large sum of money, which he showed them as proof, and he offered them a reward if they would accompany him to show him the way. He pretended that he was a stranger to the area, and hinted at the possibility of the girls getting a job at the factory. No one was suspicious of an older man accompanying a girl or young woman who could be his granddaughter. Camargo would then enter into the woods, claiming to be looking for a shortcut in order to avoid arousing suspicion in his victims. If the girls did grow suspicious and drew back, he did not prevent them from leaving. Camargo raped his victims before strangling them, sometimes stabbing them when they resisted. After his victims were dead, he left their bodies in the forest. [ 5 ]",Categories; 1930 births; 1994 deaths; 1986 murders in Ecuador; 20th-century murderers; Colombian escapees; Colombian murderers of children; Colombian people convicted of murder; Colombian people imprisoned abroad; Colombian people murdered abroad; Colombian people who died in prison custody; Colombian rapists; Colombian serial killers; Deaths by stabbing; Escapees from Colombian detention; Fugitives; Incidents of violence against girls; People convicted of murder by Ecuador; People deported from Brazil; People from Cundinamarca Department; Prisoners who died in Ecuadorian detention; Serial killers murdered in prison custody; Sex offenders murdered in prison; Violence against women in Colombia; Vigilantism against sex offenders,2026-09-27 09:47:16
Pedro Rodrigues Filho,,,,Very Low (<5),,2018,2023,Unknown,True,False,False,https://en.wikipedia.org/wiki/Pedro_Rodrigues_Filho,"Pedro Rodrigues Filho(29 October 1954 – 5 March 2023), also known asPedrinho Matador,Killer Lil' Pedro,Killer Killer Petey, or simplyKiller Petey, was a Brazilianserial killer,spree killer,vigilanteknown for pursuing and killing other criminals and suspected criminals. He committed most of his crimes as a teenager, when he was between 14 and 19 years old, and was officially sentenced for 71 murders, but claimed to have killed over 100 people, including drug dealers, rapists, and murderers, and s",Pedro Rodrigues Filho,Killer Petey Pedrinho Matador,0,"At age 14, Rodrigues shot the deputy mayor of Santa Rita do Sapucaí in front of the city hall for having fired his father, a school guard, over accusations of stealing food from the school kitchen, putting him in jail, before shooting the security guard whom he suspected as the actual thief, using his grandfather's shotgun for both. On the run, Rodrigues took refuge in Mogi das Cruzes , Greater São Paulo , where he began robbing drug dens and killing drug traffickers, making him a celebrity in t",2018–2023,5.0,,,,29 October 1954,"Santa Rita do Sapucaí , Minas Gerais , Brazil",2023-03-05,"5) (aged 68) Mogi das Cruzes , São Paulo , Brazil",,,,,Categories; 1954 births; 2023 deaths; 20th-century criminals; 21st-century philanthropists; Brazilian serial killers; Brazilian gaming YouTubers; Brazilian male bloggers; Brazilian video bloggers; Charity fundraisers (people); Comedy YouTubers; Gaming-related YouTube channels; Let's Players; Deaths by firearm in Brazil; Dexter (TV series); Murdered Brazilian criminals; Murdered serial killers; Juvenile serial killers; Male juvenile murderers; Unsolved murders in Brazil; Vigilantes; Vigilantism against sex offenders,2026-09-27 09:47:18
Kampatimar Shankariya,70.0,,,High (30+),India,1977,1978,Unknown,True,False,False,https://en.wikipedia.org/wiki/Kampatimar_Shankariya,"Kampatimar Shankariya(1952 – 16 May 1979) was an Indianserial killer. Shankariya was born inSrikaranpur,SriganganagarRajasthanin 1952 and arrested at the age of 26.He murdered at least 70 people.[bettersourceneeded]He killed his victims by hitting them with a hammer on the neck below the ears, which gained him the monikerKanpatimar(lit.'one who hits under the ear'). He was convicted in early 1979 and washangedat Jaipur on 16 May 1979.His last words before being hanged were: ""I have murdered in v",Kampatimar Shankariya,,70,,1977–1978,1.0,India,,,1952,"952 Srikaranpur, Rajasthan , India",16 May 1979,"aged 27) Jaipur, Rajasthan, India",,Executed,Executed,,Categories; 1952 births; 1979 deaths; Executed Indian serial killers; People executed by India by hanging; People from Jaipur; Indian people convicted of murder; 20th-century Indian murderers; Crime in Rajasthan; Male murderers; Crime biography stubs,2026-09-27 09:47:20
Hoshang Amini,67.0,,,High (30+),Iran,1954,1962,Unknown,True,False,False,https://en.wikipedia.org/wiki/Hoshang_Amini,"Hoshang Amini(Persian:هوشنگ امینی;‎1936 – December 1963), known asThe Ghost of the Qanat Wells(شبح چاه‌های قنات), was an Iranianserial killerand rapist who murdered 67 people in the city ofVaraminfrom 1954 to 1962, sometimes aided by accomplices. He earned his nickname for decapitating his victims post-mortem and then dumping their bodies into wells. After his arrest, he confessed to the full scope of his crimes, expressing no remorse for what he had done. He was trialed, convicted and executed ",Hoshang Amini,The Ghost of the Qanat Wells; The Felt Hat Killer,67,"Amini's modus operandi consisted of picking out predominantly vulnerable young boys (although he also killed adult men and women) from the streets of Varamin, whom he abducted or lured to isolated areas. Once away from prying eyes, he would tie up the victim's hands and proceeded to rape and torture them before ultimately strangling them. Afterwards, he would decapitate the victim with a knife and usually dump the body in a nearby well. His first known victim was sometime in March 1954, after wh",1954–1962,8.0,Iran,,,,,,"Toopkhaneh , Tehran , Tehran Province, Iran",,,,,Categories; 1936 births; 1963 deaths; People executed by Pahlavi Iran; Executed Iranian serial killers; 20th-century murderers; Iranian rapists; Iranian murderers of children; People convicted of murder by Iran; People executed by Iran by hanging; People from Varamin; People executed by public hanging; Copycat crimes; Male murderers,2026-09-27 09:47:22
Yang Xinhai,67.0,,,High (30+),China,2000,2003,Unknown,True,False,False,https://en.wikipedia.org/wiki/Yang_Xinhai,"Yang Xinhai(Chinese:杨新海;pinyin:Yáng Xīnhǎi; 17 July 1968 – 14 February 2004) was a Chineseserial killer,serial rapist, andmass murdererwho confessed to committing 67murdersand 23rapesbetween 2000 and 2003.He wassentenced to deathandexecuted. He is the most prolific known serial killer in China since the establishment of the People's Republic of China in 1949. TheSouth China Morning Postdubbed Yang the ""Monster Killer"". Yang was born in Yangtaozhuang village inZhengyang County, Henan, the fourth ",Yang Xinhai,Yang Zhiya (杨枝牙) Yang Liu (杨柳),67,"While working as a migrant worker , Yang took numerous manual labor jobs across North and East China . He was regularly not paid his agreed wages, and in one instance, Yang stole a metal tray from a restaurant he worked at in Xi'an , leading to his first criminal conviction for theft in 1988, for which he served a labor camp sentence. [ 4 ] In 1991, Yang was again sentenced to labor camp for theft in Shijiazhuang . [ 5 ] After his second release, Yang led a small gang of beggars who committed se",19 September 2000 – 8 August 2003,3.0,China,,,17 July 1968,"Yangtaozhuang, Zhengyang County , Zhumadian, Henan, China",2004-02-14,"4) (aged 35) Luohe , Henan, China",,,,,Categories; 1968 births; 1988 crimes in China; 1991 crimes in China; 1996 crimes in China; 1999 murders in China; 2000 murders in China; 2001 murders in China; 2002 murders in China; 2003 murders in China; 2004 deaths; 20th-century Chinese criminals; 21st-century executions by China; Chinese male criminals; Chinese mass murderers; Chinese murderers of children; Chinese people convicted of murder; Chinese rapists; Executed Chinese serial killers; 21st-century Chinese murderers; Executed mass murderers; Executed people from Henan; Executed People's Republic of China people; Family murders; People convicted of murder by China; People executed by China by firearm; People from Zhumadian; Serial mass murderers; Male murderers,2026-09-27 09:47:24
Abul Djabar,65.0,300.0,,High (30+),Kingdom of Afghanistan,,,Unknown,True,False,False,https://en.wikipedia.org/wiki/Abul_Djabar,"Abul Djabar(died 21 October 1970) was an Afghanserial killerandrapistwho killed at least 65 people, and was suspected of murdering over 300 men and boys. He would strangle his victims with a turban while raping them. Djabar was arrested by police while trying to kill another victim. He was sentenced to death and hanged on 21 October 1970. Two innocent people had previously been executed for the murders. This Afghanistan biographical article is astub. You can help Wikipedia byadding missing infor",Abul Djabar,The Turban Killer,300,,,,Kingdom of Afghanistan,,,,,21 October 1970,Kabul Province,,,,,Categories; 1970 deaths; 20th-century murderers; People executed by Afghanistan by hanging; Afghan people convicted of murder; Afghan people convicted of rape; Child sexual abuse in Afghanistan; Gay Muslims; Afghan gay men; Executed Afghan serial killers; People convicted of murder by Afghanistan; 20th-century executions by Afghanistan; Afghan LGBTQ people; Afghan people stubs; Violence against men in Asia; People from Kabul; Rape of males; Incidents of violence against boys; Incidents of violence against men,2026-09-27 09:47:25
Samuel Little,60.0,93.0,,High (30+),United States,1970,2012,Unknown,True,False,False,https://en.wikipedia.org/wiki/Samuel_Little,"Samuel Little(néMcDowell; June 7, 1940 – December 30, 2020) was an Americanserial killerwho was convicted of 8 murders and confessed to committing 93 murders, across 19 states, between 1970 and 2005.TheFBI'sViolent Criminal Apprehension Programhas confirmed his involvement in at least 60 murders, the largest number of confirmed victims for any serial killer in American history.Little provided sketches for 26 of his victims, although not all have been linked to known murders.His crime spree stret",Samuel Little,Samuel McDowell The Choke-and-Stroke Killer Mr. Sam,93,"In 1961, Little was sentenced to three years in prison for breaking into a furniture store in Lorain; he was released in 1964. By 1975, he had been arrested 26 times in eleven states for crimes including theft, assault, attempted rape, fraud, and attacks on government officials. [ 18 ] In 1982, Little was arrested in Pascagoula, Mississippi , and he faced charges for the murder of 22-year-old Melinda Rose LaPree, who had gone missing in September of that year. A grand jury declined to indict him",1970 – 2005 (confirmed) 1960–2012 (possible) [ 1 ] [ 2 ],42.0,United States,,,"June 7, 1940","Reynolds, Georgia , U.S.",2020-12-30,"0) (aged 80) Los Angeles County, California , U.S.",,,,,"Categories; 1940 births; 2020 deaths; 20th-century African-American people; 20th-century American criminals; American male criminals; American people convicted of murder; American people convicted of rape; American people convicted of robbery; American people convicted of theft; Crimes against sex workers in the United States; People convicted of murder by California; People convicted of murder by Ohio; People convicted of murder by Texas; People from Taylor County, Georgia; Prisoners sentenced to life imprisonment by California; Prisoners sentenced to life imprisonment by Ohio; Prisoners sentenced to life imprisonment by Texas; Serial killers from Los Angeles; Serial killers from Ohio; Serial killers from Texas; Serial killers who died in prison custody; Violence against African-American women; Femicide in the United States",2026-09-27 09:47:27
William Unek,,,,Very Low (<5),Belgian Congo Tanganyika Territory,,,Unknown,True,False,True,https://en.wikipedia.org/wiki/William_Unek,"William Unek(died 20 February 1957)was a Ugandanserialmass murdererwho killed a total of 58 people in two separatespree killingsin theBelgian Congo(modern-day Democratic Republic of Congo) andTanganyika Territory(modern-day Tanzania) during the mid-1950s. While living in the Congo, William murdered 22 of his relatives in amass stabbingin Mahagi territory during afamily reunion, apparently believing they were responsible for sabotaging his marriage usingwitchcraft. Though wanted as a fugitive by ",William Unek,William s/o Unek [ 3 ] William Onek [ 4 ] William Uneko [ 5 ],0,"On a Saturday night [ 11 ] in either February 1954 [ 1 ] or mid-1955, [ 11 ] [ 13 ] Adrogo had invited 22 family members to a banquet on the occasion of an indigenous festival, [ 11 ] taking place at his home in Angala village, [ 1 ] part of Angal chiefdom in Mahagi territory , located near the northern Congo–Uganda border. After the celebration, 20 of the relatives went to sleep while two children went outside to play. Adrogo then used a machete [ 11 ] [ 13 ] (commonly misreported as an axe ) [",,,Belgian Congo Tanganyika Territory,,,,,20 February 1957,"Mwanza , Tanganyika Territory",Police constable,,,"Weapon(s): Machete (Congo) Axe , .303 British rifle, arson (Tanganyika)",Categories; 1957 deaths; 1950s in the Belgian Congo; 1950s in Tanganyika; 1950s mass shootings; 1957 mass murders; 1957 murders in Africa; 20th-century mass murders in the Democratic Republic of the Congo; 20th-century mass shootings in Africa; 20th-century murders in Tanzania; 20th-century murderers; 20th-century Ugandan criminals; Alur people; Arsonists; Arson in the Democratic Republic of the Congo; Arson in the 1950s; Axe attacks; Axe murder; Child murder in Africa; Deaths by firearm in Tanzania; Expatriates in the Belgian Congo; Expatriates in Tanganyika Territory; Perpetrators of familicides; Family murders; February 1957 in Africa; Femicide; Fugitives wanted by Belgium; Fugitives wanted by the United Kingdom; Fugitives wanted on murder charges; Ituri Province; Male murderers; Mass stabbings in Africa; Maswa District; Manhunts; Murderers of children; Military history of Tanzania; People from Zombo District; People shot dead by law enforcement officers in Tanzania; Residential building arson attacks in Africa; Serial killers who worked in law enforcement; Serial mass murderers; Tanzanian police officers; Ugandan murderers; Violence against men in Africa; Violence against women in Africa; Workplace violence,2026-09-27 09:47:29
Mohammed Bijeh,21.0,29.0,,Medium (15-29),Iran,2004,2004,Unknown,True,False,False,https://en.wikipedia.org/wiki/Mohammed_Bijeh,"Mohammed Bijeh(Persian:محمد بيجه; died 16 March 2005) was an Iranianserial killer. He was convicted ofrapingand killing around 20 children, mostly boys, and was sentenced to 100lashesfollowed byexecution. All the boys were between 8 and 15 years old. The murder of children around Tehran was recognized as the largest criminal case in contemporary Iranian history and provoked national outrage.Bijeh's execution, which was witnessed by over 5,000 people, including children, sparked debates on whethe",Mohammed Bijeh,Vampire of the Tehran Desert; [ 2 ],29,"Bijeh committed the crimes between March and September 2004. [ 5 ] Bijeh would lure his victims into the desert and said they would hunt animals. He would proceed to kill the children, and burn or bury their bodies to dispose them. [ 6 ] Several victims came from poor Afghan refugee families, who did not report their children missing to avoid deportation. [ 7 ] The number of victims varies; the BBC reported he was found guilty of murdering between 19 and 22 people; however, the local population ",March 2004 – September 2004,0.0,Iran,,,,,16 March 2005,"Pakdasht , Iran",,,,,Categories; 2005 deaths; 21st-century executions by Iran; 21st-century Iranian criminals; Executed Iranian serial killers; Iranian murderers of children; Rape of males; Iranian people convicted of child sexual abuse; Iranian people convicted of murder; Iranian rapists; People convicted of murder by Iran; People executed by Iran by hanging; People from Quchan; Violence against men in Asia; Incidents of violence against boys; People executed by public hanging; Executed Iranian people by the Islamic Republic of Iran,2026-09-27 09:47:31
Andrei Chikatilo,52.0,53.0,52.0,High (30+),Soviet Union,1978,1990,Unknown,True,False,False,https://en.wikipedia.org/wiki/Andrei_Chikatilo,"Andrei Romanovich Chikatilo(Russian:Андрей Романович Чикатило;Ukrainian:Андрій Романович Чикатило,romanized:Andrii Romanovych Chykatylo;16 October 1936 – 14 February 1994) was a Ukrainian-born Sovietserial killernicknamed ""the Butcher of Rostov"", ""the Rostov Ripper"", and ""the Red Ripper"" whosexually assaulted, murdered, and mutilated at least fifty-two women and children between 1978 and 1990 in theRussian SFSR, theUkrainian SSR, and theUzbek SSR. Chikatilo confessed to fifty-six murders; he was",Andrei Chikatilo,The Butcher of Rostov The Forest Strip Killer [ 1 ] The Red Ripper The Rostov Ripper [ 2 ],53,"In September 1978, Chikatilo moved to Shakhty, where he committed his first documented murder. On the evening of 22 December, he lured a 9-year-old girl named Yelena Zakotnova to an old, dilapidated hut which he had secretly purchased that year; he attempted to rape her but failed to achieve an erection. When the girl struggled, he choked her and stabbed her three times in the abdomen, ejaculating while stabbing the child. In an interview after his 1990 arrest, Chikatilo later recalled that imme",22 December 1978 – 6 November 1990,12.0,Soviet Union,,,16 October 1936,"Yabluchne [ uk ] , Sumy Oblast , Ukrainian SSR, Soviet Union",1994-02-14,"4) (aged 57) Novocherkassk, Rostov Oblast , Russia",,Executed by shooting,Executed by shooting,,Categories; 1936 births; 1994 deaths; 20th-century executions by Russia; 20th-century murderers; Crimes adapted into films; Crimes against sex workers; Executed people from Rostov Oblast; Executed Russian serial killers; Executed Soviet serial killers; Executed Ukrainian serial killers; Expelled members of the Communist Party of the Soviet Union; Fugitives; Manhunts; Necrophiles; People executed by Russia by firearm; People from Sumy Oblast; People with borderline personality disorder; Russian cannibals; Russian murderers of children; Russian people convicted of child sexual abuse; Russian schoolteachers; Southern Federal University alumni; Soviet murderers of children; Soviet people convicted of child sexual abuse; Soviet people convicted of murder; Soviet schoolteachers; Ukrainian murderers of children; Ukrainian people convicted of murder; Ukrainian schoolteachers; Vampirism (crime); Violence against children in Russia; Violence against women in Russia; Violence against women in Ukraine,2026-09-27 09:47:33
Anatoly Onoprienko,52.0,,,High (30+),Soviet Union [ nb 1 ] Ukraine,1989,1996,Unknown,True,False,False,https://en.wikipedia.org/wiki/Anatoly_Onoprienko,"Anatoly Yuriyovych Onoprienko(Ukrainian:Анатолій Юрійович Онопрієнко;Russian:Анато́лий Ю́рьевич Оноприе́нко, Anatoly Yuryevich Onoprienko; 25 July 1959 – 27 August 2013) was aSovietand Ukrainianserial killerandmass murderer.Known by the nicknamesThe Beast of Ukraine,The Terminator, andCitizen O, Onoprienko confessed to killing fifty-two people upon being apprehended in April 1996. Anatoly Onoprienko was born in the village ofLaskyinZhytomyr Oblast,Ukrainian SSR,Soviet Union.He was the younger of",Anatoly Onoprienko,The Beast of Ukraine The Terminator Citizen O,52,"When finally arrested by police, Onoprienko was found to be in possession of a total of 122 items, including a sawed-off TOZ-34 shotgun , a number of other weapons which matched those used in several killings, and a number of items which had been removed from victims. He eventually confessed to eight killings between 1989 and 1995. He initially denied other charges but ultimately confessed to the killing of fifty-two victims over a six-year period. [ 5 ] While in custody, Onoprienko claimed that",1989–1996,7.0,Soviet Union [ nb 1 ] Ukraine,,,25 July 1959,"Lasky , Zhytomyr Oblast , Ukrainian SSR , USSR",2013-08-27,"7) (aged 54) Zhytomyr , Zhytomyr Oblast, Ukraine",,,,"Onoprienko's modus operandi consisted of choosing an isolated house and gaining the attention of the occupants by creating a commotion. He would kill all occupants starting with the adult male, before going to find and kill the spouse and finally the children. He would then usually set the buildings alight in an attempt to cover the evidence. He would also kill any potential witness who crossed his path during his murderous rampages.",Categories; 1959 births; 2013 deaths; Family murders; People convicted of murder by Ukraine; People from Zhytomyr Oblast; Prisoners sentenced to death by Ukraine; Prisoners who died in Ukrainian detention; Serial killers who died in prison custody; Serial mass murderers; Soviet mass murderers; Soviet serial killers; Ukrainian mass murderers; Ukrainian murderers of children; Ukrainian people convicted of murder; Ukrainian people who died in prison custody; Ukrainian prisoners sentenced to death; Ukrainian serial killers,2026-09-27 09:47:35
Florisvaldo de Oliveira,50.0,,,High (30+),Brazil,1982,1983,Unknown,True,False,True,https://en.wikipedia.org/wiki/Florisvaldo_de_Oliveira,"Florisvaldo de Oliveira(November 18, 1958 – September 26, 2012), commonly known as""Cabo Bruno"", was a Brazilianvigilante,serial killerand former officer of theMilitary Police of São Paulo Stateaccused of more than 50 murders on the outskirts ofSão Pauloduring the 1980s.Considered ""one of the most controversial characters in crime journalism"",he initially admitted to these deaths, but later denied them in his testimony. Florisvaldo de Oliveira was born inUchoainSão PauloState.The nickname ""Cabo B",Florisvaldo de Oliveira,Cabo Bruno; or Justiceiro,50,,1982–1983,1.0,Brazil,,,"November 18, 1958","Uchoa , Brazil [ 1 ]",2012-09-26,"6) (aged 53) Pindamonhangaba , Brazil",,,,,Categories; 1958 births; 2012 deaths; 1982 crimes in Brazil; Brazilian people convicted of murder; Brazilian serial killers; Deaths by firearm in Brazil; Murdered Brazilian criminals; Murdered serial killers; Serial killers who worked in law enforcement; Vigilantes; People from Catanduva,2026-09-27 09:47:36
Gary Ridgway,,,,Very Low (<5),United States,1982,2001,Unknown,True,False,False,https://en.wikipedia.org/wiki/Gary_Ridgway,"Gary Leon Ridgway(born February 18, 1949), known as theGreen River Killeror theGreen River Strangler, is an Americanserial killerwho was convicted ofmurderingforty-nine women between 1982 and 1998 in thenorthwestern United States. At the time of his arrest in 2001, he was believed to be themost prolific serial killerin United States history, according to confirmed murders.[n 1] Most of Ridgway's victims were allegedprostitutesor other women in vulnerable circumstances, including underagerunaways",Gary Ridgway,The Green River Killer The Green River Strangler,0,"Throughout the 1980s and 1990s, Ridgway is believed to have murdered at least 71 teenage girls and women near Seattle and Tacoma, Washington . In court statements, Ridgway later reported that he had killed so many that he lost count. A majority of the murders occurred between 1982 and 1984. The victims were believed to be either prostitutes or runaways , whom he picked up along Pacific Highway South . [ 19 ] Ridgway sometimes showed the women a picture of his son, to trick them into trusting him",1982 – 1998 confirmed (possibly as recent as 2001),19.0,United States,,,"February 18, 1949","age 77) Salt Lake City , Utah, U.S.",,,,,,,Categories; Gary Ridgway; 1949 births; 20th-century American criminals; American male criminals; American murderers of children; American people convicted of murder; American prisoners sentenced to life imprisonment; Crime in Washington (state); Crimes adapted into films; Crimes against sex workers in the United States; Fugitives; Living people; Military personnel from Salt Lake City; Necrophiles; People convicted of murder by Washington (state); Criminals from Salt Lake City; People with dyslexia; Prisoners sentenced to life imprisonment by Washington (state); Serial killers from Oregon; Serial killers from Washington (state); United States Navy personnel of the Vietnam War; United States Navy sailors; Violence against women in Washington (state); Violence against women in Oregon; Criminals from Seattle; Military personnel from Seattle,2026-09-27 09:47:38
Alexander Pichushkin,49.0,60.0,3.0,High (30+),Russia,1992,2006,Unknown,True,False,False,https://en.wikipedia.org/wiki/Alexander_Pichushkin,"Alexander Yuryevich Pichushkin(Russian:Алекса́ндр Ю́рьевич Пичу́шкин; born 9 April 1974),also known as theChessboard Killer(Убийца с шахматной доской) and theBittsa Park Maniac(Битцевский маньяк), is a Russianserial killerand former grocery store clerkwho is believed to have killed at least forty-nine people, and possibly as many as sixty, between 1992 and 2006. Pichushkin was active inMoscow'sBittsa Park, where a number of the victims' bodies were found. On 29 October 2007, he was sentenced tol",Alexander Pichushkin,The Bittsa Park Maniac The Chessboard Killer,60,"Russian media have speculated that Pichushkin was motivated, in part, by a macabre competition with another notorious Russian serial killer, Andrei Chikatilo , who was convicted of killing fifty-two children and young women over a twelve-year period. [ 7 ] Pichushkin has said his aim was to kill sixty-four people — the number of squares on a chessboard. [ 8 ] He later recanted this statement, saying that he would have continued killing indefinitely had he not been stopped. [ 9 ] Another report s",27 July 1992; 17 May 2001 – 13 June 2006,14.0,Russia,,,9 April 1974,"age 52) Mytishchi , Moscow Oblast , Russian SFSR , USSR",,,,,,"Weapon(s): Hammer , crowbar , picket fence , pen gun , rope , vodka bottle",Categories; 1974 births; 20th-century Russian murderers; 21st-century Russian murderers; Living people; People convicted of murder by Russia; People from Mytishchi; People with antisocial personality disorder; Prisoners sentenced to life imprisonment by Russia; Russian people convicted of murder; Russian prisoners sentenced to life imprisonment; Russian serial killers; Violence against homeless people; Male murderers,2026-09-27 09:47:40
Ahmad Suradji,42.0,,,High (30+),Indonesia,1986,1997,Unknown,True,False,False,https://en.wikipedia.org/wiki/Ahmad_Suradji,"Ahmad Suradji(10 January 1949 – 10 July 2008), also known asDukun AS,Nasib Klewang, andDatuk Maringgi, was an Indonesianserial killerwho admitted to murdering 42 girls and women between 1986 and 1997. Suradji's victims, ranging in age between 11 and 30, werestrangledafter being buried in the ground up to their waists as part of aritual.He buried his victims in asugarcaneplantation near his home with their heads facing his house, which he believed would give him extra power. Ahmad Suradji lived i",Ahmad Suradji,Dukun AS Nasib Kelewang Datuk Maringgi The Sorcerer The Black Magic Killer,42,"On 24 April 1997, 21-year-old Sri Kemala Dewi asked a 15-year-old rickshaw puller named Andreas to take her to ""Datuk"". She informed him to keep it a secret and never requested to be picked up. [ 2 ] Three days later, Dewi's naked and decomposing body was found in a sugarcane field by a man and was later dug up by a group of people who then called the police. [ 2 ] Andreas reported to the police and Dewi's family that he had dropped her off at Suradji's house three days earlier, and so police vi",1986–1997,11.0,Indonesia,,,10 January 1949,"Pasar Rongkat, North Sumatra , Indonesia",2008-07-10,"0) (aged 59) Deli Serdang , North Sumatra, Indonesia [ 1 ]",,,,,Categories; 1949 births; 2008 deaths; 21st-century executions by Indonesia; Crimes involving Satanism or the occult; Executed Indonesian serial killers; Indonesian murderers of children; Indonesian people convicted of murder; People convicted of murder by Indonesia; People executed by Indonesia by firing squad; People from Medan; Violence against women in Indonesia,2026-09-27 09:47:41
Raman Raghav,41.0,,,High (30+),India,1965,1968,Unknown,True,False,False,https://en.wikipedia.org/wiki/Raman_Raghav,"Raman Raghav, also known as Sindhi Talwai, Anna, Thambi, and Veluswami, was aserial killeractive during the mid-1960s.Raghav went on akilling spreefor over three years, with the first round ofmurderstaking place in 1965 and 1966 when 19 people were attacked, and a second round of killings taking place in 1968. He was caught byMaharashtra Policeon 27 August. Raghav was spared a death sentence due to mental illness, and was subsequently sentenced to life imprisonment; he died in hospital while in ",Raman Raghav,The Ripper Sindhi Dalwai Talwai Anna Thambi Veluswami Psycho Raman [ 1 ],41,,1965–1968,3.0,India,,,,,7 April 1995,"aged 65–66) Yerawada Central Jail , Maharashtra, India",,Deceased,Deceased,,Categories; 1929 births; 1995 deaths; Deaths from kidney failure in India; Indian people convicted of murder; 20th-century Indian murderers; Indian people who died in prison custody; Indian prisoners sentenced to life imprisonment; Indian serial killers; People convicted of murder by India; Prisoners sentenced to life imprisonment by India; Prisoners who died in Indian detention; Serial killers who died in prison custody; Criminals from Tamil Nadu; Prisoners and detainees of Maharashtra; Criminals from Maharashtra; People from Tirunelveli; People with schizophrenia; Male murderers,2026-09-27 09:47:43
Moses Sithole,38.0,76.0,,High (30+),South Africa,1994,1995,Unknown,True,False,False,https://en.wikipedia.org/wiki/Moses_Sithole,"Moses Sithole(born 17 November 1964) is a South Africanserial killerandrapistwho committed theABC Murders in South Africa.It is believed that he is so named because they began inAtteridgeville, continued inBoksburgand finished inCleveland, asuburbofJohannesburg. However, many other sources state the cities were not in that order, rather beginning in Cleveland, continuing in Boksburg, and finishing in Atteridgeville. This has neither been confirmed nor denied. Sithole murdered at least 37 women a",Moses Sithole,The ABC Killer The South African Strangler The Gauteng Killer,76,"Sithole appeared to be a mild-mannered individual to those around him. At the time of his crimes , he was managing a shell organisation , Youth Against Human Abuse, ostensibly devoted to the eradication of child abuse . After committing murders in Atteridgeville , near Pretoria , Sithole moved his focus to Boksburg and eventually to Cleveland . By 1995, he had claimed over thirty victims, sparking nationwide panic. In some cases, he would later phone the victims' families for no other apparent r",1994–1995,1.0,South Africa,,,17 November 1964,"age 61) Vosloorus , Gauteng , South Africa",,,,,,,Categories; 1964 births; Living people; People convicted of murder by South Africa; People from Vosloorus; People with HIV/AIDS; Cannibals; South African murderers of children; South African people convicted of murder; South African people convicted of rape; South African serial killers; Violence against women in South Africa,2026-09-27 09:47:45
Serhiy Tkach,37.0,100.0,,High (30+),Soviet Union Ukraine,1980,2005,Unknown,True,False,True,https://en.wikipedia.org/wiki/Serhiy_Tkach,"Serhiy Fedorovych Tkach(Ukrainian:Сергій Федорович Ткач,Russian:Серге́й Фёдорович Ткач; 15 September 1952 – 4 November 2018), also known asSergey Tkach, was a Russian-born Ukrainian police officer andserial killerwho was convicted for the killings of thirty-seven women and girls in theSoviet Unionand later Ukraine between 1980 and 2005. Serhiy Tkach was born on 15 September 1952, inKiselyovsk,Kemerovo Oblast,Russian SFSR,Soviet Union. He served in theSoviet Army, and according to neighbours clai",Serhiy Tkach,Pavlohrad Maniac [ 1 ] Polohy Maniac [ 3 ],100,"In 1984, schoolgirls and young women began to noticeably disappear across Dnipropetrovsk Oblast, Kharkiv Oblast , Zaporizhzhia Oblast and Crimea in eastern Ukraine, near where Tkach lived and worked. He targeted female victims, aged between 8 and 18, who were raped , suffocated , and sexually defiled after their deaths . [ 3 ] Tkach used his knowledge of criminal investigation procedure to mislead other policemen investigating his killings, such as choosing victims near railway lines recently tr",1980–2005,25.0,Soviet Union Ukraine,,,15 September 1952,"[ 1 ] Kiselyovsk , Kemerovo Oblast , Russian SFSR , Soviet Union [ 2 ]",2018-11-04,"4) (aged 66) Prison No. 8, Zhytomyr , Zhytomyr Oblast , Ukraine",,,,,Categories; 1952 births; 2018 deaths; Ukrainian murderers of children; Russian police officers convicted of murder; Ukrainian prisoners sentenced to life imprisonment; Ukrainian serial killers; Necrophiles; People convicted of murder by Ukraine; Prisoners sentenced to life imprisonment by Ukraine; Prisoners who died in Ukrainian detention; Serial killers who died in prison custody; Serial killers who worked in law enforcement; Soviet murderers of children; Soviet rapists; Soviet serial killers; Ukrainian rapists; Violence against women in Ukraine,2026-09-27 09:47:47
Gennady Mikhasevich,36.0,43.0,55.0,High (30+),Soviet Union,1971,1985,Unknown,True,False,False,https://en.wikipedia.org/wiki/Gennady_Mikhasevich,"Gennady Modestovich Mikhasevich(Belarusian:Генадзь Мадэставіч Міхасевіч; 7 April 1947 – 25 September 1987) was aSovietserial killerandserial rapistknown as the ""Vitebsk Strangler"" (Віцебскі душыцель), who murdered a minimum of 36women inVitebsk,Polotskand the surrounding regions in theByelorussian SSRbetween 1971 and 1985. Gennady Mikhasevich was born in the village of Ist (Vitebsk Oblast) in 1947.In outward appearance, Mikhasevich was a good family man, ateetotallerwith two children and was a c",Gennady Mikhasevich,Vitebsk Strangler,55,"On the night of 14 May 1971, he was on his way from Vitebsk to Polotsk . It was late so he could not catch a bus to Polotsk where his parents lived. Mikhasevich reported that he was feeling despondent because of the breakup with his girlfriend, and had prepared a loop to hang himself . By chance, however, he encountered a young woman on the road and, in order to vent his anger, decided to kill her. He murdered again in October 1971, and strangled two other women in 1972, near Vitebsk. Mikhasevic",May 1971 – December 1985,14.0,Soviet Union,,,7 April 1947,"Ist, Vitebsk Oblast , Byelorussian SSR",25 September 1987,"aged 40) Pishchalauski Castle , Minsk , Byelorussian SSR",,,,,Categories; 1947 births; 1987 deaths; Belarusian people executed by the Soviet Union; Communist Party of the Soviet Union members; Executed Belarusian serial killers; Executed Soviet people from Belarus; Executed Soviet serial killers; People convicted of murder by the Soviet Union; People executed by the Soviet Union by firearm; Soviet people convicted of murder; Soviet rapists; Violence against women in Belarus; People with antisocial personality disorder,2026-09-27 09:47:49
Hadj Mohammed Mesfewi,36.0,,,High (30+),Morocco,,,Unknown,True,False,False,https://en.wikipedia.org/wiki/Hadj_Mohammed_Mesfewi,"Hadj Mohammed Mesfewi(died June 13, 1906), called the ""MarrakeshArch-Killer"", was aMoroccanserial killerwho murdered at least 36 women. Mesfewi worked as ashoemakerand trader in Marrakesh. Assisted by a 70-year-old woman named Annah, Mesfewi killed young women who came to his shop to dictate letters. He drugged his victims before decapitating them with a dagger. Moroccan authorities found the remains of 20 mutilated bodies in a deep pit under his shop, while another 16 were discovered in the gar",Hadj Mohammed Mesfewi,The Marrakesh Arch-Killer,36,"Mesfewi worked as a shoemaker and trader in Marrakesh. Assisted by a 70-year-old woman named Annah, Mesfewi killed young women who came to his shop to dictate letters. He drugged his victims before decapitating them with a dagger. Moroccan authorities found the remains of 20 mutilated bodies in a deep pit under his shop, while another 16 were discovered in the garden outside. [ 1 ] He was caught after the parents of one young victim traced her movements back to his shop. Annah died under torture",,,Morocco,,,,,"June 13, 1906","aged 30s–50s) Marrakesh, Morocco",,,,,Categories; 1800s births; 1906 deaths; 1900s murders in Morocco; Executed Moroccan serial killers; 20th-century Moroccan criminals; Moroccan people convicted of murder; People executed by Morocco; Violence against women in Morocco; People convicted of murder by Morocco; People executed by immurement; 20th-century executions by Morocco; Executed Moroccan people,2026-09-27 09:47:51
Vera Renczi,,,,Very Low (<5),Romania Yugoslavia Hungary (alleged),1920,1930,Female,True,False,False,https://en.wikipedia.org/wiki/Vera_Renczi,"Vera Renczi(dubbedthe Black Widow,Ms. PoisonorChatelaine of Berkerekul),was aRomanianserial killerwho was charged with poisoning 35 individuals including her two husbands, multiple lovers, and her son witharsenicduring the 1920s. JournalistOtto Tolischuspublished the earliest known related article in the United States in May 1925 based on letters from the readers without naming any reference.Renczi's story has surfaced repeatedly, but without traceable details such as specific dates of her birth",Vera Renczi,The Black Widow,0,"Shortly after allegedly hearing the news of her first husband's ""automobile accident"", Renczi remarried [ citation needed ] , this time to a man nearer her own age [ citation needed ] . However, the relationship was a tumultuous one and Renczi was again plagued by the suspicion that her new husband was involved in extramarital affairs [ citation needed ] . After only months of marriage, the man vanished [ citation needed ] and Renczi then told friends and family that he had abandoned her. [ 15 ]",1920–1930,10.0,Romania Yugoslavia Hungary (alleged),,,,,,,Housewife,,Life imprisonment,Weapon(s): Arsenic,Categories; 1903 births; 1960 deaths; Perpetrators of filicide; Hungarian people convicted of murder; Hungarian people who died in prison custody; Hungarian prisoners sentenced to life imprisonment; Perpetrators of mariticide; 20th-century murderers; People convicted of murder by Romania; People from Bucharest; People with schizophrenia; European people whose existence is disputed; Poisoners; Prisoners sentenced to life imprisonment by Romania; Prisoners who died in Romanian detention; Romanian female murderers; Romanian people convicted of murder; Romanian people of Hungarian descent; Romanian people who died in prison custody; Romanian prisoners sentenced to life imprisonment; Female necrophiles; Necrophiles; Romanian serial killers; Serial killers who died in prison custody; Violence against men in Europe; Female serial killers,2026-09-27 09:47:53
Fernando Hernández Leyva,33.0,137.0,,High (30+),Mexico,1982,1999,Unknown,True,False,False,https://en.wikipedia.org/wiki/Fernando_Hernández_Leyva,"Fernando Hernández Leyva(born 30 November 1964) is a Mexicanserial killer. He was convicted in 1986 of 33 counts of murder committed in 5 different states of the Mexican union,but he confessed to killing around 100. Hernández Leyva's suspected number of actual murders amounts to 137, which would make him one of the most prolific serial killers in the history of Mexico.He was an organized killer, nomadic, hedonistic and motivated by interest. Not much is known about his childhood, so it is unclea",Fernando Hernández Leyva,Pancho López,137,,1982–1999,17.0,Mexico,,,30 November 1964,"age 61) Cuernavaca , Morelos , Mexico",,,,,,,Categories; 1964 births; Escapees from Mexican detention; Living people; Mexican escapees; Mexican serial killers; People from Cuernavaca; People with antisocial personality disorder,2026-09-27 09:47:55
Toregeldy Zharambaev,33.0,50.0,,High (30+),Soviet Union,1990,1992,Unknown,True,False,False,https://en.wikipedia.org/wiki/Toregeldy_Zharambaev,"Toregeldy Shukurullayevich Zharambaev(Kazakh:Төрекелді Шөкіроллаұлы Жарамбаев,romanized:Törekeldı Şökırollaūly Jarambaev;Russian:Торегельды Шукуруллаевич Жарамбаев; 1964–1993), known asThe Shymkent Chikatilo(Russian:Шымкентский Чикатило), was a Soviet–Kazakhserial killerand rapist who raped and murdered at least 33 children, teenagers, and adults of both sexes in and aroundShymkentbetween 1990 and 1992. His crimes were noted for their extreme cruelty and lack of a definitive victim profile. Caug",Toregeldy Zharambaev,The Shymkent Chikatilo,50,"Zharambaev's first confirmed murder occurred in February 1990. While drinking at a local canteen, he started a conversation with Kenes Zhakauov, a junior sergeant of the Soviet Army who was waiting to catch a train to his hometown of Kyzylorda . [ 1 ] That same evening, Zharambaev persuaded his new friend to accompany him into town so he could buy Zhakauov a couple more bottles of vodka . Once they were approximately one kilometer away from the station along the railroad tracks, Zharambaev attac",1990–1992,2.0,Soviet Union; later Kazakhstan,,,,,,"SIZO-1, Shymkent, Kazakhstan",,,,"By the late 1980s, Zharambaev's aggressive outbursts worsened, and by the onset of 1990, he would turn to murder. In total, between 1990 and 1992, he was officially linked to at least 33 murders in and around Shymkent, all of which followed a particular modus operandi . When he found a suitable victim, Zharambaev would strike them on the head from behind with a heavy object, and would then beat or stab them to death. After killing the victim, he would then mutilate the remains, insert various objects into their orifices and even masturbate on them. Unlike a majority of other serial killers, Zharambaev had no particular victim type – he killed victims of both sexes, regardless of age, nationality, sexual orientation, or other factors. [ 1 ]",Categories; 1964 births; 1993 deaths; 20th-century murderers; Soviet serial killers; Kazakhstani serial killers; Soviet murderers of children; Soviet rapists; Kazakhstani rapists; Executed Soviet serial killers; People executed for murder; People executed by Kazakhstan by firearm; People with bipolar disorder; People with schizophrenia; Violence against women in Kazakhstan; Incidents of violence against boys; Incidents of violence against girls; People from Shymkent; Violence against men in Asia; Male murderers,2026-09-27 09:47:58
John Wayne Gacy,33.0,,,High (30+),United States,1972,1978,Unknown,True,False,False,https://en.wikipedia.org/wiki/John_Wayne_Gacy,"John Wayne Gacy(March 17, 1942– May 10, 1994) was an Americanserial killerandsex offenderwho raped, tortured and murdered at least thirty-three young men and boys between 1972 and 1978 inNorwood Park Township, a suburb ofChicago, Illinois. He became known as the ""Killer Clown"" due to his public performances as a clown prior to the discovery of his crimes. Gacy committed all of his known murders inside hisranch-style house. Typically, he would lure a victim to his home and dupe them into donning ",John Wayne Gacy,The Killer Clown,33,"Gacy murdered at least thirty-three young men and boys, twenty-six of whom he buried in the crawl space of his house. [ 74 ] His victims included people he knew and strangers lured from Chicago's Greyhound Bus station, Bughouse Square , or off the streets with the promise of a job with PDM, an offer of alcohol, drugs, or money for sex. Some victims were grabbed by force; others were conned into believing Gacy (who often carried a sheriff's badge and had red spotlights on his black Oldsmobile ) w",1972–1978,6.0,United States,,,"March 17, 1942","Chicago , Illinois, U.S.",1994-05-10,"0) (aged 52) Stateville Correctional Center , Illinois, U.S.",,Executed by lethal injection,Executed by lethal injection,,"Categories; 1942 births; 1994 deaths; 1970s murders in the United States; 20th-century American male painters; 20th-century American murderers; 20th-century American painters; 20th-century executions by Illinois; 20th-century executions of American people; American bisexual artists; American bisexual men; American clowns; American male criminals; American murderers of children; American rapists; American people convicted of child sexual abuse; American people convicted of sexual assault; American people convicted of sodomy; American people of Danish descent; American people of Polish descent; American Roman Catholics; Bisexual Christians; Catholics from Illinois; Catholics from Iowa; Crimes adapted into films; Criminals from Iowa; Executed American serial killers; Executed people from Illinois; Illinois Democrats; Incidents of violence against boys in the United States; Incidents of violence against men; Iowa Democrats; John Wayne Gacy; LGBTQ history in Chicago; Necrophiles; Painters from Chicago; People convicted of murder by Illinois; People executed by Illinois by lethal injection; People from Waterloo, Iowa; People with antisocial personality disorder; Politicians convicted of sex offences; Rape of males in the United States; Serial killers from Chicago; Violence against men in North America; Violence against men in the United States",2026-09-27 09:48:00
Ali Asghar Borujerdi,33.0,,,High (30+),Iran,,,Unknown,True,False,False,https://en.wikipedia.org/wiki/Asghar_the_Murderer,"Ali Asghar Borujerdi(Persian:علی‌اصغر بروجردی; 1893–6 July 1934), better known asAsghar the Murderer(اصغر قاتل,Asghar-e Ghatel) was the first Iranianserial killerandrapistreported in the 20th century. Asghar was born in Iran and moved toOttoman Iraqas a child with his family. He began assaulting, raping, and later murdering, adolescent boys inBaghdadwhen he was fourteen years old. Escaping back to Iran in 1933, he continued his murders for a year until he was arrested and executed. Asghar was co",Asghar the Murderer,Asghar-e Qatil (Asghar the Murderer),33,"Asghar sold snacks to other children and adolescents, and made friends with them. He would promise to give them treats but instead, would assault and sexually molest them. It was during this time, when Asghar was age 14, that he was first arrested and prosecuted for his abuse of other children in Baghdad, and was imprisoned. Due to his young age, he was not considered a serious risk, was treated leniently and released with the consent of his victims' parents. He then returned to selling nuts and",,,Iran; Iraq,,,,,1934-07-06,"6) (aged 40–41) Toopkhaneh , Tehran , Pahlavi Iran",,,,,Categories; 1893 births; 1934 deaths; Child sexual abuse in Iraq; Executed Iranian serial killers; 20th-century murderers; Iranian murderers of children; Iranian people convicted of child sexual abuse; Iranian rapists; Male juvenile murderers; Juvenile serial killers; Juvenile murderers; People convicted of murder by Iran; People executed by Iran by hanging; People executed by Pahlavi Iran; 20th-century Iranian LGBTQ people; Rape of males; Violence against men in Iraq; Violence against men in Iran,2026-09-27 09:48:02
Vasili Komaroff,33.0,,,High (30+),Soviet Union,1921,1923,Unknown,True,False,False,https://en.wikipedia.org/wiki/Vasili_Komaroff,"Vasili Ivanovich Komaroff(bornVasili Terentevich Petrov; Russian:Василий Терентьевич Петров; 1 January 1871 – 18 June 1923) was aRussianserial killer, convicted for the killing of 33 people inMoscowbetween 1921 and 1923. One of the earliest known serial killers in theSoviet Union, Komaroff was ahorse traderwho murdered at least 33 customers in thestablenext to his home, and was executed on 18 June 1923. Vasili Terentevich Petrov, in 1871, was born to a large poor family inVitebsk Governorate,Rus",Vasili Komaroff,The Wolf of Moscow The Shabolovka Street Killer,33,"In February 1921, when Vladimir Lenin declared the New Economic Policy which allowed private enterprise , Vasili Komaroff began to commit his first murders. All killings followed a single formula: Komaroff became acquainted with a client who wanted to buy a horse , where he brought them to his home and served them vodka . The victim would be killed with a hammer or sometimes have their throat slit, afterwards the corpse was placed into a bag and then either hidden around the house, buried underg",1921–1923,2.0,Soviet Union,,,1 January 1871,"Vitebsk Governorate , Russian Empire",18 June 1923,"aged 52) Moscow , Russian SFSR , Soviet Union",,Executed,Executed,,Categories; 1871 births; 1923 deaths; Executed Soviet serial killers; People convicted of murder by the Soviet Union; Soviet people convicted of murder; 19th-century businesspeople from the Russian Empire; People with antisocial personality disorder; Violence against men in Russia; People executed by the Soviet Union by firing squad,2026-09-27 09:48:05
Ramadan Abdel Rehim Mansour,32.0,,,High (30+),Egypt,2004,2006,Unknown,False,False,False,https://en.wikipedia.org/wiki/Ramadan_Abdel_Rehim_Mansour,"Ramadan Abdel Rehim Mansour(Arabic:رمضان عبدالرحيم منصور;c.1980–December 16, 2010), also known asal-Tourbini(التوربيني;lit.'express train'), was an Egyptian street gang leader andserial killer, who over the course of 7 years raped and murdered at least 32 children and youths, operating in several cities throughout Egypt includingAlexandria,Beni Sueif,Cairo, and Qalyoubeya.All of his victims were aged 10 to 14years, most of them boys.Mansour was arrested in 2006 (along with his six accomplices) a",Ramadan Abdel Rehim Mansour,Al-Tourbini ( التوربيني ),32,"Mansour left his home in Tanta , a town north of Cairo, and joined a street gang at an early age. Gang leaders taught him skills of survival, allegedly cutting him with razors whenever he made a mistake. [ 4 ] According to his confession, Mansour soon learned how to get back at those who crossed him: raping them, and murdering anyone who threatened to go to the police afterwards. [ 4 ] One of Mansour's victims, a 12-year-old boy named Ahmed Nagui, had been a member of Mansour's gang. When Mansou",2004–2006,2.0,Egypt,,,1980,"980 Tanta , Gharbia , Egypt","December 16, 2010","aged 30) Burj Al Arab Prison, Egypt",Street gang leader,Executed,Executed,,Categories; 1980 births; 2006 murders in Egypt; 2010 deaths; 21st-century executions by Egypt; Egyptian people convicted of murder; Egyptian murderers of children; Egyptian rapists; Executed Egyptian serial killers; 21st-century Egyptian criminals; Gang members; People executed by Egypt by hanging; People from Tanta; Violence against men in Africa; Rape of males,2026-09-27 09:48:07
Radik Tagirov,31.0,,,High (30+),Russia,2011,2012,Unknown,True,False,False,https://en.wikipedia.org/wiki/Radik_Tagirov,"Radik Tagirovich Tagirov(Russian:Радик Тагирович Тагиров,Tatar:Радик Таһир улы Таһиров; born May 1982), dubbed theVolga Maniac, is a Russianserial killerwho murdered 31 elderly women in and around the republic ofTatarstanbetween 2011 and 2012. In March 2024, he was sentenced to life in prison. Radik Tagirov was born in theTatar Autonomous Soviet Socialist Republic, which later became theRussian republicknown asTatarstanafter the collapse of theSoviet Union. After reaching adulthood, Tagirov purs",Radik Tagirov,The Volga Maniac,31,"From March 2011 to September 2012, a series of similar murders of elderly women occurred in the Volga and Ural federal districts. All victims were single women aged 75 to 90 years old, each living in a khrushchevka . According to investigators, Tagirov entered the apartments while pretending to be an employee of a utility company [ 2 ] or the social service . All victims were strangled with improvised items (for example, a bathroom robe belt) or his own hands. After the murders, Tagirov would st",2011–2012,1.0,Russia,,,,"Kazan , Tatar Autonomous Soviet Socialist Republic , Soviet Union",,,,,,,Categories; 1982 births; 21st-century Russian murderers; Living people; Male murderers; People convicted of murder by Russia; Prisoners sentenced to life imprisonment by Russia; Russian male criminals; Russian prisoners sentenced to life imprisonment; Russian serial killers; Senicide; Violence against women in Russia,2026-09-27 09:48:09
Carl Eugene Watts,15.0,100.0,,High (30+),United States,1974,1982,Unknown,True,False,False,https://en.wikipedia.org/wiki/Carl_Eugene_Watts,"Carl Eugene Watts(November 7, 1953– September 21, 2007), dubbed theSunday Morning Slasher,was an Americanserial killerwho murdered numerous women and girls between 1974 and 1982.Watts is suspected of being the most prolific serial killer in United States history.He died ofprostate cancerwhile serving two sentences oflife imprisonmentwithout parole in aMichiganprison for the murders of Helen Dutcher and Gloria Steele. Watts officially confessed to the murders of thirteen women but later claimed h",Carl Eugene Watts,The Sunday Morning Slasher Coral,100,"Watts' first confirmed murders took place in 1974, by kidnapping his victims from their homes, torturing them and then murdering them. He attacked in several different jurisdictions and even different states. Most of his victims were thin, attractive white women, and he used methods such as strangulation , stabbing , bludgeoning and drowning . His victims ranged between the ages of 14 and 44. Watts murdered dozens of women between 1974 and 1982, and despite the scale of his killings, he was not ",1974–1982,8.0,United States,,,"November 7, 1953","Killeen, Texas , U.S.",2007-09-21,"1) (aged 53) Jackson, Michigan , U.S.",,,,,"Categories; 1953 births; 2007 deaths; 20th-century American murderers; 20th-century African-American people; American male criminals; American murderers of children; American people convicted of murder; American people convicted of burglary; American people who died in prison custody; American prisoners sentenced to life imprisonment; American rapists; Deaths from prostate cancer in Michigan; Lane Dragons football players; People convicted of murder by Michigan; People from Inkster, Michigan; People from Killeen, Texas; People with antisocial personality disorder; Prisoners and detainees of Texas; Prisoners sentenced to life imprisonment by Michigan; Prisoners who died in Michigan detention; Serial killers from Detroit; Serial killers from Texas; Serial killers who died in prison custody; Violence against women in Michigan; Violence against women in Texas; Women in Detroit",2026-09-27 09:48:11
Belle Gunness,14.0,,,Low (5-14),,1908,,Female,True,False,False,https://en.wikipedia.org/wiki/Belle_Gunness,"Belle Gunness(bornBrynhild Paulsdatter Størseth; November 11, 1859– possibly April 28, 1908), nicknamedHell's Belle,was aNorwegian-Americanserial killerwho was active inIllinoisandIndianabetween 1884 and 1908.Gunness is thought to have killed at least fourteen people (most of whom were men she enticed to visit her rural Indiana property throughpersonal advertisements), while some sources speculate her involvement in as many as forty murders, making her one of the most prolific female serial kill",Belle Gunness,,14,,1884–1908,,,,,"November 11, 1859","Selbu , Søndre Trondhjem , Norway",1908-04-28,"8) (aged 48) (unverified) La Porte , Indiana , U.S.",,,,,Categories; 1859 births; 19th-century American women; 19th-century American murderers; 19th-century Norwegian criminals; 19th-century Norwegian women; 20th-century American murderers; 20th-century American women; 20th-century Norwegian criminals; 20th-century Norwegian women; 20th-century Norwegian people; American female serial killers; American murderers of children; Female murderers of children; Crimes in Indiana; Child filicides in the United States; Norwegian emigrants to the United States; Norwegian female criminals; Norwegian serial killers; Norwegian murderers of children; People from Selbu Municipality; Perpetrators of filicide; Serial killers from Illinois; Serial killers from Indiana,2026-09-27 09:48:13
Philipp Tyurin,14.0,29.0,,Medium (15-29),Soviet Union,1945,1946,Unknown,True,False,False,https://en.wikipedia.org/wiki/Philipp_Tyurin,"Philipp Petrovich Tyurin(Russian:Фили́пп Петро́вич Тю́рин; 1910 – 1947), known asThe Leningrad Maniac(Russian:Ленинградский маньяк) andThe Hellraiser(Russian:Восставший из ада), was aSovietserial killerwho operated between 1945 and 1946 in Leningrad. According to investigators, during this period Tyurin murdered 14 people, but he himself confessed to a total of 29 murders. Tyurin, a veteran of theGreat Patriotic War, who was seriously wounded after enrolling in the ranks of thearmed forces, and ",Philipp Tyurin,The Leningrad Maniac; The Hellraiser; Philipp the Bloody,29,,1945–1946,1.0,Soviet Union,,,,,,"Leningrad , RSFSR",,,,,Categories; 1910 births; 1947 deaths; Executed Soviet people from Russia; Executed Soviet serial killers; People executed by the Soviet Union by firearm; Soviet people convicted of murder,2026-09-27 09:48:16
Zdzisław Marchwicki,14.0,,,Low (5-14),Poland,1964,1970,Unknown,True,False,False,https://en.wikipedia.org/wiki/Zdzisław_Marchwicki,"Zdzisław Marchwicki(18 October 1927 – 26 April 1977),known asThe Zagłębie Vampire(Polish:Wampir z Zagłębia), was an allegedPolishserial killerwho, together with several accomplices, was convicted of killing 14 women and attacking 7 others around the country from 1964 to 1970. For this, Marchwicki was executed in 1977, but since then his guilt has been questioned. Zdzisław Marchwicki was born on 18 October 1927, in a dysfunctional family fromDąbrowa Górnicza.His father had married five times and ",Zdzisław Marchwicki,The Zagłębie Vampire,14,"From 1964, a series of atrocious crimes took place on the territories of the Dąbrowa Basin and Upper Silesia , continuing (with short interruptions) until 1970. In total, 19 women were attacked, 14 of which were fatal. [ 5 ] The Vampire's modus operandi consisted of stalking the chosen victim, running up and hitting them in the back of the head with a blunt object, then beating the victim until she died. In some cases, he had sexually abused the corpses, but never raped them, as no trace of his ",1964–1970,6.0,Poland,,,18 October 1927,"Dąbrowa Górnicza , Poland",1977-04-26,"6) (aged 49) Katowice , Poland",,,,,Categories; 1927 births; 1977 deaths; 20th-century Polish murderers; Executed people from Silesian Voivodeship; Executed Polish serial killers; Necrophiles; People convicted of murder by Poland; People executed by the Polish People's Republic by hanging; People from Dąbrowa Górnicza; Polish murderers of children; Polish people convicted of murder; Male murderers,2026-09-27 09:48:18
Julio Pérez Silva,14.0,19.0,,Medium (15-29),Chile,1998,2001,Unknown,True,False,False,https://en.wikipedia.org/wiki/Julio_Pérez_Silva,"Julio Segundo Pérez Silva(born July 15, 1963) is a Chilean taxi driver andserial killerwho raped and killed at least 14 women and girls between 1998 and 2001.Popularly known as ""The Psychopath of Alto Hospicio"", his crimes took place in theTarapacá Region, specifically in the city ofIquiqueand in the town ofAlto Hospicio, hence his nickname. Hismodus operandiwas always the same. Working as a taxi driver, he intercepted girls and young women with offers of free rides, then would take them somewhe",Julio Pérez Silva,The Psychopath of Alto Hospicio,19,"On September 15, 1998, he picked up 17-year-old Graciela Montserrat Saravia on the waterfront of Iquique. According to his confession, she offered him money in exchange for sex. However, the young woman's real intention was to steal from him. When he noticed this, he beat her to death and left her on a beach. On November 24, 1999, while driving in Alto Hospicio, he offered 13-year-old Macarena Sánchez a ride to her school. After threatening her with a knife and raping her, he tied her hands and ",1998–2001,3.0,Chile,,,"July 15, 1963","age 63) Puchuncaví , Valparaíso , Chile",,,,,,,Categories; 1963 births; 1998 murders in Chile; 1999 murders in Chile; 2000 murders in Chile; 2001 murders in Chile; 1990s murders in Chile; 2000s murders in Chile; 20th-century murderers; 21st-century murderers; Chilean people convicted of murder; Chilean prisoners sentenced to life imprisonment; Chilean serial killers; Living people; People convicted of murder by Chile; People from Valparaíso Province; Violence against women in Chile; Male murderers,2026-09-27 09:48:21
Monster of Florence,16.0,,,Medium (15-29),Italy,1968,1985,Unknown,True,False,False,https://en.wikipedia.org/wiki/Monster_of_Florence,"TheMonster of Florence(Italian:il Mostro di Firenze) is the name coined by the Italian press for aserial killeractive within the formerprovince of Florence(now theMetropolitan City of Florence) between 1968 and 1985. The Monster murdered sixteen victims, usually young couples secluded in search of privacy, in wooded areas duringnew moons. Although none of the murders were committed in thecity of Florence proper, the name of the killer, initially referred to as theManiac of Couples(Italian:il man",Monster of Florence,Il maniaco delle coppiette (The Maniac of Couples); il Mostro (The Monster),16,,21 August 1968 – 8 September 1985,17.0,Italy,,,,,,,,,,,Categories; 20th-century Italian murderers; 20th century in Tuscany; 20th century in Florence; Crime in Tuscany; Fugitives wanted by Italy; Italian serial killers; Unidentified serial killers; Overturned convictions in Italy,2026-09-27 09:48:24
Joachim Kroll,8.0,14.0,,Low (5-14),West Germany,,,Unknown,True,False,False,https://en.wikipedia.org/wiki/Joachim_Kroll,"Joachim Georg Kroll(17 April 1933 – 1 July 1991) was a Germanserial killer,child molester,necrophileandcannibalwho murdered a minimum of eight women and young girls in theRuhr metropolitan regionfrom 1955 until his arrest on 3 July 1976.He was convicted of eight murders and one attempted murder but confessed to a total of 14. He was sentenced tolife imprisonmenton 8 April 1982. Born on 17 April 1933as the son of a miner inHindenburg (Zabrze),Upper Silesia, Kroll was the sixth of nine children. A",Joachim Kroll,Ruhr Cannibal; Duisburg Man-Eater,14,"He began killing in 1955 after his mother died. Around 1960, Kroll went to Duisburg and found work as a toilet attendant for Mannesmann . Afterwards, he worked for Thyssen Industries and moved to Friesenstrasse 24, Laar, a district of Duisburg. At that time he resumed killing people. 8 February 1955 – Irmgard Strehl, 19, raped and stabbed to death. Her disembowelled body was found in a barn in Lüdinghausen . 3 March 1956 – Erika Schuletter, 12, raped and strangled in Kirchhellen which is now par",,,West Germany,Ruhr metropolitan region,,17 April 1933,"Hindenburg , Germany",1991-07-01,"1) (aged 58) Rheinbach , Germany",Lavatory attendant,,,"Kroll was very particular about where he killed, only killing in the same place on a few occasions years apart. This, and the fact that there were a number of other killers operating in the area at the time, helped him to evade capture. Kroll would surprise his victims and strangle them quickly. Afterwards, he would strip the body and have intercourse with it, often masturbating over it again. He would then mutilate and cut off pieces to be eaten later. Upon returning home, he would have intercourse again with a rubber sex doll he had for this purpose. [ 4 ]",Categories; 1933 births; 1991 deaths; 20th-century German murderers; Fugitives wanted by Germany; German cannibals; German murderers of children; German people convicted of child sexual abuse; German people convicted of murder; German people who died in prison custody; German prisoners sentenced to life imprisonment; German rapists; German serial killers; Necrophiles; People convicted of murder by Germany; People from the Province of Upper Silesia; People from Zabrze; Prisoners sentenced to life imprisonment by Germany; Prisoners who died in German detention; Serial killers who died in prison custody; Violence against women in Germany; Male murderers,2026-09-27 09:48:26
Arthur Shawcross,14.0,,,Low (5-14),United States,1972,1989,Unknown,True,False,False,https://en.wikipedia.org/wiki/Arthur_Shawcross,"Arthur John Shawcross(June 6, 1945–November 10, 2008), also known as theGenesee River Killer, was an Americanserial killeractive inRochester, New York, between 1972 and 1989. Shawcross's first known murders took place in his hometown ofWatertown, New York, where he killed a young boy and a girl. Under the terms of aplea bargain, he was allowed to plead guilty to one charge ofmanslaughterfor those two 1972 murders, for which he served 14 years of a 25-year sentence. Shawcross killed most of his v",Arthur Shawcross,The Genesee River Killer The Monster of the Rivers The Rochester Strangler,14,"In March 1988, Shawcross began murdering again, primarily targeting sex workers in the Rochester area, before his capture less than two years later. He was convicted of eleven murders, with a twelfth not officially ascribed to him. The victims were: [ 7 ] All the victims were murdered in Monroe County except for Gibson, who was killed in neighboring Wayne County . Retired detective Robert Keppel has argued that the detectives investigating the case over-relied on the concept of modus operandi , ","May 7, 1972 – December 28, 1989",17.0,United States,,,"June 6, 1945","Kittery, Maine , U.S.",2008-11-10,"0) (aged 63) Albany Medical Center, Sullivan Correctional Facility , Fallsburg, New York , U.S.",,,,,"Categories; 1945 births; 2008 deaths; 20th-century American criminals; American cannibals; American male criminals; American murderers of children; American people convicted of manslaughter; American people convicted of murder; American people who died in prison custody; American rapists; Crimes against sex workers in the United States; Criminals from New York (state); Genesee River; Necrophiles; People convicted of murder by New York (state); People from Fallsburg, New York; People from Kittery, Maine; People from Watertown, New York; People with antisocial personality disorder; People with schizoid personality disorder; Prisoners sentenced to life imprisonment by New York (state); Prisoners who died in New York (state) detention; Serial killers from Maine; Serial killers from New York (state); Serial killers who died in prison custody; United States Army personnel of the Vietnam War; United States Army soldiers; Violence against women in New York (state)",2026-09-27 09:48:28
Naceur Damergi,14.0,,,Low (5-14),Tunisia,1987,1988,Unknown,True,False,False,https://en.wikipedia.org/wiki/Naceur_Damergi,"Naceur Damergi(Arabic:الناصر الدامرجي), known asThe Butcher of Nabeulor Mohamed Aziz Ibrahim Jed (Arabic:سفاح نابل; 1944–17 November, 1990), was aTunisianserial killer who kidnapped, raped, and murdered fourteen minors inNabeul, Tunisia, in the 1980s. He was the last person to beexecutedin Tunisia. Damergi, the illegitimate son of a young man from theZaghouancountryside and a prostitute called Houria who was imprisoned for soliciting him, Damergi was born at Hospital Charles Nicolle inTunisdurin",Naceur Damergi,Slaughterer of Nabeul,14,"Damergi's first victim was a child named Muhammad Ali; on 15 June 1987, he offered to pay Ali to help him harvest almond fruits on his farm. As they were climbing the tree, Damergi expressed a desire to rape Ali, who refused and tried to escape. Damergi covered his mouth with one hand to prevent him from screaming and pressed his other hand on his neck until he died; believing Ali had fainted, Damergi put him to bed for six hours, eventually burying him on the farm when he realized he had died. ",1987–1988,1.0,Tunisia,,,,,1990-11-17,"7) (aged 45–46) Nador Prison, Tunis, Tunisia",,,,,Categories; 1944 births; 1990 deaths; Executed Tunisian serial killers; People executed by Tunisia by hanging; People from Tunis; Tunisian murderers of children; 20th-century murderers; 20th-century Tunisian criminals; Male murderers,2026-09-27 09:48:40
Marcelo Costa de Andrade,14.0,,,Low (5-14),Brazil,1991,,Unknown,True,False,False,https://en.wikipedia.org/wiki/Marcelo_Costa_de_Andrade,"Marcelo Costa de Andrade(born January 2, 1967) is a Brazilianserial killerwho murdered 14 boys in the vicinity ofItaboraí, about 30 kilometers fromNiterói,Rio de Janeiro, in 1991. Andrade lived for a part of his childhood inRocinha, a favela in Rio de Janeiro. His mother, a maid, was abused by her husband. He was sent to his grandparents' house inCearáfor some time, where he claimed to have earned a lot of money. After a while, he was sent back to Rio de Janeiro, where he was mistreated by new c",Marcelo Costa de Andrade,The Vampire of Niterói,14,"On December 16, 1991, 10-year-old Altair Medeiros de Abreu left with his brother Ivan to visit the house of a neighbor, who had promised to offer them lunch. At the time, the pre-adolescent lived in the impoverished district of Santa Isabel in São Gonçalo , neighboring the municipality of Niterói. The two were the children of Zélia de Abreu, a maid who had five other children. [ 3 ] When the two boys passed through the central station of Niterói, they were approached by Andrade, who, according t",April – December 1991,,Brazil,,,"January 2, 1967","age 59) Rio de Janeiro , United States of Brazil",,,,,,,Categories; 1967 births; 1991 murders in Brazil; 20th-century Brazilian criminals; Brazilian murderers of children; Brazilian rapists; Brazilian serial killers; Living people; Necrophiles; People acquitted by reason of insanity; People from Rio de Janeiro (city); People with schizophrenia; Vampirism (crime),2026-09-27 09:48:42
Sergey Shipilov,14.0,,,Low (5-14),Russia,1995,1999,Unknown,True,False,False,https://en.wikipedia.org/wiki/Sergey_Shipilov,"Sergey Aleksandrovich Shipilov(Russian:Серге́й Алекса́ндрович Шипи́лов; born 17 May 1959), known asThe Velsk Chikatilo(Russian:Вельский Чикатило), is a Russian rapist andserial killersentenced tolife imprisonmentfor 14 murders and nine rapes. Most of his murders took place in the town ofVelsk. The majority of his victims were women that he raped before killing. Shipilov was born on 17 May 1959, in Arkhangelsk to a simple, working-class family. Shipilov had a sister two years his junior. His moth",Sergey Shipilov,The Velsk Chikatilo; The Velsk Maniac; The Arkhangelsk Chikatilo,14,"The first murder Shipilov committed was in 1995, when he robbed and then killed a woman. However, he did not confess to this crime until 2016. In 1996, a series of rapes and murders began. While Shipilov was driving his truck, he picked up a fellow traveller. He claims that while inebriated, the woman agreed to an intimate relationship. However, Shipilov then killed the woman, stabbing her multiple times. The blade broke during the killing and stuck in the victim's body. Later Shipilov admitted ",1995–1999,4.0,Russia,,,17 May 1959,"age 67) Arkhangelsk , Arkhangelsk Oblast , RSFSR",,,,,,Weapon(s): Cord,Categories; 1959 births; Inmates of Black Dolphin Prison; Living people; People from Arkhangelsk; Russian rapists; Russian serial killers,2026-09-27 09:48:44
Dorángel Vargas,14.0,,,Low (5-14),Venezuela,1995,2016,Unknown,True,False,False,https://en.wikipedia.org/wiki/Dorángel_Vargas,"José Dorángel Vargas Gómez(born May 14, 1957),also known as ""El comegente"" (lit.The people eater),is aserial killerandcannibalinVenezuela. He was ahomelessman who used to hunt people at a park in the city ofSan Cristobal,Táchira. Once he was caught, he confessed to killing and eating at least eleven men over a period of two years preceding his arrest in 1999. Dorángel Vargas was born in 1957 to poor farmers. His priors included three arrests, two of them for minor offenses (theft of chickens and",Dorángel Vargas,El comegente,14,,1995–1999/2016,21.0,Venezuela,,,"May 14, 1957","age 69) Caño Zancudo , Mérida , Venezuela",,,,,,,Categories; 1957 births; 1997 murders in Venezuela; 1998 murders in Venezuela; 1990s murders in Venezuela; 2016 murders in Venezuela; Homeless people; Living people; People convicted of murder by Venezuela; People with schizophrenia; Cannibals; Venezuelan people convicted of murder; Venezuelan serial killers; Venezuelan people with disabilities; Crime biography stubs; Venezuelan people stubs,2026-09-27 09:48:46
Hua Ruizhuo,14.0,,,Low (5-14),China,1998,2001,Unknown,True,False,False,https://en.wikipedia.org/wiki/Hua_Ruizhuo,"Hua Ruizhuo(Chinese:华瑞茁; 1973 – January 31, 2002) was a Chineseserial killerresponsible for the murders of 14 prostitutes inBeijing'sChaoyang Districtbetween 1998 and 2001. He would subsequently beexecutedfor these crimes in 2002. Hua Ruizhuo was born in 1973 inShuangcheng, Heilongjiang, growing up in the province's countryside. In 1993, he moved to Beijing and overtook his retired father's job as the driver of aconcrete mixing transport truck. He was described as a diligent and friendly worker ",Hua Ruizhuo,,14,"Hua Ruizhuo would pick up prostitutes in his company truck near the Yansha bridge, between 1 or 2 o'clock in the morning, and negotiated a price which usually was around 200 yuan . [ 3 ] After they entered his truck, he usually traveled to their homes, where the two would have sex. After that, he would then beat or strangle them, either using his bare hands or anything he could get his hands on, before hitting them on the head with stones or hammers. [ 1 ] After killing his victims, he would the",1998–2001,3.0,China,,,,,2002-01-31,"1) (aged 28–29) Beijing , China",,,,,Categories; 1973 births; 2002 deaths; 20th-century Chinese murderers; Chinese male criminals; Chinese people convicted of murder; Executed Chinese people; Executed Chinese serial killers; 21st-century Chinese murderers; People convicted of murder by China; People executed by China by firearm; People from Harbin; Male murderers,2026-09-27 09:48:48
Denis Pischikov,14.0,17.0,,Medium (15-29),Russia,2002,2003,Unknown,True,False,False,https://en.wikipedia.org/wiki/Denis_Pischikov,"Denis Sergeevich Pischikov(Russian:Дени́с Серге́евич Пи́счиков; born 12 April 1983), known asThe Shivering Creature(Russian:Тварь дрожащая), is a Russian robber andserial killer, who killed 14 elderly people between 2002 and 2003 in theMoscow OblastandVladimir Oblast. Pischikov was born on 12 April 1983, in a loving family in the settlement of Bulanash, Sverdlovsk Oblast, but was born with acongenital disease. His childhood was happy, but after thecollapse of the USSRhis father was left without ",Denis Pischikov,The Shivering Creature; Urals Raskolnikov; [ 1 ],17,,2002–2003,1.0,Russia,,,12 April 1983,"age 43) Bulanash, Sverdlovsk Oblast , RSFSR",,,,,,,Categories; 1983 births; Living people; Inmates of White Swan Prison; Russian people convicted of murder; Russian robbers; Russian serial killers; Senicide,2026-09-27 09:48:50
Abdufatto Zamanov,14.0,,,Low (5-14),Russia,2002,2004,Unknown,True,False,False,https://en.wikipedia.org/wiki/Abdufatto_Zamanov,"Abdufatto Tashpulatovich Zamanov(Russian:Абдуфатто́ Ташпула́тович Зама́нов; born 7 April 1973), known asThe KrasnoyarskChikatilo(Russian:Красноярский Чикатило), is aTajik-bornRussianserial killer. Between June 2002 and November 2004, he killed nine men and five women in Krasnoyarsk and its suburbs on the basis of personal hostility, also raped two girls aged between 12 and 16. Zamanov was born in theTajik SSR, but moved to Krasnoyarsk in 1993. He killed his victims in suburban areas, in public g",Abdufatto Zamanov,The Krasnoyarsk Chikatilo,14,,2002–2004,2.0,Russia,,,7 April 1973,"age 53) Somoniyon , Central District , Tajik SSR",,,,,,,Categories; 1973 births; Living people; People from Krasnoyarsk Krai; Russian mass murderers; Russian people convicted of child sexual abuse; Russian rapists; Russian serial killers; Tajikistani emigrants to Russia; Violence against men in Russia; Violence against women in Russia,2026-09-27 09:48:53
Jeong Nam-gyu,14.0,,,Low (5-14),South Korea,2004,2006,Unknown,True,False,False,https://en.wikipedia.org/wiki/Jeong_Nam-gyu,"Jeong Nam-gyu(Korean:정남규; April 17, 1969 – November 22, 2009) was a South Koreanserial killer, who from 2004 to 2006 killed 14 people. On January 14, 2004, inBucheon,Gyeonggi Province, he kidnapped, raped and then murdered two people. He then continued to murder people in Gyeonggi andSeoul, including the murder of a woman returning home late at night.He murdered mainly in the southern part of Seoul, including Shin-gil, Guro and Gwanak. His reason for killing a male elementary school student afte",Jeong Nam-gyu,,14,"On January 14, 2004, in Bucheon , Gyeonggi Province , he kidnapped, raped and then murdered two people. He then continued to murder people in Gyeonggi and Seoul , including the murder of a woman returning home late at night. [ 1 ] He murdered mainly in the southern part of Seoul, including Shin-gil, Guro and Gwanak. His reason for killing a male elementary school student after sexually assaulting him was that he himself was abused by a man as a child. [ 2 ] On April 26, 2006, he was arrested at ",2004–2006,2.0,South Korea,,,"April 17, 1969","Jangsu County , South Korea",2009-11-22,"2) (aged 40) Seoul Detention Center , South Korea",,,,,Categories; 1969 births; 2009 suicides; 2009 deaths; People from Jangsu County; Serial killers who died by suicide in prison custody; South Korean people convicted of murder; South Korean rapists; South Korean serial killers; Suicides by hanging in South Korea; Male suicides,2026-09-27 09:48:55
Amir Qayyum,14.0,,,Low (5-14),Pakistan,2005,,Unknown,True,False,False,https://en.wikipedia.org/wiki/Amir_Qayyum,"Amir Qayyum(Urdu:عامر قیوم; born 1981) was aPakistaniserial killerwho killed 14 homeless men inLahore,Pakistan. Amir Qayyum was born in 1981 inPakistan. As a child, Qayyum was abandoned by his father and went to live with his uncle, a Dr. Shahid. Qayyum displayed violent tendencies at a young age and was thrown out of school. He was also thrown out of his house by his brothers and sisters after he would beat them up. On 25 September 2003, Shahid and a friend were murdered by unidentified assaila",Amir Qayyum,The Brick Killer,14,,June – July 2005,,Pakistan,,,,Pakistan,,,,,,,Categories; Living people; 1981 births; 21st-century murderers; Criminals from Lahore; Pakistani people convicted of murder; Pakistani prisoners sentenced to death; Pakistani serial killers; People convicted of murder by Pakistan; Prisoners sentenced to death by Pakistan; Violence against homeless people; Violence against men in Pakistan; Male murderers,2026-09-27 09:48:57
Denis Kazungu,14.0,,,Low (5-14),Rwanda,2022,2023,Unknown,True,False,False,https://en.wikipedia.org/wiki/Denis_Kazungu,"Denis Kazunguis a Rwandanserial killerwho murdered 14 people, most of whom were women. At the time of his arrest, he ran a motorcycle spare parts shop. From April 2022 until the day of his arrest, Kazungu rented a house in Gashikiri,in the Kanombe sector ofKicukiro District, where he lured his victims.At least three women were able to escape from the house. Neighbours informed Mutwarasibo, a local leader, but the events were dismissed as mere disputes between Kazungu and sex workers. Kazungu had",Denis Kazungu,,14,"From April 2022 until the day of his arrest, Kazungu rented a house in Gashikiri, [ 1 ] [ 2 ] in the Kanombe sector of Kicukiro District , where he lured his victims. [ 3 ] [ 4 ] At least three women were able to escape from the house. Neighbours informed Mutwarasibo, a local leader, but the events were dismissed as mere disputes between Kazungu and sex workers. [ 4 ] Kazungu had been arrested in July 2023 on suspicion of rape, robbery, theft, and use of threats. However, he was granted bail due",2022–2023,1.0,Rwanda,,,1989,989 (age 36 – 37),,,,Incarcerated,Incarcerated,,Categories; 1989 births; Living people; People from Kigali; Rwandan serial killers; 2023 murders in Africa; Violence against women in Rwanda; Rwandan people convicted of murder,2026-09-27 09:49:00
Sararat Rangsiwuthaporn,5.0,14.0,5.0,Low (5-14),Thailand,2015,2023,Unknown,True,False,False,https://en.wikipedia.org/wiki/Am_Cyanide_case,"TheAm Cyanide casecovers fourteen suspected serial murders bycyanide poisoningin Thailand from 2015 and 2023. It is so-called by the media after the nickname of the accused,Sararat Rangsiwuthaporn(Thai:สรารัตน์ รังสิวุฒาภรณ์), and hermodus operandi. The poisonings began in 2015, but the case gained public attention in April 2023 following the death of Siriporn Khanwong, a friend of Sararat's. Sararat and Siriporn had gone to a river inRatchaburi provinceto take part in a Buddhist protection ritu",Am Cyanide case,,14,,2015 (suspected) – 2023,8.0,Thailand,,,"March 12, 1987",age 39) [ 1 ],,,,,,,Categories; Thai serial killers; Thai murderers; Deaths by cyanide poisoning; 2010s murders in Thailand; 2023 in Thailand; 2023 murders in Thailand; 2020s murders in Thailand,2026-09-27 09:49:02
Jake Bird,13.0,46.0,,High (30+),,1930,1947,Unknown,True,False,False,https://en.wikipedia.org/wiki/Jake_Bird,"Jake Bird(December 14, 1901 – July 15, 1949) was an Americanserial killerwho was executed inWashingtonfor the 1947 murders of two women inTacoma. He is also known to have murdered at least eleven other people across several states between 1930 and 1947. Prior to his execution Bird had implicated himself in up to 46 murders. In 1991,criminologistEric W. Hickey, Ph.D., Director ofAlliant International University's Center for Forensic Studies, wrote about how the Bird case challenges stereotypes of",Jake Bird,The Tacoma Ax-Killer,46,"At around 2:30 am on October 30, 1947, the home of 52 year old Bertha Kludt and her daughter, 17 year old Beverly June Kludt, was broken into by an intruder brandishing an axe. The axe had been taken from a shed, and the intruder had removed his shoes to sneak into the house. Bertha awoke during the break in. When she tried to pull out a weapon the perpetrator hacked her to death. It was reported when she was found, Bertha's head was nearly severed. Beverly Kludt was then murdered in the same fa",1930–1947,17.0,,,,"December 14, 1901","[ 1 ] Louisiana , U.S. [ 1 ]",1949-07-15,"5) (aged 47) Washington State Penitentiary , Washington, U.S.",,Executed by hanging,Executed by hanging,,Categories; 1901 births; 20th-century American murderers; 1949 deaths; 20th-century African-American people; 20th-century executions by Washington (state); 20th-century executions of American people; American murderers of children; American people convicted of attempted murder; American people convicted of burglary; Axe murder; Executed African-American people; Executed American serial killers; People executed by Washington (state) by hanging; Prisoners and detainees of Iowa; Prisoners and detainees of Michigan; Prisoners and detainees of Utah; Serial killers from Florida; Serial killers from Illinois; Serial killers from Iowa; Serial killers from Kansas; Serial killers from Kentucky; Serial killers from Michigan; Serial killers from Nebraska; Serial killers from Ohio; Serial killers from Oklahoma; Serial killers from South Dakota; Serial killers from Washington (state); Serial killers from Wisconsin; Stabbing attacks in the United States; Violence against women in the United States; Male murderers,2026-09-27 09:49:05
Cleveland Torso Murderer,13.0,20.0,,Medium (15-29),United States,1934,1938,Unknown,True,False,True,https://en.wikipedia.org/wiki/Cleveland_Torso_Murderer,"TheCleveland Torso Murderer, also known as theMad Butcher of Kingsbury Run, was an unidentifiedserial killerwho operated inCleveland,Ohio, United States, during the 1930s. The killings were characterized by thedismembermentof thirteen known victims and the disposal of their remains in the impoverished neighborhood ofKingsbury Run.Most victims came from an area east of Kingsbury Run called ""The Roaring Third"" or ""Hobo Jungle"", known for its bars,gamblingdens,brothelsandvagrants. Despite an invest",Cleveland Torso Murderer,The Mad Butcher of Kingsbury Run,20,"The official number of murders attributed to the Cleveland Torso Murderer is twelve, although recent research has shown there could have been as many as twenty or more. [ 4 ] The twelve known victims were killed between 1935 and 1938. [ 5 ] Some investigators, including lead detective Peter Merylo, believed that there may have been thirteen or more victims in the Cleveland , Youngstown and Pittsburgh areas between the 1920s and 1950s. Two strong candidates for addition to the ""official"" list are","September 5, 1934 – August 16, 1938",4.0,United States,,,,,,,,,,,Categories; 20th-century American murderers; Cleveland Division of Police; Serial killers from Ohio; Unidentified American serial killers; Unsolved murders in Ohio,2026-09-27 09:49:07
Kaspars Petrovs,13.0,38.0,,High (30+),Latvia,2000,2003,Unknown,True,False,False,https://en.wikipedia.org/wiki/Kaspars_Petrovs,"Kaspars Petrovs(born 1978) is aLatvianserial killer. He was convicted of the murder of thirteen elderly women by theRigaRegional Court on 12 May 2005 and sentenced to life in prison. Petrovs, the son of a prominent medical doctor, had been homeless for several years. Initially held in connection with the murders of five women in February 2003, he later confessed to killing more than thirty women. He was initially charged with 38 murders, 8 attempted murders, and a number of thefts and robberies,",Kaspars Petrovs,,38,,2000–2003,3.0,Latvia,,,,"Grobiņa , Latvia",,,,,,,Categories; 1978 births; 2000 crimes in Latvia; 2000 murders in Europe; 2003 crimes in Latvia; 2003 murders in Europe; 2000s murders in Latvia; Latvian people convicted of murder; Latvian prisoners sentenced to life imprisonment; Latvian serial killers; Living people; People convicted of murder by Latvia; People from Grobiņa; Prisoners sentenced to life imprisonment by Latvia; Violence against women in Latvia,2026-09-27 09:49:10
Peter Sutcliffe,,,,Very Low (<5),England,1975,1980,Unknown,True,False,False,https://en.wikipedia.org/wiki/Peter_Sutcliffe,"Peter William Sutcliffe(2June 1946 – 13November 2020), also known asPeter Coonan, was an Englishserial killerandHGV driverwho wasconvictedofmurderingthirteen women and girls, andattempting to murderseven others between 1975 and 1980.:144Press reports dubbed him the ""Yorkshire Ripper"", an allusion to theVictorianserial killerJack the Ripper. Sutcliffe was sentenced to twenty concurrent sentences oflife imprisonment, which were converted to awhole life orderin 2010. Two of his murders took place i",Peter Sutcliffe,Peter Coonan Yorkshire Ripper,0,"The Byford Report suggested a high likelihood that Sutcliffe may have had additional victims both during and before his known killing spree. Police identified several attacks that aligned with Sutcliffe's modus operandi and attempted to question him, but he was never charged with these other crimes. The report noted a curious and unexplained lull in Sutcliffe's criminal activities between 1969, when he first attracted police attention, and 1975, the year of his first documented murder. It conclu",1975 – 1980 (confirmed),5.0,England,Greater Manchester West Yorkshire,,2 June 1946,"Shipley , West Riding of Yorkshire , England",2020-11-13,"3) (aged 74) Brasside , Durham , England",HGV driver,Died while imprisoned,Died while imprisoned,,"Categories; Peter Sutcliffe; 1946 births; 1980s trials; 2020 deaths; 20th-century English criminals; British people convicted of attempted murder; Chapeltown, Leeds; Crime in Bradford; Crime in Leeds; Crime in Manchester; Crime in West Yorkshire; Criminals from Yorkshire; Deaths from the COVID-19 pandemic in England; Deaths from diabetes in England; English male criminals; English murderers of children; English people convicted of murder; English people with disabilities; English prisoners and detainees; English prisoners sentenced to life imprisonment; English serial killers; English sex offenders; Fugitives wanted by the United Kingdom; Hammer attacks; Jack the Ripper; Murder in Manchester; Murder in West Yorkshire; People convicted of murder by England and Wales; People detained at Broadmoor Hospital; People from Bingley; People from Shipley, West Yorkshire; People with schizophrenia; Prisoners sentenced to life imprisonment by England and Wales; Prisoners who died from COVID-19; Prisoners who died in England and Wales detention; Serial killers who died in prison custody; Serial killers who worked as truck drivers; Truck drivers; Violence against women in England",2026-09-27 09:49:13
William Suff,14.0,7.0,,Low (5-14),United States,1973,1991,Unknown,True,False,False,https://en.wikipedia.org/wiki/William_Suff,"William Lester Suff(bornBill Lee Suff; August 20, 1950) is an Americanserial killerwho tortured and killed at least thirteen women inRiverside County,California, from 1986 to 1991, earning nicknames such as theRiverside Prostitute Killerand theLake Elsinore Killer, as some of his victims were dumped inLake Elsinore. Years earlier, in 1973, he murdered his two-month-old daughter inTexas, a crime for which he had only served ten years of a seventy-year sentence. Suff's parents had five children, o",William Suff,The Riverside Prostitute Killer The Lake Elsinore Killer,14,"On September 25, 1973, Teryl was forced to leave the family home and entrusted Suff with the care of their daughter. The custody arrangement went awry, and Suff hit her two-month-old daughter. Noticing that she was no longer breathing, Suff called Teryl to report the problem. Teryl rushed to the marital home and found her unconscious. Emergency services confirmed the child's death. An autopsy showed that the first abuse against the child had occurred at birth. Suff and Teryl were charged with mi",1973; 1986 – 1991,18.0,United States,,,"August 20, 1950","age 76) Torrance, California , U.S.",,,,,,,"Categories; 1950 births; 20th-century American criminals; American male criminals; American murderers of children; American people convicted of murder; American prisoners sentenced to death; American rapists; Child filicides in the United States; Crimes against sex workers in the United States; Criminals from Los Angeles; Filicides in Texas; Living people; Murder in Riverside County, California; People convicted of murder by California; People convicted of murder by Texas; People from Torrance, California; Perpetrators of filicide; Prisoners sentenced to death by California; Serial killers from California; Violence against women in California; Criminals from Riverside, California",2026-09-27 09:49:16
Richard Ramirez,15.0,,,Medium (15-29),United States,1984,1985,Unknown,True,False,False,https://en.wikipedia.org/wiki/Richard_Ramirez,"Ricardo Leyva Muñoz Ramirez(/rəˈmɪərɛz/; February 29, 1960 – June 7, 2013), better known asRichard Ramirez, was an Americanserial killer,sex offender, andburglarwhose killing spree occurred inGreater Los Angelesand theSan Francisco Bay Areain the state ofCalifornia. From April 1984 to August 1985, Ramirez murdered at least fifteen people during various break-ins. With his crimes usually taking place after dark, Ramirez was dubbed theNight Stalker, theWalk-In Killer, and theValley Intruder. He wa",Richard Ramirez,The Night Stalker The Walk-In Killer The Valley Intruder,15,"On April 10, 1984, Mei Leung, a nine-year-old girl, was murdered in the basement of her apartment building in the Tenderloin district of San Francisco. Leung was with her eight-year-old brother and looking for a lost one-dollar bill when Ramirez approached the girl and told her to follow him into the basement to find it. Once they were in the basement, the killer beat, strangled , and raped Leung before stabbing her to death with a switchblade , hanging her partially nude body from a pipe by her","April 10, 1984 – August 24, 1985",1.0,United States,,,"February 29, 1960","[ 1 ] El Paso, Texas , U.S.",2013-06-07,"7) (aged 53) Greenbrae, California , U.S.",,Deceased,Deceased,,"Categories; 1960 births; 1984 murders in the United States; 1985 murders in the United States; 2013 deaths; Richard Ramirez; American male criminals; American murderers of children; American people convicted of attempted murder; American people convicted of burglary; American people convicted of murder; American people convicted of rape; American people convicted of sexual assault; American people of Mexican descent; American people who died in prison custody; American prisoners sentenced to death; American Satanists; Child sexual abuse in the United States; Converts to new religious movements from Christianity; Crimes involving Satanism or the occult; Serial killers from Texas; Serial killers from the San Francisco Bay Area; Deaths from lymphoma in California; Fugitives; Human trophy collecting; Necrophiles; People convicted of murder by California; People from El Paso, Texas; People with antisocial personality disorder; People with epilepsy; People with schizoid personality disorder; People with traumatic brain injuries; Prisoners sentenced to death by California; Prisoners who died in California detention; Serial killers from Los Angeles; Serial killers who died in prison custody; 20th-century American murderers",2026-09-27 09:49:18
Sleepy Hollow Killer,13.0,16.0,,Medium (15-29),South Africa,2007,,Unknown,True,False,False,https://en.wikipedia.org/wiki/Sleepy_Hollow_Killer,"TheSleepy Hollow Killeris the name of an unidentifiedSouth Africanrapist andserial killer, thought to be responsible for the rapes and murders of at least 13 women, most likely sex workers, aroundPietermaritzburgand theMidlands of KwaZulu-Natal. His signature was to strangle his victims using their panties, a characteristic shared with the murders of three prostitutes in 2007, who are also considered possible victims. In the late 1990s, several women were raped and then strangled with their own ",Sleepy Hollow Killer,Sleepy Hollow Murderer,16,"In the late 1990s, several women were raped and then strangled with their own panties in Pietermaritzburg, with their bodies later being found near the N3 Highway . [ 1 ] In 2001, authorities began an inquest into the murders, exhuming seven of the murdered women's corpses from graves in Mountain Rise and Mpophomeni , in an attempt to identify them through facial reconstruction. However, the investigation led nowhere, and it closed that same year. [ 2 ] Between February and October 2007, the bod",1990s–2007,,South Africa,,,,,,,,,,,Categories; 1997 murders in South Africa; 1990s murders in South Africa; 2007 murders in South Africa; 2000s murders in South Africa; Crimes against sex workers; Deaths by strangulation; South African rapists; South African serial killers; Unidentified rapists; Unidentified serial killers; Unsolved murders in South Africa; Violence against women in South Africa,2026-09-27 09:49:20
Francisco Antonio Laureana,13.0,,,Low (5-14),Argentina,1974,1975,Unknown,True,False,True,https://en.wikipedia.org/wiki/Francisco_Antonio_Laureana,"Francisco Antonio Laureana(1954 – February 27, 1975) was a youngArgentineman killed by theBuenos Airespolice, who believed him to be a rapist andserial killercalledThe Satyr of San Isidro, who for a period of six months—from 1974 and 1975—raped women, 13 of whom he murdered. He killed most of his victims on Wednesdays and Thursdays near 6:00 p.m. The police reconstructed the events based on what they believed to be a series of murders and the psychological profile of the murderer. Francisco Laur",Francisco Antonio Laureana,The Satyr of San Isidro,13,"The police reconstructed the events based on what they believed to be a series of murders and the psychological profile of the murderer. Francisco Laureana, 22, had been an intern in a Catholic school in the city of Corrientes in northern Argentina. [ 1 ] The police claimed that Laureana had fled Corrientes because he had raped and hanged a nun from the stairs of the school. [ 1 ] In July 1974, he moved to the city of San Isidro (in the north of the Greater Buenos Aires ), where he worked as an ",1974–1975,1.0,Argentina,,,,,1975-02-27,"7) (aged 20–21) San Isidro , Argentina",,,,,Categories; 1954 births; 1975 deaths; Argentine rapists; Argentine serial killers; People shot dead by law enforcement officers in Argentina; Violence against women in Argentina,2026-09-27 09:49:22
Joseph James DeAngelo,13.0,51.0,120.0,High (30+),United States,1974,1986,Unknown,True,False,True,https://en.wikipedia.org/wiki/Original_Night_Stalker,"Joseph James DeAngelo Jr.(born November 8, 1945) is an Americanserial killer,serial rapist, and formerpolice officerknown as theGolden State Killer, theOriginal Night Stalker, theEast Area Rapist, and theVisalia Ransacker, who committed thirteenmurdersand numerousrapesandburglariesacrossCaliforniabetween 1974 and 1986.DeAngelo's crimes began inNorthern California, where he committed a minimum of 120 burglaries and one murder in theSan Joaquin Valley, before moving toSacramento County, where he c",Original Night Stalker,Visalia Ransacker East Area Rapist East Side Rapist East Bay Rapist Creek Bed Killer Diamond Knot Killer Original Night Stalker EARONS Golden State Killer [ 1 ] [ 2 ],120,"DNA evidence linked DeAngelo to eight murders in Goleta , Ventura , Dana Point , and Irvine ; two other murders in Goleta, lacking DNA evidence, were linked by modus operandi . [ 60 ] [ 61 ] DeAngelo pleaded guilty to three other murders: two in Rancho Cordova and one in Visalia . He also committed more than 50 known rapes in the California counties of Sacramento , Contra Costa , Stanislaus , San Joaquin , Alameda , Santa Clara , and Yolo ; and he was linked to hundreds of incidents of thefts, b",1974–1986,12.0,United States,,,"November 8, 1945","age 80) Bath, New York , U.S.",,,Police officer (1973–1979) Mechanic,"Incarcerated at California State Prison, Corcoran","Incarcerated at California State Prison, Corcoran","Weapon(s): Various weapons, including a Miroku revolver","Categories; Joseph James DeAngelo; 1945 births; 20th-century American murderers; American burglars; American male criminals; American people convicted of kidnapping; American people of Italian descent; American police officers convicted of murder; American police officers convicted of rape; American prisoners sentenced to life imprisonment; Animal cruelty incidents; California State University, Sacramento, alumni; Child sexual abuse in the United States; Criminals from Los Angeles; Criminals from New York (state); Serial killers from the San Francisco Bay Area; History of Contra Costa County, California; History of Irvine, California; History of Los Angeles; History of Orange County, California; History of Sacramento County, California; History of Santa Barbara County, California; History of Tulare County, California; History of Ventura County, California; Living people; Military personnel from New York (state); People convicted of murder by California; People convicted using DNA evidence; People from Bath, New York; Prisoners sentenced to life imprisonment by California; Rapes in the United States; Serial killers who worked in law enforcement; United States Navy personnel of the Vietnam War; United States Navy sailors; Violence against women in California; Child sexual abuse in law enforcement; Folsom High School alumni; American serial rapists",2026-09-27 09:49:26
Tamara Samsonova,,,,Very Low (<5),Russia,2000,2015,Female,True,False,False,https://en.wikipedia.org/wiki/Tamara_Samsonova,"Tamara Mitrofanovna Samsonova(Russian:Тама́ра Митрофа́новна Самсо́нова; born 25 April 1947), known asGranny RipperandBaba Yaga,is a Russian murderer and suspectedserial killerwho was arrested in July 2015.She has been hospitalized three times in psychiatric hospitals and may beschizophrenic. Samsonova was born on 25 April 1947, in the city ofUzhur, now part of the Krasnoyarsk Krai. After graduating from high school, she arrived in Moscow and entered theMaurice Thorez Moscow State Pedagogical Ins",Tamara Samsonova,The Granny Ripper; Baba Yaga,0,"After her husband's disappearance, Samsonova rented out a room in her apartment. On 6 September 2003, during a quarrel, she killed her 44-year-old tenant, Sergei Potanin, and another male who was a 32-year-old resident from Norilsk . She dismembered his corpse and disposed of it outdoors on the Dimitrov street. [ 4 ] [ 10 ] In March 2015, a mutual friend asked 79-year-old Valentina Nikolaevna Ulanova, who also lived on Dimitrov Street, to shelter Samsonova temporarily while Samsonova's apartment",2000–2015,15.0,Russia,St. Petersburg,,25 April 1947,"age 79) Uzhur , Krasnoyarsk Krai , RSFSR , Soviet Union",,,,,,"Weapon(s): Knife, poison",Categories; Russian cannibals; 1947 births; Living people; Criminals from Saint Petersburg; People with schizophrenia; Suspected serial killers; Moscow State Linguistic University alumni; Female cannibals; 21st-century Russian women; 21st-century Russian murderers; Russian female serial killers; Russian serial killers,2026-09-27 09:49:28
Boston Strangler,13.0,,,Low (5-14),United States,1962,1964,Unknown,True,False,False,https://en.wikipedia.org/wiki/Boston_Strangler,"TheBoston Strangleris the murderer of 13 women inGreater Bostonduring the early 1960s. The crimes were attributed toAlbert DeSalvo(1931–1973) based on his confession, on details revealed in court during a separate case,andDNA evidencelinking him to the final victim. In the years following DeSalvo's conviction – but prior to the emergence of this DNA evidence – various parties investigating the crimes suggested that the murders (sometimes referred to as the ""Silk Stocking Murders"") were committed",Boston Strangler,,13,,"June 14, 1962 – January 4, 1964",2.0,United States,,,,,,,,,,Weapon(s): Nylon stockings or housecoat cords,Categories; 20th century in Boston; American rapists; Crimes adapted into films; Crimes in Massachusetts; History of Boston; Murder in Massachusetts; Nicknames in crime; Serial killer epithets; Serial killers from Massachusetts; Sexual violence in the United States; Violence against women in Massachusetts; History of women in Boston,2026-09-27 09:49:30
Herbert Mullin,13.0,,,Low (5-14),United States,1972,1973,Unknown,True,False,False,https://en.wikipedia.org/wiki/Herbert_Mullin,"Herbert William Mullin(April 18, 1947– August 18, 2022)was an Americanserial killerwho killed 13 people inCaliforniain the early 1970s. He confessed to the killings, which he claimed preventedearthquakes. In 1973, after a trial to determine whether he waslegally insaneorculpable, he was convicted of twomurders in the first-degreeand nine in thesecond-degreeand sentenced tolife imprisonment. During his imprisonment, he was denied parole eight times. Mullin andEdmund Kemperoverlapped in their 1972",Herbert Mullin,,13,"By 1972, Mullin was 25 and had moved back in with his parents in Felton, California , in the Santa Cruz Mountains . [ 4 ] His birthday, April 18, was the anniversary of the 1906 San Francisco earthquake , which he thought was very significant. [ 13 ] Mullin believed that the Vietnam War had produced enough American deaths to forestall earthquakes as a blood sacrifice to nature, but that with American involvement in the war winding down by late 1972, he would need to start killing people in order","October 13, 1972 – February 13, 1973",1.0,United States,,,"April 18, 1947","Salinas, California , U.S.",2022-08-18,"8) (aged 75) California Health Care Facility , Stockton, California , U.S.",,Deceased,Deceased,,"Categories; 1947 births; 1949 crimes; 1972 crimes; 1973 crimes; 2022 deaths; 20th-century American criminals; American male criminals; American mass murderers; American murderers of children; American people convicted of murder; American people who died in prison custody; American prisoners sentenced to life imprisonment; People convicted of murder by California; People from Salinas, California; People with schizophrenia; Prisoners sentenced to life imprisonment by California; Serial killers from California; Serial killers who died in prison custody; Serial mass murderers; Criminals from Santa Cruz, California",2026-09-27 09:49:32
Vladimir Storozhenko,13.0,,,Low (5-14),Soviet Union,1978,1981,Unknown,True,False,False,https://en.wikipedia.org/wiki/Vladimir_Storozhenko,"Vladimir Viktorovich Storozhenko(Russian:Влади́мир Ви́кторович Стороже́нко; 11 April 1953 – 22 September 1982), known asThe Smolensk Strangler(Russian:Смоленский душитель), was aSovietserial killer. Storozhenko graduated from 8th grade of the 16th Smolensk High School. As a difficult teenager, he was known to police, as he engaged in petty theft, alsotorturing and killing domestic animals. He also showed heightened sexual interest and cruelty towards girls. Storozhenko was convicted twice, among",Vladimir Storozhenko,The Smolensk Strangler; [ 1 ],13,,1978–1981,3.0,Soviet Union,,,11 April 1953,"Smolensk , Smolensk Oblast , Russian SFSR , Soviet Union",22 September 1982,"aged 29) Smolensk, Smolensk Oblast, Russian SFSR, Soviet Union",,,,,Categories; 1953 births; 1982 deaths; Executed Soviet serial killers; Soviet murderers of children; Soviet people convicted of murder; People convicted of murder by the Soviet Union; People executed by the Soviet Union by firearm; People from Smolensk; Soviet rapists; Violence against women in Russia; Russian murderers of children; Russian rapists,2026-09-27 09:49:35
Johannes Mashiane,13.0,,,Low (5-14),South Africa,1982,1989,Unknown,True,False,False,https://en.wikipedia.org/wiki/Johannes_Mashiane,"Johannes Mashiane, nicknamedThe Beast of Atteridgeville, was a South African rapist andserial killeractive in the 1980s. He killed 13 people inAtteridgeville, South Africa, before he died in 1989. Mashiane's first victim was his girlfriend, whom he murdered in 1982. He was sentenced to five years in prison for her death. After he was released, he raped and murdered 12 young boys bystoningorstrangulation. Mashiane was being chased by police in thePretoriasuburb ofMarabastadwhen he jumped undernea",Johannes Mashiane,The Beast of Atteridgeville,13,,1982–1989,7.0,South Africa,Atteridgeville,,,,1990,90 ) South Africa,,,,,Categories; 1989 suicides; 1989 deaths; Prisoners and detainees of South Africa; Road incident deaths in South Africa; South African murderers of children; South African prisoners and detainees; South African rapists; South African serial killers; Suicides in South Africa; Violence against men in Africa; Rape of males; Male suicides,2026-09-27 09:49:37
Vasiliy Kulik,13.0,27.0,,Medium (15-29),Soviet Union,1982,1986,Unknown,True,True,False,https://en.wikipedia.org/wiki/Vasiliy_Kulik,"Vasiliy Sergeyevich Kulik(Russian:Василий Серге́евич Кулик; 17 January 1956 – 26 June 1989) was aSovietserial killerconvicted for the killing of 13 people and nearly 30rapesinIrkutskbetween 1982 and 1986. Originally aserial rapist, Kulik was a violentpaedophileandgerontophilethat targeted children and elderly women in Irkutsk over a two-year period. Using various methods, he began to murder his victims until his arrest after a failed attack, where he was convicted and sentenced todeath. Vasiliy ",Vasiliy Kulik,The Irkutsk Monster; The Murder Doctor; The Murderer,27,"In 1982, Kulik graduated from the Irkutsk Medical Institute, and left home to begin work as a medic at the ambulance station in the Irkutsk Emergency Station. [ 3 ] Kulik frequently used the information of his patients to break into their homes, where he committed a series of child rapes , very few of which were reported to the police. Kulik committed his first murder in 1984 when he drugged , raped and strangled an elderly woman he encountered on the street. His second victim was an eight-year-",1982–1986,4.0,Soviet Union,,,17 January 1956,"Irkutsk , Irkutsk Oblast , RSFSR , Soviet Union",1989-06-26,"6) (aged 33) Angarsk Colony, Irkutsk Oblast, RSFSR, Soviet Union",,,,,Categories; 1956 births; 1989 deaths; Executed people from Irkutsk Oblast; Executed Russian people; Executed Soviet serial killers; People convicted of murder by the Soviet Union; People executed by the Soviet Union by firing squad; Russian people convicted of murder; Russian people executed by the Soviet Union; Russian murderers of children; Russian rapists; Russian serial killers; Emergency medical doctors; Soviet medical doctors; Soviet murderers of children; Soviet people convicted of murder; Soviet rapists; Violence against women in Russia; People with antisocial personality disorder,2026-09-27 09:49:41
Nikolai Dudin,13.0,,,Low (5-14),Soviet Union,1987,2002,Unknown,True,False,False,https://en.wikipedia.org/wiki/Nikolai_Dudin,"Nikolai Arkadievich Dudin(Russian:Никола́й Арка́дьевич Ду́дин; born 22 December 1973), known asThe Grim Maniac(Russian:Обидчивый маньяк), is aSoviet-Russianserial killerwho killed 13 people in the town ofFurmanovbetween 1987 and 2002. Nikolai Dudin was born on 22 December 1973, in the village of Mikhalkovo, Ivanovo Oblast. Dudin was beaten by his father throughout childhood, who instilled in him a number of skills that would later facilitate his murders, such as teaching himhuntingand butchering",Nikolai Dudin,The Grim Maniac; The Furmanov Chikatilo,13,,1987–2002,15.0,Soviet Union; later Russia,,,22 December 1973,"age 52) Mikhalkovo, Ivanovo Oblast , RSFSR , Soviet Union",,,,,,,Categories; 1973 births; Family murders; Inmates of White Swan Prison; Living people; Male juvenile murderers; Minors convicted of murder; Perpetrators of patricide; Russian murderers of children; Russian rapists; Russian serial killers; Russian mass murderers; Soviet murderers of children; Soviet rapists; Soviet serial killers; Soviet mass murderers,2026-09-27 09:49:43
Duan Guocheng,13.0,14.0,,Low (5-14),China,1999,2001,Unknown,True,False,False,https://en.wikipedia.org/wiki/Duan_Guocheng,"Duan Guocheng(1973 – 24 April 2003) was a Chineseserial killerand robber who murdered 13 women in Hubei and Hunan between 1999 and 2001. Additionally, he committed fourteen assaults and over forty other robberies during the same timeframe. Duan was arrested in 2001 following a three-month manhunt and executed in 2003. Duan was wanted by police inYueyangfor nine counts of murder and numerous robberies, but had managed to flee toWuhan, where he resumed his killings and muggings. Based on unfounded",Duan Guocheng,The Red Dress Killer,14,"Duan would loiter around an area, carrying a 2,5 cm single-edged knife and a flashlight. When he saw a potential victim, he would sneak after her before ambushing the woman from behind in a dark place, typically a doorway, courtyard, or apartment floor. Duan covered their mouths with one hand while pressing the knife into their backs as a threat to give him over valuables such as money, jewelry, handbags, or mobile phones. Surviving victims stated that Duan dressed in dark clothing, spoke with n",1999–2001,2.0,China,,,1973,"73 ) Yueyang , Hunan, China",2003-04-24,"4) (aged 29–30) Hubei, China",,Executed,Executed,,Categories; 1973 births; 2003 deaths; 1999 murders in China; 2000 murders in China; 2001 murders in China; 20th-century Chinese criminals; 21st-century Chinese criminals; Chinese rapists; 21st-century executions by China; Executed Chinese serial killers; People convicted of murder by China; Chinese robbers; Fugitives wanted by China; Violence against women in China; People executed by China by firearm; People from Yueyang,2026-09-27 09:49:45
Nikolay Shubin,13.0,,,Low (5-14),Russia,2004,2006,Unknown,True,False,False,https://en.wikipedia.org/wiki/Nikolay_Shubin,"Nikolay Pavlovich Shubin(Russian:Николай Павлович Шубин; born 1956), known asThe Cemetery Director, is a Georgian-bornRussianserial killer, who killed 13 homeless and single people between 2004 and 2006 in the city ofLipetsk. Shubin was born in Tbilisi.In 1976, Shubin was hospitalized in theVoronezhRegional Clinical Psychoneurogical Dispensary with a diagnosis ofneurasthenia. Shubin was arrested in October 2006, after policemen detained him in connection with the disappearance of a local pension",Nikolay Shubin,The Cemetery Director; Valre Bomzh; The Chess Player,13,,2004–2006,2.0,Russia,,,,"Tbilisi , Georgian SSR , Soviet Union",,,,,,,Categories; 1956 births; Russian people of Georgian descent; Living people; People acquitted by reason of insanity; People from Lipetsk; People with schizophrenia; Russian serial killers,2026-09-27 09:49:47
Thozamile Taki,13.0,,,Low (5-14),South Africa,,,Unknown,True,False,False,https://en.wikipedia.org/wiki/Thozamile_Taki,"Thozamile Taki(born 1971), known asThe Sugarcane Killer, is a South Africanserial killerwho killed 13 women aged 18–25, dumping their bodies in agricultural plantations.On 19 January 2011, Taki was sentenced to 13 life sentences for the murders and an additional 208 years, 16 years for each of his victims of armed robbery. Taki murdered 10 victims in the sugarcane plantations around the town ofUmzintoin theSouth CoastofKwaZulu-Natalas well as a further three victims in the tea plantations nearPo",Thozamile Taki,The Sugarcane Killer,13,,,,South Africa,,,,"Majola, Port St. Johns , South Africa",,,,,,,Categories; 1971 births; Living people; People from the OR Tambo District Municipality; South African serial killers; Violence against women in South Africa; Crime biography stubs,2026-09-27 09:49:50
Li Wenxiang,13.0,,,Low (5-14),China,1991,1996,Unknown,True,False,False,https://en.wikipedia.org/wiki/Li_Wenxiang,"Li Wenxiang(Chinese:李文香;pinyin:Lǐ Wénxiāng;1952 – after 1996), sometimes mistransliteratedLi Wenxianand also known as theGuangzhou Ripper, was a Chinese serial killer who was active between 1991 and 1996 inGuangzhou, China. He killed 13 women and was sentenced to death. Li murdered 13 women, including a woman surnamed Wang (王某). Li also attacked a woman surnamed Xie (谢某). Li's first victim was found 22 February 1991, a woman in her early twenties. She had been mutilated; her genital region had b",Li Wenxiang,Guangzhou Ripper,13,"Li murdered 13 women, including a woman surnamed Wang (王某). Li also attacked a woman surnamed Xie (谢某). [ 1 ] Li's first victim was found 22 February 1991, a woman in her early twenties. She had been mutilated; her genital region had been removed after the sexual assault took place. Li struck 5 more times over the next 6 months, typically following a similar method, with the bodies typically being left amongst the voluminous trash heaps overflowing in the city's ""floating"" district. Many of thes",1991–1996,5.0,China,Guangzhou,,,,,,Migrant construction worker,,,,Categories; 1952 births; Executed Chinese serial killers; Chinese people convicted of murder; Chinese people convicted of rape; Chinese rapists; 20th-century Chinese murderers; Male murderers,2026-09-27 09:49:52
Adolf Seefeldt,12.0,,,Low (5-14),German Empire,1908,1935,Unknown,True,False,False,https://en.wikipedia.org/wiki/Adolf_Seefeldt,"Adolf Gustav Seefeldt(6 March 1870 – 23 May 1936), known asThe Sandman, was a Germanserial killer. Born as the seventh and youngest child of his parents, Adolf was initially trained as a locksmith, then as awatchmakerwho repaired grandfather clocks and pocket watches. He moved toLübeckin 1890 and married Katarina Seefeldt, who divorced him in 1910. His son was committed to alunatic asylumfor moral crimes at the age of nineteen. Seefeldt was reportedly abused by two men at the age of 12. He was f",Adolf Seefeldt,The Sandman; Uncle Tick Tock; Uncle Adi; Adolf Seefeld,12,"The traveler and watchmaker Adolf Seefeldt, also known as ""Sandman"" or—because of his profession—""Uncle Tick Tock"" and ""Uncle Adi,"" abused and killed at least twelve boys during the reign of the Third Reich . He usually selected pine groves as crime scenes, with one exception. A common feature among the victims was their clothing, as they consistently wore sailor suits . Since all the children appeared to be “sleeping peacefully” and showed no signs of external violence, the police were mystifie",1908–1935,27.0,German Empire; Weimar Republic; Nazi Germany (now Germany ),,,6 March 1870,"Potsdam , Kingdom of Prussia , North German Confederation",1936-05-23,"3) (aged 66) Schwerin , Nazi Germany",,Executed,Executed,,Categories; 1870 births; 1936 deaths; 20th-century German murderers; 1930s murders in Germany; Executed German serial killers; German clockmakers; German murderers of children; German people convicted of child sexual abuse; People convicted of murder by Germany; People executed by Nazi Germany by guillotine; Violence against men in Germany; Male murderers,2026-09-27 09:49:54
Charles Sobhraj,12.0,31.0,,High (30+),Thailand,1963,1976,Unknown,True,False,False,https://en.wikipedia.org/wiki/Charles_Sobhraj,"Charles Sobhraj(bornHotchand Bhawnani Gurmukh Sobhraj; 6 April 1944) is a Frenchserial killer,fraudster, and thief whose victims were mainly Western tourists travelling on thehippie trailofSouth Asiaduring the 1970s. He is of Sindhi and Vietnamese origin. He was known as theBikini Killerbecause of the attire of several of his victims, as well as theSplitting Killerandthe Serpentfor ""his snake-like ability to avoid detection by authorities"". It is thought that Sobhraj murdered at least 20 tourist",Charles Sobhraj,Bikini Killer Splitting Killer The Serpent,31,"On the run, Sobhraj financed his lifestyle by posing as either a gem salesman or drug dealer to impress and befriend tourists, whom he defrauded. In India , Sobhraj met Marie-Andrée Leclerc from Lévis , Quebec , a tourist looking for adventure. Dominated by Sobhraj, Leclerc became his most devoted follower, turning a blind eye to his crimes and his philandering with local women. Sobhraj gathered followers by gaining their loyalty; a typical scam was to help his target out of difficult situations",1963–1976,13.0,Thailand; Nepal; India; Malaysia; France; Afghanistan; Turkey; Greece,,,6 April 1944,"age 82) Saigon , French Indochina",,,,Guilty [ a ],Guilty [ a ],,Categories; 1944 births; Burglars; Confidence tricksters; Fugitives; French expatriates in India; French expatriates in Thailand; French people convicted of murder; French people imprisoned abroad; French people of Sindhi descent; French people of Indian descent; French people of Vietnamese descent; French prisoners sentenced to life imprisonment; French serial killers; Inmates of Tihar Jail; Living people; People convicted of murder by India; People convicted of murder by Nepal; People convicted of theft; People from Ho Chi Minh City; Naturalized citizens of France; Poisoners; Prisoners sentenced to life imprisonment by Nepal; Vietnamese emigrants to France; Vietnamese people of Sindhi descent; Vietnamese people of Indian descent; Tourist murders in Thailand,2026-09-27 09:49:58
Bruce George Peter Lee,12.0,,,Low (5-14),England,1973,1979,Unknown,True,False,False,https://en.wikipedia.org/wiki/Bruce_George_Peter_Lee,"Peter Tredget(bornPeter George Dinsdale; 31 July 1960), formerlyBruce George Peter Lee, is a Britishserial killerandarsonist.  He confessed to a total of 11 acts ofarson, pleading guilty to 26 counts of manslaughter. Fourteen of these wereoverturned in two separate appeals. Lee was sentenced toindefinite secure hospital detentionin 1981 and remains detained as of August 2026. Lee was born as Peter George Dinsdale inManchester, the son of asex worker.Lee was brought up in children's homesand suff",Bruce George Peter Lee,,12,,1973–1979,6.0,England,East Riding of Yorkshire,,31 July 1960,"age 66) Manchester, England",,,,,,,Categories; 1960 births; British arsonists; Criminals from Manchester; English people convicted of manslaughter; English serial killers; Living people,2026-09-27 09:50:00
Slamet Tohari,12.0,,,Low (5-14),Indonesia,2020,2023,Unknown,True,False,False,https://en.wikipedia.org/wiki/Slamet_Tohari,"Slamet Tohari(bornc.1977) is an Indonesianserial killerandscammerwho fatally poisoned at least 12 people inBanjarnegara, Central Java, between 2020 and 2023. Slamet Tohari was jailed in 2019 oncounterfeit moneycharges. After his release, he began to scam people by claiming that he hadshamanic powers, which gave him the ability to multiply their money. He used counterfeit banknotes to support his claims. When confronted by victims who wanted their money back, he would kill them by giving them dri",Slamet Tohari,Mbah Slamet,12,"Slamet Tohari was jailed in 2019 on counterfeit money charges. After his release, he began to scam people by claiming that he had shamanic powers , which gave him the ability to multiply their money. He used counterfeit banknotes to support his claims. When confronted by victims who wanted their money back, he would kill them by giving them drinks laced with potassium cyanide . [ 1 ] [ 2 ] He would then spend the stolen money on cars, jewellery, and karaoke. [ 3 ] On 24 March 2023, a man named P",2020–2023,3.0,Indonesia,,,1977,977 (age 48 – 49) Indonesia,,,,,,,Categories; 1977 births; Indonesian serial killers; Living people; Poisoners; Prisoners and detainees of Indonesia; Prisoners sentenced to death by Indonesia,2026-09-27 09:50:02
Maury Travis,12.0,18.0,,Medium (15-29),United States,2000,2002,Unknown,True,False,False,https://en.wikipedia.org/wiki/Maury_Travis,"Maury Troy Travis(October 25, 1965 – June 10, 2002) was an Americanserial killer. Travis was named in a federal criminal complaint for the murders of two women. At the time of the murders, he was a hotel waiter, and on parole for a 1989robbery. While Travis claimed in a letter to have murdered 17 women, some authorities were doubtful;others thought he may have murdered up to 20 women.He committedsuicide by hangingin custody inSt. Louis County, Missouri, after being arrested for murder. At least ",Maury Travis,The Streetwalker Strangler The Bi-State Strangler,18,"At least one videotape showing Travis murdering and/or torturing some of his victims was found in the search of his home in Ferguson, Missouri , a suburb of St. Louis . He is believed to have killed two women: Alysia Greenwade, whose body was discovered April 1, 2001, in Illinois (after having been last seen in Missouri), and Betty James, whose body was discovered about two months later in Missouri (after having been last seen in Illinois). [ 3 ]",2000–2002,2.0,United States,,,"October 25, 1965","St. Louis , Missouri , U.S.",2002-06-10,"0) (aged 36) St. Louis County Jail , Missouri, U.S.",,,15 years (robbery; paroled in 1994) Two years probation (drug offenses) [ 1 ],,Categories; 1965 births; 2002 suicides; 2002 deaths; 21st-century African-American people; 21st-century American murderers; American male criminals; American people who died in prison custody; Crimes against sex workers in the United States; Filmed killings in the United States; Prisoners who died in Missouri detention; Prisoners who died in United States federal government detention; Serial killers from Missouri; Serial killers who died by suicide in prison custody; Suicides by hanging in Missouri; Torture in the United States; 2000 murders in the United States; 2001 murders in the United States; 2002 murders in the United States; Male suicides; Violence against African-American women in Missouri; Male murderers,2026-09-27 09:50:04
Dennis Nilsen,12.0,15.0,,Medium (15-29),United Kingdom,1978,1983,Unknown,True,False,True,https://en.wikipedia.org/wiki/Dennis_Nilsen,"Dennis Andrew Nilsen(23 November 1945 – 12 May 2018) was a Scottishserial killerandnecrophilewho murdered at least twelve young men and boys between 1978 and 1983. Convicted at theOld Baileyof six counts of murder and two ofattempted murder, Nilsen was sentenced tolife imprisonmenton 4 November 1983, with a recommendation that he serve a minimum of 25 years; this recommendation was later changed to awhole life tariffin December 1994. In his later years, Nilsen was imprisoned atHM Prison Full Sut",Dennis Nilsen,The Muswell Hill Murderer,15,"Between 1978 and 1983, Nilsen is known to have killed a minimum of twelve men and boys, and to have attempted to kill seven others (he initially confessed in 1983 to having killed about sixteen victims). The majority of Nilsen's victims were homeless or gay men; [ 58 ] others were heterosexual people he typically met in bars, on public transport or – on one occasion – outside his own home. [ 59 ] All of Nilsen's murders were committed inside the two North London addresses where he resided in the",30 December 1978 – 26 January 1983,5.0,United Kingdom,,,23 November 1945,"Fraserburgh , Scotland",2018-05-12,"2) (aged 72) York , England",,,,,Categories; 1945 births; 2018 deaths; 20th-century British Army personnel; 20th-century British murderers; 20th-century British police officers; 20th-century Scottish autobiographers; 20th-century Scottish civil servants; 20th-century Scottish criminals; 20th-century Scottish LGBTQ people; 21st-century Scottish LGBTQ people; Army Catering Corps soldiers; British LGBTQ military personnel; British people convicted of attempted murder; Civil servants in the Department of Employment; Collection of the Crime Museum; Deaths from bleeding; Deaths from pulmonary embolism; Gay military personnel; London crime history; Metropolitan Police officers; Murder in London; Necrophiles; People convicted of murder by England and Wales; People from Fraserburgh; People from Muswell Hill; People with personality disorders; Prisoners sentenced to life imprisonment by England and Wales; Prisoners who died in England and Wales detention; Scottish civil servants; Scottish gay men; Scottish male criminals; Scottish murderers of children; Scottish people convicted of murder; Scottish people of Norwegian descent; Scottish people who died in prison custody; Scottish prisoners sentenced to life imprisonment; Scottish serial killers; Scottish trade unionists; Serial killers who died in prison custody; Serial killers who worked in law enforcement; Vexatious litigants; Violence against men in the United Kingdom,2026-09-27 09:50:07
Kenneth Bianchi,12.0,,,Low (5-14),United States,1977,1979,Unknown,True,False,False,https://en.wikipedia.org/wiki/Kenneth_Bianchi,"Kenneth Alessio Bianchi(/ˈbiːænkiː/; born May 22, 1951) is an Americanserial killer,kidnapper, andrapist. He is known for theHillside Stranglermurders which he committed with his cousinAngelo Buono Jr.inLos Angeles, as well as for two more murders inWashington Stateas the sole perpetrator. Bianchi is currently serving a sentence oflife imprisonmentinWashington State Penitentiaryfor these crimes. He was also at one time a suspect in theAlphabet murders, three unsolved murders in his home city ofR",Kenneth Bianchi,The Hillside Strangler,12,"Bianchi and Buono frequently impersonated police officers, flashing phony police badges and ordering the unassuming victims to get into Bianchi's Cadillac, telling them that it was an unmarked police car . They'd then handcuff them and drive them to Buono's upholstery shop, where they would proceed to sexually abuse their victims before strangling them. They experimented with other methods of killing, such as lethal injection , electric shock and carbon monoxide poisoning . Even while committing","October 16, 1977 – January 11, 1979",2.0,United States,,,"May 22, 1951","age 75) Rochester, New York , U.S.",,,,,,,"Categories; 1951 births; 20th-century American murderers; American adoptees; American male criminals; American murderers of children; American people convicted of murder; American people of Italian descent; American pimps; American Seventh-day Adventists; American prisoners sentenced to life imprisonment; American rapists; Criminals from Los Angeles; Criminals from New York (state); Living people; People convicted of murder by California; People convicted of murder by Washington (state); People from Rochester, New York; People with antisocial personality disorder; People with passive-aggressive personality disorder; People with sexual sadism disorder; Prisoners sentenced to life imprisonment by California; Prisoners sentenced to life imprisonment by Washington (state); Serial killers from California; Serial killers from Washington (state); Violence against women in California; Male murderers",2026-09-27 09:50:08
Enriqueta Martí,12.0,,,Low (5-14),,1900,1912,Female,True,False,False,https://en.wikipedia.org/wiki/Enriqueta_Martí,"Enriqueta Martí Ripollés(1868– 12 May 1913)was a Spanish childserial killer,kidnapper,prostituteandprocuressof children. She was called ""The Vampire of carrer Ponent"", ""The Vampire of Barcelona"" and ""The Vampire of the Raval"" in the press. Some researchers have, however, asserted that she was not a killer of children, but rather a person with mental disorders who can only be proven reliably to have abducted one young girl, Teresita Guitart. They also contend that the acts that are attributed to ",Enriqueta Martí,,12,,1900-1912 (confirmed),12.0,,,,,,1913-05-12,"2) (aged 44–45) Barcelona , Kingdom of Spain","Maid , babysitter and prostitute",,,,Categories; Female rapists; 1868 births; 1912 deaths; Burials at Montjuïc Cemetery; Child prostitution; Child sexual abuse in Spain; People from Sant Feliu de Llobregat; People murdered in Spain; Prisoners murdered in custody; Prisoners who died in Spanish detention; Serial killers murdered in prison custody; Spanish brothel owners and madams; Spanish female serial killers; Spanish serial killers; Spanish murderers of children; Spanish murder victims; Spanish people who died in prison custody; Spanish pimps; Spanish prostitutes,2026-09-27 09:50:11
Abdallah al-Hubal,13.0,,,Low (5-14),Yemen,1990,1998,Unknown,True,False,True,https://en.wikipedia.org/wiki/Abdallah_al-Hubal,"Abdallah al-Hubal(1955 – 16 August 1998) was aYemeniserial killer. After killing seven people in 1990 after the Yemeni reunion, he was imprisoned inAden, but was able to flee for a short time. He was not found until the beginning of August 1998, when he killed a couple and three other people in Bayt al-Faqīh. The latter were, according to the police, witnesses of the first two murders. On 16 August 1998, al-Hubal engaged in a firefight with the policekilling one policeman and injuring several ot",Abdallah al-Hubal,,13,,1990–1998,8.0,Yemen,,,,,1998-08-16,"6) (aged 42–43) Bayt al-Faqih , Yemen",,,,,Categories; 1955 births; 1998 deaths; 1998 murders in Asia; 1990 murders in Asia; Murder in Yemen; People shot dead by law enforcement officers in Yemen; Yemeni serial killers; Yemeni people stubs,2026-09-27 09:50:13
Joseph Christopher,19.0,12.0,7.0,Medium (15-29),United States,1980,1981,Unknown,True,False,False,https://en.wikipedia.org/wiki/Joseph_Christopher,"Joseph Gerard Christopher(July 26, 1955 – March 1, 1993), also known as theMidtown Slasherand the.22 Caliber Killer, was an Americanserial killerwho committed a series of stabbings and shootings againstAfrican Americanmen and boys, killing twelve and injuring seven, between 1980 and 1981 in variousNew Yorkcities and towns. Joseph Gerard Christopher was born inBuffalo, New Yorkon July 26, 1955, as the only son born to Therese (née Hurley) and Nicholas Christopher. His mother was a registered nurs",Joseph Christopher,The .22-Caliber Killer The Midtown Slasher,19,"Christopher's murder spree began on September 22, 1980, when he killed three black men and one boy in the space of 36 hours with a .22 caliber sawed-off Ruger 10/22 semi-automatic rifle concealed in a brown paper bag. These murders led to the media epithet of the .22-Caliber Killer. [ 3 ] A 14-year-old boy, Glenn Dunn, was the first victim, shot outside a supermarket in Buffalo on September 22.  Harold Green, 32, was shot the next day while dining at a fast food restaurant in Cheektowaga . That ","September 22, 1980 – January 18, 1981",1.0,United States,,,"July 26, 1955","Buffalo, New York , U.S.",1993-03-01,"1) (aged 37) Attica Correctional Facility , New York, U.S.",,,,,"Categories; 1955 births; 1980 murders in the United States; 1993 deaths; American people convicted of murder; American people who died in prison custody; American prisoners sentenced to life imprisonment; American male criminals; American murderers of children; American white supremacists; Deaths from cancer in New York (state); Deaths from male breast cancer; Deaths from breast cancer in New York (state); Criminals from Buffalo, New York; People with schizophrenia; People convicted of murder by New York (state); Prisoners sentenced to life imprisonment by New York (state); Prisoners who died in New York (state) detention; Racially motivated violence against African Americans in Georgia (U.S. state); Racially motivated violence against African Americans in New York (state); Racially motivated violence against African Americans in New York City; Serial killers from Georgia (U.S. state); Serial killers from New York (state); Serial killers who died in prison custody; Violence against men in the United States; 20th-century American murderers; Male murderers",2026-09-27 09:50:15
"""Paraquat murders"" killer",,,,Very Low (<5),Japan,,,Unknown,True,False,False,https://en.wikipedia.org/wiki/Paraquat_murders,"Theparaquat murders(パラコート連続毒殺事件,Parakōto renzoku dokusatsu jiken)were a series of indiscriminate beveragepoisoningscarried out in western and central Japan in 1985. The drinks were placed in and aroundvending machines, where the victim would consume the beverage. All the beverages were poisoned with the herbicideparaquat dichloride, except for one which was poisoned withdiquat. The most targeted beverages were the energy drinksOronamin Cand Real Gold. The first known case was on April 30, inFuku",Paraquat murders,,0,,,,Japan,Japan,,,,,,,,,,Categories; 1985 murders in Japan; Deaths by poisoning; Fugitives; Poisoners; Serial murders in Japan; Unidentified Japanese serial killers,2026-09-27 09:50:18
Sergey Golovkin,11.0,13.0,,Low (5-14),Soviet Union,1986,1992,Unknown,True,False,False,https://en.wikipedia.org/wiki/Sergey_Golovkin,"Sergey Aleksandrovich Golovkin(Russian:Серге́й Александрович Головкин; 26 November 1959 – 2 August 1996) was a Soviet-Russianserial killer, rapist and necrophile, convicted for the killing of 11 boys between the ages of 10 and 16 in theMoscowarea between 1986 and 1992.Golovkin, also known asFisherandThe Boa,tortured,rapedand killed young boys in his garage basement and the forests outside Moscow. Golovkin was the last person to beexecutedin Russia beforethe moratorium on capital punishment. Serg",Sergey Golovkin,The Fisher The Boa Chikatilo 's Apprentice,13,"In April 1986, Golovkin committed his first murder, near the Katuar railway station in Nekrasov, Moscow Oblast , just outside of Moscow. He met 15-year-old Andrey Pavlov, threatened him with a knife and dragged him into the forest. Pavlov was raped and strangled to death and Golovkin performed necrophilia on the body. The following July, Golovkin committed his second murder, abducting 12-year-old Andrey Gulyaev from a summer camp near Odintsovo , Moscow Oblast. Gulyaev was also threatened with a",1986–1992,6.0,Soviet Union; Russia,,,26 November 1959,"Moscow, Soviet Union",1996-08-02,"2) (aged 36) Butyrka Prison , Moscow, Russia",,Executed,Executed,,Categories; 1959 births; 1996 deaths; 20th-century executions by Russia; 20th-century Russian LGBTQ people; Executed people from Moscow; Executed Russian serial killers; Executed Soviet serial killers; Incidents of violence against boys; Inmates of Butyrka prison; Necrophiles; People convicted of murder by Russia; People executed by Russia by firearm; People with antisocial personality disorder; People with schizoid personality disorder; Rape of males; Russian murderers of children; Russian people convicted of child sexual abuse; Russian people convicted of murder; Russian people convicted of rape; Russian people executed by Russia; Soviet rapists; Torture in Russia; Violence against men in Russia,2026-09-27 09:50:20
Tiago Henrique Gomes da Rocha,11.0,39.0,11.0,High (30+),Brazil,2011,2014,Unknown,True,False,False,https://en.wikipedia.org/wiki/Tiago_Henrique_Gomes_da_Rocha,"Tiago Henrique Gomes da Rocha(born 4 February 1988) is a Brazilian former security guard andserial killerwho has claimed to have killed 39 people.He approached his victims on a motorbike and shouted ""robbery"" before shooting them.However, he never took anything.He targetedhomelesspeople, women andhomosexualsinGoiás.Sixteen of his victims were female, with the youngest being a 14-year-old girl whom he killed in January 2014. Gomes da Rocha was arrested after being caught riding a motorbike with a",Tiago Henrique Gomes da Rocha,,39,,2011–2014,3.0,Brazil,,,4 February 1988,"age 38) Goiânia , Brazil",,,,,,,Categories; 21st-century Brazilian criminals; Brazilian murderers of children; Brazilian prisoners and detainees; Brazilian serial killers; People from Goiânia; Living people; People convicted of murder by Brazil; Robbers; Security guards; Violence against gay men; 1988 births; Violence against LGBTQ people in Brazil; Brazilian people stubs; Crime biography stubs; Violence against homeless people,2026-09-27 09:50:23
Herb Baumeister,11.0,23.0,1.0,Medium (15-29),United States,1980,1995,Unknown,True,False,False,https://en.wikipedia.org/wiki/Herb_Baumeister,"Herbert Richard Baumeister(April 7, 1947 – July 3, 1996) was an American businessman and allegedserial killerwho came under suspicion of murdering over a dozen men in the early-to-mid 1990s, most of whom were last seen atgay barsin centralIndiana. Police ultimately found the remains of eleven men, eight identified, on Baumeister's property.He died bysuicideafter a warrant was issued for his arrest. Since his death, he has come under suspicion forthe murders of twelve other menalongInterstate 70i",Herb Baumeister,,23,"In May 1988, Baumeister purchased Fox Hollow Farm, an 18-acre property built in 1978 off 156th Street and the Monon Trail in Westfield, Indiana . In 1994, Baumeister's son had been playing in the family's wooded backyard when he found a complete, partially buried human skeleton. Baumeister explained to his family that it had been one of his father's dissecting skeletons; he had it stored in their garage before eventually burying it again in the garden. On June 24, 1996, investigators recovered h",1980–1995,15.0,United States,,,"April 7, 1947","Indianapolis , Indiana , U.S.",1996-07-03,"3) (aged 49) Pinery Provincial Park , Ontario , Canada",,Deceased,Deceased,,"Categories; 1947 births; 1996 deaths; 1996 suicides; 20th-century American businesspeople; 20th-century American LGBTQ people; American male criminals; Businesspeople from Indiana; Crime in Indianapolis; LGBTQ people from Indiana; Murder in Indiana; People with antisocial personality disorder; People from Westfield, Indiana; People with schizophrenia; Criminals from Indiana; Criminals from Ohio; Serial killers from Indiana; Serial killers from Ohio; Suicides by firearm in Ontario; Violence against gay men in the United States; Male suicides; 20th-century American murderers; Male murderers",2026-09-27 09:50:25
Zhang Yongming,12.0,,,Low (5-14),China,1978,2012,Unknown,True,False,True,https://en.wikipedia.org/wiki/Zhang_Yongming,"Zhang Yongming(Chinese:张永明; 1956 – 10 January 2013) was a Chineseserial killerandcannibalwho was convicted of, and subsequently confessed to, the murder of 11 people between March 2008 and April 2012, in what became known as theJinning serial murder case[zh].He was executed on 10 January 2013. The case received domestic significant media attention because Zhang had been frequently reported since the first murder, but local authorities failed to investigate. Parents of the missing were the ones t",Zhang Yongming,The Cannibal Killer Cannibal Monster,12,"On 1 May 2007, Li Hanxiong disappeared on his birthday after going near Zhang's home. The boy had accompanied his father Li Yudong to help till their land, when the elder Li, worried that his son might overheat in the hot weather, sent his son home early at 9:30 a.m. to prepare rice for lunch. Li Hanxiong told his father that he was going to take a detour to retrieve a lost piece of clothing at a nearby field. It's assumed by authorities that Li Hanxiong was abducted while crossing a riverbank n",1978; May 2007 – April 2012,34.0,China,,,,,10 January 2013,"aged 57) Yunnan , China",,,,,Categories; 1956 births; 2008 murders in China; 2010 murders in China; 2012 murders in China; 2013 deaths; 21st-century executions by China; Cannibals; Chinese male criminals; Executed Chinese serial killers; 21st-century Chinese murderers; Chinese farmers; Executed People's Republic of China people; People convicted of murder by China; People executed by China by firearm; Violence against men in Asia; People from Kunming; Incidents of violence against boys; Law enforcement controversies; Chinese cannibals; Male murderers,2026-09-27 09:50:27
Jack Unterweger,12.0,15.0,,Medium (15-29),Austria,1974,1992,Unknown,True,False,False,https://en.wikipedia.org/wiki/Jack_Unterweger,"Johann""Jack""Unterweger(16 August 1950 – 29 June 1994) was an Austrianserial killerwho committed at least twelve murders in Austria,West Germany,Czechoslovakiaand the United States. Initially convicted in 1976 of a single murder, Unterweger began to write extensively while in prison. His work gained the attention of Austrian intellectuals, who interpreted it as evidence of his supposedrehabilitation. After significant lobbying, Unterweger was released onparolein 1990. Upon his release, he became ",Jack Unterweger,,15,"On the evening of 11 December 1974, Unterweger and Scholz burglarized the home of Scholz's parents in Ewersbach , when 18-year-old Margret Schäfer , a friend of Scholz, caught them in the act. They convinced Schäfer to keep quiet and accompany them in the car. After Scholz stole the equivalent of 100 schilling from an acquaintance's apartment, the group reached a parking lot, where Unterweger overpowered Schäfer, tied her up and stole her wallet, promising to release her outside of town. Unterwe",1974–1992,18.0,Austria; West Germany; Czechoslovakia; United States,,,16 August 1950,"Judenburg , Styria , Allied-occupied Austria",1994-06-29,"9) (aged 43) Graz-Karlau Prison , Graz , Styria, Austria","Journalist, playwright, waiter",,,,Categories; 1950 births; 1994 suicides; 1994 deaths; 20th-century murderers; Austrian serial killers; 20th-century Austrian criminals; Austrian rapists; 20th-century Austrian dramatists and playwrights; 20th-century Austrian male writers; 1974 murders in Europe; Austrian autobiographers; 1990 murders in Austria; 1991 murders in Europe; 1991 murders in the United States; Austrian male dramatists and playwrights; Austrian people convicted of murder; Austrian expatriates in the United States; Austrian people of American descent; Austrian people who died in prison custody; Austrian prisoners sentenced to life imprisonment; People paroled from life sentence; Crimes against sex workers; Criminals from Los Angeles; Fugitives wanted by Austria; People convicted of murder by Austria; People from Judenburg; Prisoners sentenced to life imprisonment by Austria; People with narcissistic personality disorder; Murder in California; Murder in Czechoslovakia; People convicted of theft; People convicted of sexual assault; Prisoners who died in Austrian detention; Serial killers who died by suicide in prison custody; Suicides by hanging in Austria; Violence against women in Europe; Violence against women in the United States; Male suicides; Male murderers,2026-09-27 09:50:29
Vitaly Manishin,11.0,15.0,,Medium (15-29),Soviet Union,1989,2000,Unknown,True,False,False,https://en.wikipedia.org/wiki/Vitaly_Manishin,"Vitaly Yegorovich Manishin(Russian:Вита́лий Его́рович Мани́шин; born 10 November 1971), known asThe Barnaul Maniac(Russian:Барнаульский маньяк), is a Soviet–Russianserial killerwho raped and murdered at least 11 young girls and women inBarnaulandBuranovofrom 1989 to 2000. The case remained unsolved and was a subject of media speculation for decades. Manishin was identified as the prime suspect in 2023 after he was linked to some of the murders viaDNA, after which he admitted responsibility for t",Vitaly Manishin,The Barnaul Maniac; The University Maniac; The Polytechnic Maniac; The Bloody Rector; The Tutor,15,"Manishin's first known victim was 17-year-old Lyudmila Obidina, who was killed on 16 September 1989 in Zelyonaya Dubrava. The victim's remains were found in September 1990. After this murder, he is not known to have committed another violent crime until 1998. [ 1 ] On 7 June 1998, an applicant to the Altai State Pedagogical University named Yana Shalamova disappeared. [ 2 ] A week later, her body was discovered by fishermen floating in the Ob River . Experts concluded that the girl had been stra",1989–2000,11.0,Soviet Union; later Russia,,,10 November 1971,"age 54) Zelyonaya Dubrava , Altai Krai , RSFSR , Soviet Union",,,,,,,Categories; 1971 births; Living people; 20th-century Russian murderers; 21st-century Russian murderers; Russian serial killers; Russian murderers of children; People convicted of murder by Russia; Russian prisoners and detainees; Prisoners and detainees of Russia; Violence against women in Russia; People from Altai Krai; Russian veterinarians; Male murderers,2026-09-27 09:50:32
Vaughn Greenwood,11.0,1.0,,Low (5-14),United States,1964,1975,Unknown,True,False,False,https://en.wikipedia.org/wiki/Vaughn_Greenwood,"Vaughn Orrin Greenwood(January 19, 1944 – December 18, 2020) was an Americanserial killerwho gained the nickname theSkid Row Slasher. He murdered elevenvagrantsinSouthern Californiabetween November 1964 and January 1975, in addition to a failed twelfth murder that ultimately led to his capture. The first attacks occurred when Greenwood killed two transients in November 1964.[citation needed]A ten-year gap period between murders occurred due to Greenwood being convicted and sentenced due to a kni",Vaughn Greenwood,Skid Row Slasher,11,The first attacks occurred when Greenwood killed two transients in November 1964. [ citation needed ] A ten-year gap period between murders occurred due to Greenwood being convicted and sentenced due to a knifing assault in Chicago in 1966. [ citation needed ] He spent five and a half years in jail for this conviction before returning to California . [ citation needed ] Greenwood continued his murder spree in December 1974 and killed nine victims between December 1974 and February 1975. [ citati,1964–1975,11.0,United States,,,"January 19, 1944","Pennsylvania , U.S.",2020-12-18,"8) (aged 76) California Men's Colony , San Luis Obispo, California",,,,,Categories; 1944 births; 2020 deaths; 20th-century African-American people; 20th-century American murderers; American male criminals; American people convicted of assault; American people convicted of attempted murder; American people convicted of murder; American prisoners sentenced to life imprisonment; Criminals from Los Angeles; Criminals from Pennsylvania; People convicted of murder by California; Prisoners sentenced to life imprisonment by California; Serial killers from California; Serial killers who died in prison custody; Vampirism (crime); Violence against men in the United States; Violence against homeless people in the United States; Male murderers,2026-09-27 09:50:35
Anthony Sowell,11.0,,,Low (5-14),United States,2007,2009,Unknown,True,False,False,https://en.wikipedia.org/wiki/Anthony_Sowell,"Anthony Edward Sowell(August 19, 1959 – February 8, 2021)was an Americanserial killerandrapistknown asThe Cleveland Strangler. He was convicted in 2011 of murdering 11 women whose bodies were discovered at hisCleveland, Ohio, home in 2009. After beingsentenced to deathfor the murders, Sowell died in prison from aterminal illness. Anthony Edward Sowell was born and raised inEast Cleveland, Ohio,one of seven children born to single parent Claudia ""Gertrude"" Garrison. Seven other children belonging",Anthony Sowell,,11,"On November 5, 2009, two of the eleven victims were identified. All of Sowell's known victims were African-American women of an either slender or morbidly obese build, 10 of the 11 women were mothers. Of these victims, seven of them were between the age of 44 to 53, three in their 30's and the third was 25. The first two were in their 30s. Kim Yvette Smith, a 44-year-old, was the first victim tied to Sowell to be reported missing in 2009. She was reported missing by her family. Her body was disc",May 2007 – September 2009,2.0,United States,,,"August 19, 1959","East Cleveland, Ohio , U.S. [ 1 ]",2021-02-08,"8) (aged 61) Franklin Medical Center, Columbus, Ohio , U.S.",,Deceased,Deceased,,Categories; 1959 births; 2021 deaths; 2010s trials; 20th-century African-American people; 20th-century American criminals; 21st-century African-American people; 21st-century American criminals; American male criminals; American people convicted of attempted murder; American people convicted of attempted rape; American people convicted of kidnapping; American people convicted of murder; American people convicted of rape; American people who died in prison custody; American prisoners sentenced to death; Military personnel from Cleveland; People convicted of murder by Ohio; Criminals from Cleveland; Prisoners sentenced to death by Ohio; Prisoners who died in Ohio detention; Serial killers from Ohio; Serial killers who died in prison custody; United States Marines; Violence against African-American women in Ohio,2026-09-27 09:50:37
Henri Désiré Landru,11.0,10.0,7.0,Low (5-14),France,1915,1919,Unknown,True,False,False,https://en.wikipedia.org/wiki/Henri_Désiré_Landru,"Henri Désiré Landru(12 April 1869– 25 February 1922) (French pronunciation:[ɑ̃ʁideziʁelɑ̃dʁy]) was a Frenchserial killer, nicknamed theBluebeard of Gambaisand a prolificmarriage fraudster. He is confirmed to have murdered at least ten women and the teenage son of his first victim, primarily targeting lonely war widows whom he met through newspaper advertisements, seduced, defrauded of their assets, and then killed, disposing of their bodies by burning them in his stove. He committed these crimes",Henri Désiré Landru,The Bluebeard of Gambais; [ 3 ] [ 4 ] The Lady Killer; [ 5 ] The Red Man of Gambais; [ 6 ] many pseudonyms; including; Monsieur Diard; Dupont; Georges Frémyet; Lucien Guillet,11,"The outbreak of World War I in August 1914 created a grim opportunity. With hundreds of thousands of Frenchmen mobilized or killed, newspapers filled with lonely hearts advertisements from war widows seeking companionship and security. [ 14 ] Landru, exempt from service due to his age and dependents (and possibly his fugitive status), realized the appeal a seemingly stable man would hold. He began placing his own ads in major newspapers like Le Journal , presenting himself as a respectable widow",January 1915 – 13 January 1919 [ 8 ],4.0,France,,,12 April 1869,"[ 1 ] Paris , France",1922-02-25,"5) (aged 52) [ 2 ] Versailles , France","Inventor, furniture dealer, fraudster",,,,Categories; 1869 births; 1922 deaths; 19th-century French military personnel; 19th-century French inventors; 20th-century French inventors; 19th-century Roman Catholics; 20th-century Roman Catholics; Burials at the Cimetière des Gonards; Criminals from Paris; Executed French serial killers; French fraudsters; French Roman Catholics; Murder convictions without a body; People convicted of murder by France; People executed by the French Third Republic by guillotine; French people of World War I; Quartermasters; French accountants; Salespeople; Toy inventors; French motorcycle designers; 20th-century French murderers,2026-09-27 09:50:39
Nannie Doss,11.0,,,Low (5-14),United States,1927,1954,Female,True,False,False,https://en.wikipedia.org/wiki/Nannie_Doss,"Nannie Doss(born November 4, 1905 – June 2, 1965) was an Americanserial killerresponsible for the deaths of 11 people between 1927 and 1954.Doss was also referred to as theGiggling Granny, theLonely Hearts Killer,theBlack Widow, andLadyBlue Beard. Doss finally confessed to the murders in October 1954, after her fifth husband died in a small hospital inTulsa,Oklahoma. In all, it was revealed that she had killed four husbands, two children, one of her sisters, her mother, two grandsons, and a moth",Nannie Doss,The Giggling Nanny The Giggling Granny The Jolly Black Widow The Lonely Hearts Killer,11,,1927–1954,27.0,United States,,,"November 4, 1905","Blue Mountain, Alabama , U.S.",1965-06-02,"2) (aged 59) Oklahoma State Penitentiary , McAlester, Oklahoma , U.S.",,,,,"Categories; 1905 births; 1965 deaths; 20th-century American murderers; American female serial killers; American people convicted of murder; American people who died in prison custody; American prisoners sentenced to life imprisonment; Criminals from Alabama; Deaths from leukemia in Oklahoma; Child filicides in the United States; Perpetrators of filicide; Perpetrators of mariticide; Perpetrators of matricide; Perpetrators of sororicide; People convicted of murder by Oklahoma; People from Anniston, Alabama; Poisoners; Prisoners sentenced to life imprisonment by Oklahoma; Prisoners who died in Oklahoma detention; Serial killers from Alabama; Serial killers from Kansas; Serial killers from North Carolina; Serial killers from Oklahoma; Serial killers who died in prison custody",2026-09-27 09:50:41
Marie Alexandrine Becker,11.0,,,Low (5-14),Belgium,1933,1936,Female,True,False,False,https://en.wikipedia.org/wiki/Marie_Alexandrine_Becker,"Marie Alexandrine Becker(néePetitjean; 14 July 1879 – 11 June 1942), nicknamedThe Black Widow, was aBelgianserial killerwho wassentenced to deathfor poisoning eleven people between 1933 and 1936, and attempting to poison five others. Sincecapital punishment in Belgiumhad not been applied since 1863, her sentence was commuted to life imprisonment. Marie Petitjean was born in the rural village of Waasmont,Landenmunicipality. She rarely attended school, having to help her parents in the fields, but",Marie Alexandrine Becker,The Black Widow; The Belgian Borgia,11,,1933–1936,3.0,Belgium,,,14 July 1879,"Waasmont, Landen , Belgium",1942-06-11,"1) (aged 62) Forest Prison , Brussels , German-occupied Belgium",,,,,Categories; 1879 births; 1942 deaths; 20th-century Belgian criminals; Belgian female murderers; Belgian serial killers; Belgian people convicted of murder; Belgian prisoners sentenced to death; Female serial killers; People from Liège; Poisoners; People convicted of murder by Belgium; Prisoners sentenced to death by Belgium; Serial killers who died in prison custody; Women sentenced to death,2026-09-27 09:50:44
Seisaku Nakamura,9.0,11.0,,Low (5-14),Japan,1938,1942,Unknown,True,False,False,https://en.wikipedia.org/wiki/Seisaku_Nakamura,"Seisaku Nakamura(中村 誠策,Nakamura Seisaku; September 10, 1923 – July 24, 1944)was a Japanese man convicted forserial killingsin histeenage years.He is also known asHamamatsu Deaf Killer.He was convicted of stabbing at least nine people to death, including several teenagers, in theShizuoka Prefecture. The book,Senzen no Shōnen Hanzai(戦前の少年犯罪), which included the subject of the incident, was published in October 2007. Seisaku Nakamura was born deaf. He was intelligent, achieving high marks at school",Seisaku Nakamura,Hamamatsu Deaf Killer,11,"According to his testimony, on August 22, 1938, [ 1 ] he attempted to rape two women; they resisted him, so he murdered them. He was 14 years old at that time. However, the two murders are often excluded from his serial murders. On August 18, 1941, at the age of 17, Nakamura killed a third woman and injured a fourth. On August 20, 1941, three more people were found dead, murdered by Nakamura. On September 27, 1941, he murdered his brother, and injured his father, his sister, his sister-in-law an","August 22, 1938 – August 30, 1942",4.0,Japan,,,"September 10, 1923","Shizuoka , Empire of Japan",1944-07-24,4) (aged 20) Empire of Japan,,,,,Categories; 1923 births; 1944 deaths; 20th-century executions by Japan; Executed Japanese serial killers; Executed Japanese mass murderers; Serial mass murderers; Family murders; Perpetrators of fratricide; Japanese deaf people; Japanese murderers of children; Japanese rapists; Juvenile serial killers; Male juvenile murderers; Minors convicted of murder; People convicted of murder by Japan; People executed by Japan by hanging; People from Shizuoka Prefecture; 1942 mass murders; 20th-century mass murders in Japan; 20th-century Japanese murderers,2026-09-27 09:50:46
Robledo Puch,11.0,,,Low (5-14),Argentina,1971,1972,Unknown,True,False,False,https://en.wikipedia.org/wiki/Robledo_Puch,"Carlos Eduardo Robledo Puch(born 19 January 1952), also known asThe Angel of DeathandThe Black Angel, is an Argentineserial killer. He wasconvictedof at least elevenmurders(including the killing of at least one accomplice), oneattempted murder, seventeenrobberies, involvement in onerapeand one attempted rape, one count ofsexual abuse, twokidnappings, and two thefts. Most of the offenses occurred in the northern area ofGreater Buenos Aires.Robledo Puch hated Argentine society at the time and bega",Robledo Puch,Carlitos The Angel The Death Angel The Black Angel,11,"Puch's first documented murder occurred on 3 May 1971, when Puch and Ibáñez entered an auto repair shop in Vicente López around midnight, [ 8 ] in northern Greater Buenos Aires. Puch shot and killed the shop's owner. He then seriously injured and sexually assaulted his wife, who survived along with her 10-month-old baby daughter. [ 3 ] [ 9 ] Before fleeing with AR$400,000 in cash, Puch shot towards the baby's cradle, failing in his attempt to shoot her. [ 8 ] Puch and Ibáñez killed again 11 days",1971–1972,1.0,Argentina,,,19 January 1952,"age 74) Buenos Aires , Argentina",,,,,,,Categories; 1952 births; Argentine kidnappers; Argentine people of German descent; Argentine people convicted of murder; Argentine rapists; Argentine serial killers; Argentine murderers of children; Argentine sex offenders; Living people; People convicted of murder by Argentina; People from Buenos Aires; Argentine prisoners sentenced to life imprisonment; Prisoners sentenced to life imprisonment by Argentina; People convicted of rape; People convicted of attempted murder; People convicted of robbery; People convicted of kidnapping; People with antisocial personality disorder; Violence against women in Argentina,2026-09-27 09:50:49
Clifford Olson,11.0,,,Low (5-14),Canada,1980,1981,Unknown,True,False,False,https://en.wikipedia.org/wiki/Clifford_Olson,"Clifford Robert Olson Jr.(January 1, 1940 – September 30, 2011)was a Canadian convictedserial killerwho confessed to murdering 11 children, aged between 9 and 18, in the early 1980s. In 1976, Olson was serving a sentence for his crimes as a con artist. He had obtained favourable terms for himself by acting as an informant against a cellmate, even coaxing him into a written confession. However, Olson said it was discussions with his cellmate that led to his sexual interest in children and murdero",Clifford Olson,The Beast of British Columbia,11,"Christine Weller, 12, from Surrey, British Columbia , was abducted on November 17, 1980. [ 4 ] Her body was found more than a month later on Christmas Day; she had been strangled with a belt and stabbed repeatedly. On April 16, 1981, Colleen Marian Daignault, 13, vanished. [ 5 ] Five months later her body was found. [ 6 ] On April 22, 1981, Daryn Todd Johnsrude, 16, was abducted and killed; his body was found less than two weeks later. [ 7 ] On May 19, 1981, 16-year-old Sandra Wolfsteiner was ki",1980–1981,1.0,Canada,,,"January 1, 1940","Vancouver , British Columbia , Canada",2011-09-30,"0) (aged 71) Laval, Quebec , Canada",,Died in hospital while in prison custody,Died in hospital while in prison custody,,Categories; 1940 births; 2011 deaths; Canadian male criminals; Canadian murderers of children; Canadian people convicted of murder; Canadian people who died in prison custody; Canadian prisoners sentenced to life imprisonment; Canadian rapists; Canadian serial killers; 20th-century Canadian murderers; Child sexual abuse in Canada; Criminals from British Columbia; Deaths from cancer in Quebec; Murder in British Columbia; People convicted of murder by Canada; People from Vancouver; People with antisocial personality disorder; Prisoners sentenced to life imprisonment by Canada; Prisoners who died in Canadian detention; Serial killers who died in prison custody; Male murderers,2026-09-27 09:50:51
Francisco García Escalero,11.0,,,Low (5-14),Spain,1987,1994,Unknown,True,False,False,https://en.wikipedia.org/wiki/Francisco_García_Escalero,"Francisco García Escalero(24 May 1948 – 19 August 2014) was a Spanishserial killerconvicted for the murders of at least 11 individuals between 1987 and 1994.He also practicednecrophiliaandcannibalism. Escalero was born on 24 May 1948 inMadrid,Spain. He was a sickly and strange boy who received a poor and inferior education. From an early age, he showed a fascination with death and enjoyed walking through the cemetery. His father hated him and subjected him to many beatings. At age 16, Escalero w",Francisco García Escalero,El Matamendigos (The Beggars Killer),11,"Disturbed by the ""voices"", Escalero's first murder was of Paula Martínez in August 1987. She was a sex worker. Escalero decapitated and burned her. In March 1988 Escalero killed a beggar named Juan. Escalero stabbed him before crushing his head with a stone. [ 3 ] Months later, another beggar was found dead and seriously burned. Escalero continued killing many more people, practising acts of necrophilia and cannibalism ; he was known to go to cemeteries to steal bodies to rape them. In March 198",1987–1994,7.0,Spain,,,24 May 1948,"Madrid , Spain",2014-08-19,"9) (aged 66) Alicante , Spain",,,,,Categories; 1948 births; 2014 deaths; Cannibals; Necrophiles; Spanish rapists; Spanish serial killers; People acquitted by reason of insanity; People with schizophrenia,2026-09-27 09:50:53
Henry Louis Wallace,11.0,,,Low (5-14),United States,1990,1994,Unknown,True,False,False,https://en.wikipedia.org/wiki/Henry_Louis_Wallace,"Henry Louis Wallace(born November 4, 1965), also known as the ""Taco Bell Strangler"", is an Americanserial killerwho killed eleven women inSouth CarolinaandNorth Carolinafrom March 1990 to March 1994. He is currently awaitingexecutionatCentral PrisoninRaleigh. Henry Louis Wallace was born inBarnwell, South Carolina,the son of Lottie Mae Wallace. Wallace grew up with his mother working long hours as a textile worker. She was verbally abusive, criticizing her son for even the smallest mistakes. He ",Henry Louis Wallace,Taco Bell Strangler,11,"On March 8, 1990, Wallace murdered 18-year-old Tashanda Bethea, [ 3 ] a Barnwell High School student. He then dumped her body in a lake in his hometown. Her body was not discovered for several months. Wallace was questioned by the police regarding her disappearance and death but was never formally charged with her murder . He was also questioned about the attempted rape of a 16-year-old Barnwell girl but was never charged for that. By that time, his marriage to Maretta had fallen apart. He was a","March 8, 1990 – March 8, 1994",4.0,United States,,,"November 4, 1965","age 60) Barnwell, South Carolina , U.S.",,,,,,,"Categories; 1965 births; 20th-century African-American people; 20th-century American criminals; African-American United States Navy personnel; American male criminals; American people convicted of murder; American people convicted of rape; American prisoners sentenced to death; American radio personalities; Living people; People from Barnwell, South Carolina; People convicted of murder by North Carolina; Prisoners sentenced to death by North Carolina; Serial killers from North Carolina; Serial killers from South Carolina; Taco Bell; United States Navy sailors; Violence against African-American women in North Carolina; Violence against African-American women in South Carolina",2026-09-27 09:50:55
Benjamin Atkins,11.0,1.0,,Low (5-14),United States,1991,1992,Unknown,True,False,False,https://en.wikipedia.org/wiki/Benjamin_Atkins,"Benjamin Thomas Atkins(August 26, 1968– September 17, 1997), also known asTheWoodward CorridorKiller, was an Americanserial killerand rapist who raped and tortured 12 women, murdering 11 of them inHighland ParkandDetroit,Michigan, during a period of eight months between December 1991 and August 1992.Atkins was apprehended by police with the assistance of his sole surviving victim, who rode with officers around the area and was able to identify Atkins as her attacker. After he was arrested for ra",Benjamin Atkins,The Woodward Corridor Killer The Highland Park Strangler Tony,11,"Atkins mainly chose young destitute women as victims, while he also targeted one middle-aged woman (Vicki Beasley-Brown); his victims were often prostitutes or drug addicts. He would lure them to abandoned buildings where he sexually assaulted them. After strangling his victims, he would leave the bodies at the crime scenes, with some of them discovered months after their deaths In or around October 1991, Darlene Saunders (age 35) had seen Atkins around the neighborhood so when he offered paymen","December 14, 1991 – August 21, 1992",1.0,United States,,,"August 26, 1968","Detroit , Michigan , U.S.",1997-09-17,"7) (aged 29) Charles Egeler Reception and Guidance Center , Jackson, Michigan , U.S.",,,,,"Categories; 1968 births; 1991 murders in the United States; 1997 deaths; AIDS-related deaths in Michigan; American male criminals; American people convicted of murder; American people convicted of rape; American people who died in prison custody; American prisoners sentenced to life imprisonment; Crimes against sex workers in the United States; Highland Park, Michigan; People convicted of murder by Michigan; People with antisocial personality disorder; Prisoners sentenced to life imprisonment by Michigan; Prisoners who died in Michigan detention; Serial killers from Detroit; Serial killers who died in prison custody; Violence against African-American women in Michigan; Women in Detroit; 20th-century American murderers; Male murderers",2026-09-27 09:50:57
Adnan Çolak,11.0,,,Low (5-14),Turkey,1992,1995,Unknown,True,False,False,https://en.wikipedia.org/wiki/Adnan_Çolak,"Adnan Çolak(born 5 September 1952) is a Turkishserial killerandrapistknown as ""Baltalı Katil"" (""The Axe Murderer"") or ""Artvin Canavarı"" (""The Beast of Artvin""). He murdered eleven elderly people, including six women, whom he raped. He was sentenced to death and 40 years in prison. His death penalty was commuted to life imprisonment. In 2005, he was released from prison on conditional release arrangement. The first crime was committed when an elderly couple from theSeyitlervillage ofArtvinwas kil",Adnan Çolak,Baltalı Katil; The Axe Murderer; ) or; Artvin Canavarı; The Beast of Artvin,11,"The first crime was committed when an elderly couple from the Seyitler village of Artvin was killed with an axe around 23 hours local time on 6 October 1992. The man raped the 15-year-old girl of the family twice in the barn, and then took her to a cave a few kilometres away from the crime scene, and raped her there as well. [ 4 ] In the morning hours, one year later,  an elderly man and his bride from the Soğanlı village were found killed by adze in the head. The woman was raped. The two crime ",1992–1995,3.0,Turkey,,,5 September 1952,age 74) Turkey],,,,,,,Categories; 1952 births; Living people; People from Artvin; Turkish serial killers; Turkish rapists; Turkish people convicted of murder; People convicted of murder by Turkey; Prisoners sentenced to life imprisonment by Turkey; Violence against women in Turkey,2026-09-27 09:51:00
Andre Crawford,11.0,,,Low (5-14),United States,1993,1999,Unknown,True,False,False,https://en.wikipedia.org/wiki/Andre_Crawford,"Andre Crawford(March 20, 1962 – March 18, 2017) was an Americanserial killer,rapistandnecrophilewho killed 11 women between 1993 and 1999 in Chicago. Many of the women were addicted to drugs or worked as sex workers. He also had sex with their corpses.In 2009, Crawford was found guilty on all counts and sentenced to life imprisonment without parole. All of the crimes were committed in theEnglewoodneighborhood, where, at the time, at least one other serial killer,Hubert Geralds, was active. Geral",Andre Crawford,Southside Strangler,11,"As victims, Crawford chose Black girls and women who engaged in prostitution or were drug addicts, most of them being casual acquaintances whom he lured to abandoned houses or wastelands, ostensibly to share crack cocaine or have sex in exchange for money. He either strangled them or stabbed them to death with a knife. After committing the murders, Crawford left the corpses at the crime scenes, returning later in the day to perform sexual acts on them. All of the killings occurred in Chicago's E",1993–1999,6.0,United States,,,"March 20, 1962","[ 1 ] Chicago, Illinois , U.S.","March 18, 2017","aged 54) [ 2 ] Menard Correctional Center , Chester, Illinois , U.S.",,,,,Categories; 1962 births; 2017 deaths; 1990s murders in the United States; 20th-century African-American people; American male criminals; American people convicted of murder; American prisoners sentenced to life imprisonment; Crimes against sex workers in the United States; Deaths from liver cancer in Illinois; Necrophiles; People convicted of murder by Illinois; Prisoners sentenced to life imprisonment by Illinois; Prisoners who died in Illinois detention; Serial killers from Chicago; Serial killers who died in prison custody; 20th-century American murderers; Violence against African-American women in Illinois; Male murderers,2026-09-27 09:51:04
Francisco de Assis Pereira,11.0,,,Low (5-14),Brazil,1997,1998,Unknown,True,False,False,https://en.wikipedia.org/wiki/Francisco_de_Assis_Pereira,"Francisco de Assis Pereira(born November 29, 1967), also known as ""O Maníaco do Parque"" (""The Park Maniac""), is a Brazilianserial killer. He was arrested in 1998 for the rape and murder of 11 women and for assaulting nine others in aSão Paulopark. Francisco de Assis Pereira was born on November 29, 1967, inSão Paulo. As a child he wasmolestedby his aunt, after which he developed a fixation on breasts. As an adult, he was seduced by his boss to engage in homosexual relationships. In one such rela",Francisco de Assis Pereira,The Park Maniac Chico Estrela,11,,1997–1998,1.0,Brazil,,,"November 29, 1967","age 58) São Paulo , São José do Rio Preto",,,,,,,Categories; Living people; 1967 births; 20th-century Brazilian criminals; Brazilian murderers of children; Brazilian people convicted of murder; Brazilian rapists; Brazilian serial killers; People convicted of murder by Brazil; People from São Paulo; Violence against women in Brazil,2026-09-27 09:51:06
Gao Chengyong,11.0,,,Low (5-14),China,1988,2002,Unknown,True,False,False,https://en.wikipedia.org/wiki/Gao_Chengyong,"Gao Chengyong(Chinese:高承勇; 10 November 1964 – 3 January 2019)was a Chineseserial killerandrapist. Hemutilatedthe corpses of his victims, leading to his nickname of the ""ChineseJack the Ripper"" in Chinese media.He is thought to have killed eleven women between 1988 and 2002. Sentenced to death and stripped of all his assets, he was executed in January 2019. Over the course of 14 years, Gao raped, murdered and mutilated eleven women: ten inBaiyin, Gansu, and one inBaotou, Inner Mongolia.His younge",Gao Chengyong,Chinese Jack the Ripper,11,"Over the course of 14 years, Gao raped, murdered and mutilated eleven women: ten in Baiyin , Gansu, and one in Baotou , Inner Mongolia. [ 4 ] His youngest victim was eight years old. The first murder is thought to have originated in a grocery store he managed with his wife in Baiyin. [ 5 ] He would normally operate in daytime and follow his victims home, where he would strike. [ 6 ] Gao raped his victims sometimes while they were alive and sometimes after having stabbed them to death. He removed",1988–2002,14.0,China,,,10 November 1964,"Yuzhong County , Gansu, China",2019-01-03,"3) (aged 54) Baiyin , Gansu, China",,Executed,Executed,,Categories; 1964 births; 1988 murders in Asia; 2002 murders in Asia; 2019 deaths; 21st-century executions by China; Chinese male criminals; Chinese people convicted of murder; Chinese people convicted of rape; Chinese people convicted of robbery; Executed Chinese serial killers; 21st-century Chinese murderers; 20th-century Chinese murderers; Executed people from Gansu; Necrophiles; People convicted of murder by China; People from Lanzhou; Violence against women in China; Male murderers,2026-09-27 09:51:09
Ruslan Khamarov,11.0,,,Low (5-14),Ukraine,2000,2003,Unknown,True,False,False,https://en.wikipedia.org/wiki/Ruslan_Khamarov,"Ruslan Rakhimovich Khamarov(Ukrainian:Руслан Рахімович Хамаров; born 1973) is aUkrainianserial killer, who killed 11 women from 2000 to 2003. He was sentenced tolife imprisonment. Khamarov was born in the city ofBerdianskin 1973. On his father's line, he had ancestry from theUyghur people.In 1981, his father abandoned the family, converted toIslamand moved toMakhachkala. In 1985, his mother committedsuicideby jumping under a train. Most of Khamarov's childhood was spent in the orphanage and thev",Ruslan Khamarov,,11,"In November 2000, Khamarov committed his first murder. The victim was a 47-year-old woman. After this murder, Khamarov focused on younger victims. Khamarov got acquainted with the victims in the park, in bars or at dance parties, invited them to his house, drank vodka before losing self-control, engaged in sexual contact with the victim, or just started and apologized, then went out into the corridor, taking a homemade knife (sometimes taking a hammer or bottle), returning to the room and inflic",2000–2003,3.0,Ukraine,,,,"Berdiansk , Ukrainian SSR , Soviet Union",,,,,,,Categories; 1973 births; Living people; Necrophiles; People convicted of robbery; People from Berdiansk; People with schizophrenia; Prisoners sentenced to life imprisonment by Ukraine; Ukrainian serial killers; Ukrainian people of Uyghur descent; Violence against women in Ukraine,2026-09-27 09:51:11
West Mesa Killer,,,,Very Low (<5),United States,,,Unknown,True,False,False,https://en.wikipedia.org/wiki/West_Mesa_murders,"TheWest Mesa Murdersare the killings of eleven women whose remains were found buried in 2009 in the desert on theWest MesaofAlbuquerque, New Mexico. Several suspects have been named, but none were arrested or charged. While the killings are believed to be the work of aserial killer, the involvement of asex traffickingring has also been suspected. An anonymous tip to authorities at theAlbuquerque Police DepartmentandFBIlinked the murders to a suspect fromEl Salvador.Police have also suspected the",West Mesa murders,,0,"The remains discovered in 2009 were identified as those of the following women and girls, all of whom disappeared between May 2003 and September 2004: [ 12 ] [ 13 ] Monica Diana Candelaria, 22, disappeared on May 15, 2003. Victoria Ann Chavez, 26, disappeared on June 5, 2003. Syllannia Terene Edwards, 15, disappeared on August 17, 2003. Doreen Marquez, 24, disappeared on October 10, 2003. Veronica Romero, 28, disappeared on February 14, 2004. Cousins Jamie Caterina Barela, 15, and Evelyn Jesus M",,,United States,Albuquerque to Rio Rancho; New Mexico; U.S.,,,,,,,,,,Categories; 2000s missing person cases; 2003 murders in the United States; 2004 murders in the United States; 2005 murders in the United States; 2009 in New Mexico; Crimes against sex workers in the United States; Female murder victims; Formerly missing people; Mass graves in the United States; Missing person cases in New Mexico; Serial killers from New Mexico; Serial murders in the United States; Unidentified American serial killers; Unsolved murders in New Mexico; Violence against women in New Mexico,2026-09-27 09:51:13
Very Idham Henyansyah,11.0,,,Low (5-14),Indonesia,2006,2008,Unknown,True,False,False,https://en.wikipedia.org/wiki/Very_Idham_Henyansyah,"Very Idham Henyansyah, also known asRyan, is anIndonesianconvictedserial killer.Henyansyah confessed to killing 11 people and was sentenced to death by the Indonesian criminal court after being arrested in 2008.He is awaitingexecutionat Kesambi Penitentiary inCirebon. Henyansyah's case achieved notoriety throughout Indonesia due to the gruesome nature of the murders. Known for his uncontrollable temper, Ryan killed a mother and her child by bashing their heads with a metal bar after they had ang",Very Idham Henyansyah,Ryan Singing serial killer The butcher of Jombang,11,,2006–2008,2.0,Indonesia,,,"February 1, 1978","age 48) Jombang , Indonesia",,,,,,,Categories; 1974 births; Indonesian murderers of children; Indonesian people convicted of murder; Indonesian prisoners sentenced to death; Indonesian serial killers; Javanese people; Gay Muslims; Indonesian gay men; Living people; Prisoners sentenced to death by Indonesia; People convicted of murder by Indonesia; Violence against gay men; Violence against men in Asia; 20th-century Indonesian LGBTQ people; 21st-century Indonesian LGBTQ people; Violence against LGBTQ people in Asia,2026-09-27 09:51:15
Roshu Kha,11.0,,,Low (5-14),Bangladesh,2007,2009,Unknown,True,False,False,https://en.wikipedia.org/wiki/Roshu_Kha,"Roshuwas the first documentedserial killerin Bangladesh. Before killing women, he used to rape them. He confessed to murdering 11 women. His victims were female garment workers aged between 17 and 35. Roshu Kha's father, Abul Hossain (alias Monu Khan), was a farm laborer. Roshu Kha was from Modna village in the Chandra Union ofChandpur Sadar Upazila. After being arrested, Roshu Kha told police during interrogation that he had loved a girl before marriage.As a consequence of this affair, the girl",Roshu Kha,,11,"On February 9, 2009, police recovered the body of a young woman named Poppy from a canal in Noyarhat, Chandpur District . Roshu Kha confessed to the murder of Poppy to the police. However, in court, he was proven innocent. Judge Robiul Hasan of the Chittagong Divisional Speedy Trial Tribunal acquitted him of all charges in the Poppy murder case. [ 17 ] [ 18 ] On December 17, 2008, Roshu Kha confessed to killing Shahida by the bank of the Dakatia River in Sobhanpur, Chandpur Sadar Upazila . On Ap",2007–2009,2.0,Bangladesh,,,,,,,,,,,Categories; Bangladeshi people convicted of murder; Bangladeshi serial killers; People from Chandpur District; Prisoners sentenced to death by Bangladesh; Violence against women in Bangladesh; Living people,2026-09-27 09:51:17
Martin Lecián,4.0,,,Very Low (<5),Czechoslovakia,1927,,Unknown,True,False,True,https://en.wikipedia.org/wiki/Martin_Lecián,"Martin Lecián(31 October 1900– 6 October 1927) was a Czechserial killerwho murdered 3 policemen and a prison officer and attempted to kill 7 other policemen. He was executed on 6 October 1927.His case was very famous, with several articles appearing in newspapers that glorified his actions. Lecián was born on 31 October 1900 inUherský OstrohinMoravia, Austria-Hungary, and was brought up in ayouth detention centre. Immediately after his release, he began to commit crimes and was twice punished by",Martin Lecián,Terror of Moravia Moravian horror,4,,19 January – 25 September 1927,,Czechoslovakia,,,31 October 1900,"Uherský Ostroh , Austria-Hungary",1927-10-06,"6) (aged 26) Olomouc , Czechoslovakia",,,,,Categories; 1900 births; 1927 deaths; Czech serial killers; Executed Czech serial killers; Czech people convicted of murder; Czechoslovak people convicted of murder; Executed Czechoslovak serial killers; People from Uherský Ostroh; People executed for murdering police officers; People convicted of murder by Czechoslovakia; People executed by Czechoslovakia by hanging,2026-09-27 09:51:20
Lonnie David Franklin Jr.,10.0,25.0,2.0,Medium (15-29),United States,1984,2007,Unknown,False,False,False,https://en.wikipedia.org/wiki/Lonnie_David_Franklin_Jr.,"Lonnie David Franklin Jr.(August 30, 1952–March 28, 2020),better known by the nicknameGrim Sleeper, was an Americanserial killerwho was responsible for at least ten murders and one attempted murder inLos Angeles, California, from 1984 to 2007.He was also convicted forrapeandsexual violence.Franklin earned his nickname when he appeared to have taken a 14-year break from his crimes, from 1988 to 2002. In July 2010, Franklin was arrested as a suspect, and, after many delays, his trial began in Febr",Lonnie David Franklin Jr.,Grim Sleeper 25 Auto Killer,25,"Prosecutors suspect that Lonnie Franklin's first victim was Sharon Alicia Dismuke, who was killed on January 15, 1984. [ 64 ] His first confirmed victim was Debra Jackson, whose murder occurred in August 1985. [ 33 ] Franklin apparently took a 14-year hiatus after his last known crime in 1988, and his next confirmed murder occurred in 2002. As a result of this apparent dormancy, he was nicknamed the ""Grim Sleeper"". Investigators have stated they believe it is likely that there were other as-yet-",1984–2007,23.0,United States,,,"August 30, 1952","Los Angeles , California, U.S.",2020-03-28,"8) (aged 67) San Quentin State Prison , San Quentin, California , U.S.",,Deceased,Deceased,,Categories; 1952 births; 2020 deaths; 1985 murders in the United States; 2002 murders in the United States; 20th-century African-American people; 21st-century African-American people; 20th-century American murderers; 21st-century American criminals; American male criminals; American murderers of children; American people convicted of attempted murder; American people convicted of kidnapping; American people convicted of rape; American people convicted of child sexual abuse; American people imprisoned in Germany; American prisoners sentenced to death; Crimes against sex workers in the United States; Gang rape in Europe; Military personnel from Los Angeles; People convicted of murder by California; Prisoners sentenced to death by California; Rape in Germany; Serial killers from Los Angeles; Serial killers who died in prison custody; Sexual assault in the United States military; United States Army soldiers; Violence against African-American women in California,2026-09-27 09:51:23
Rudolf Pleil,10.0,25.0,,Medium (15-29),Germany,1946,1947,Unknown,True,False,False,https://en.wikipedia.org/wiki/Rudolf_Pleil,"Rudolf Pleil(7 July 1924 – 18 February 1958) was a Germanserial killerknown asDer Totmacher(literally: ""The Deadmaker""). He was convicted of killing a salesman and nine women, but claimed to have killed 25 people. Many of his crimes took place in theHarzmountain range. Pleil was born on 7 July 1924, in a small village close to the border of the formerCzechoslovakia. His father was an industrial worker andcommunist. After theseizure of controlby theNazis, he was arrested and then moved with his f",Rudolf Pleil,The Deathmaker,25,"From 1945 to 1950, 13 police officers were murdered in the border area of this region, which led to the fact that police went on patrol only in groups. It was not difficult for frontier workers such as Pleil and his two accomplices to evade the patrols, especially as police authority ended at the zonal border. In addition, individual police departments, such as the Kriminalpolizei and the police, did not cooperate effectively. So it came to an investigation of murders of women at the border area",1946–1947,1.0,Germany,,,7 July 1924,"Bärenstein , Erzgebirgskreis , Germany",1958-02-18,"8) (aged 33) Celle , West Germany",,,,,Categories; 1924 births; 1958 deaths; 20th-century German murderers; Criminals from Saxony; German rapists; German serial killers; German people convicted of murder; German people convicted of manslaughter; German people who died in prison custody; German prisoners sentenced to life imprisonment; Kriegsmarine personnel of World War II; People convicted of theft; People convicted of murder by Germany; Prisoners sentenced to life imprisonment by Germany; Prisoners who died in German detention; Serial killers who died by suicide in prison custody; Suicides by hanging in Germany; Male murderers,2026-09-27 09:51:26
Milton Johnson,14.0,,,Low (5-14),,1983,,Unknown,True,False,False,https://en.wikipedia.org/wiki/Milton_Johnson,"Milton Johnson(May 15, 1950 – May 16, 2025), known asThe Weekend Murderer, was an Americanserialmass murdererwho was believed to have committed up to 14 murders that occurred inWill County, Illinoisduring the summer of 1983.Two of the victims were police officers. Johnson had been on parole for aggravated battery, burglary, and rape at the time of the murders, and had been imprisoned from 1970 to 1983. Milton Johnson was linked to the following murders. Of these murders, Johnson was convicted of",Milton Johnson,The Morning murderer The Weekend murderer,14,"Milton Johnson was linked to the following murders. [ 4 ] Zita Blum, 66 - June 25, 1983 Honora Lahmann (Blum's sister), 67 - June 25, 1983 Kenneth Chancellor, 34- July 2, 1983 Terri Lynn Johnson, 19 - July 2, 1983 George Kiehl, 24 - July 16, 1983 Cathleen Norwood, 25 - July 16, 1983 Richard Paulin, 32 - July 16, 1983 Denis Foley, 50 - July 16, 1983 Steven Mayer, 22 - July 16, 1983 [ a ] Anthony Hackett, 18 - July 17, 1983 Marilyn Baers, 45 - August 20, 1983 Barbara Dunbar, 38 - August 20, 1983 A","June 25 – August 25, 1983",,,,,"May 15, 1950","Joliet, Illinois , U.S. [ 1 ]",2025-05-16,"6) (aged 75) Menard Correctional Center , Chester, Illinois , U.S.",,,,,"Categories; 1950 births; 2025 deaths; 1983 murders in the United States; 20th-century African-American people; American male criminals; American mass murderers; American people convicted of murder; American people convicted of attempted murder; American people convicted of rape; American people convicted of burglary; American people who died in prison custody; American prisoners sentenced to death; Serial killers from Chicago; People convicted of murder by Illinois; People from Joliet, Illinois; Prisoners sentenced to death by Illinois; Prisoners who died in Illinois detention; Recipients of gubernatorial clemency in Illinois; Serial mass murderers; Serial killers who died in prison custody; 20th-century American murderers; Male murderers; American crime biography stubs",2026-09-27 09:51:28
Daniel Lee Siebert,10.0,12.0,,Low (5-14),United States,1979,1986,Unknown,True,False,False,https://en.wikipedia.org/wiki/Daniel_Lee_Siebert,"Daniel Lee Siebert(June 17, 1954 – April 22, 2008) was an Americanserial killeronAlabama'sdeath row. He was convicted of five murders and confessed to at least four more. During questioning he indicated that he was responsible for at least 12 deaths. Siebert died on April 22, 2008, inHolman PrisonnearAtmoreof complications from cancer. Siebert's first known killing took place inLas Vegas, Nevada. He was convicted of manslaughter. Siebert was charged with the 1985 murders of Gidget Castro, 28 and",Daniel Lee Siebert,The Southside Slayer,12,"Siebert's first known killing took place in Las Vegas, Nevada . He was convicted of manslaughter. [ 2 ] Siebert was charged with the 1985 murders of Gidget Castro, 28 and Nesia McElrath, 23 in Los Angeles , California . [ 3 ] In 1986, he murdered a student at the Alabama Institute for the Deaf and Blind in Talladega, Alabama , and her two children. Sherri Weathers had missed classes for more than a week, and the school had worried that she had not contacted them with an explanation. A search of ",1979–1986,7.0,United States,,,"June 17, 1954","Mattoon, Illinois , U.S.",2008-04-22,"2) (aged 53) Holman Correctional Facility , Atmore, Alabama , U.S.",,,,,"Categories; 1954 births; 2008 deaths; American murderers of children; American people convicted of murder; American people who died in prison custody; American prisoners sentenced to death; Deaths from pancreatic cancer in Alabama; People convicted of murder by Alabama; People from Mattoon, Illinois; Prisoners sentenced to death by Alabama; Prisoners who died in Alabama detention; Serial killers from Alabama; Serial killers who died in prison custody",2026-09-27 09:51:31
Sergey Cherny,10.0,11.0,,Low (5-14),Russia,1999,,Unknown,True,False,False,https://en.wikipedia.org/wiki/Sergey_Cherny,"Sergey Anatolyevich Chyorny(Russian:Серге́й Анато́льевич Чёрный; 11 May 1977 – 24 June 2001), known asThe Beast(Russian:Зверь), was a Ukrainian-bornRussianserial killerwho killed 10 girls aged between 15 and 23 years inSmolenskfrom August to December 1999. Chyorny grew up in a small house with a disabled mother, his younger brother Mark and his sister. Since childhood, he was engaged in sports, and was the champion of the Smolensk Oblast inmartial arts. Having gone into the army, he served in an",Sergey Cherny,The Beast; The Smolensk Strangler; The Smolensky Chikatilo; The Alien; The Tape Man,11,,19 August – 22 December 1999,,Russia,,,11 May 1977,"Odessa , Ukrainian SSR , Soviet Union",2001-06-24,"4) (aged 24) Sychyovka , Smolensk Oblast , Russia",,,,,Categories; 1977 births; 2001 deaths; Deaths from pneumonia in Russia; People acquitted by reason of insanity; People from Smolensk; People with schizophrenia; Russian murderers of children; Russian serial killers; Violence against women in Russia,2026-09-27 09:51:33
Jeanne Weber,10.0,,,Low (5-14),France,1905,1908,Female,True,False,False,https://en.wikipedia.org/wiki/Jeanne_Weber,"Jeanne Weber(7 October 1874 – 5 July 1918) was a Frenchserial killer. She strangled at least 10 children, including her own. She was both convicted of murder and declared insane in 1908; she hanged herself ten years later. Weber was born in a small fishing village in western France, which she left forParisat age 14, working various menial jobs until she married in 1893. Her husband was analcoholic, and two of their three children died in 1905. By then, Weber, residing in a seedy Paris tenement w",Jeanne Weber,The Ogress,10,"On 2 March 1905, Weber was babysitting for her sister-in-law when one of the woman's two daughters — 18-month-old Georgette — suddenly ""fell ill"" and died. Strange bruises on her neck were ignored by the examining physician, and Weber was welcomed back to babysit on 11 March. Two-year-old Suzanne did not survive the visit, but a doctor blamed the second death on unexplained ""convulsions”. On 25 March, Weber was babysitting her brother's seven-year-old daughter, Germaine, when the girl suffered a",2 March 1905 – 8 May 1908,3.0,France,,,7 October 1874,France,1918-07-05,5) (aged 43),,,,,Categories; 1874 births; 1918 deaths; 1918 suicides; Perpetrators of filicide; 20th-century French murderers; French female serial killers; French serial killers; French murderers of children; French people convicted of murder; French people who died in prison custody; People acquitted by reason of insanity; People convicted of murder by France; Prisoners who died in French detention; Serial killers who died by suicide in prison custody; Suicides by hanging in France; Female suicides,2026-09-27 09:51:35
Nikolai Dzhumagaliev,10.0,,,Low (5-14),Soviet Union,,,Unknown,True,False,False,https://en.wikipedia.org/wiki/Nikolai_Dzhumagaliev,"Nikolai Espolūly Jumağaliev(Kazakh:Николай Есполұлы Жұмағалиев,RussifiedasDzhumagaliev,Russian:Николай Есполович Джумагалиев; born 15 November 1952) is a Sovietserial killerand cannibal who killed ten people in theKazakh SSR(now Kazakhstan) between 1979 and 1990. He was nicknamed ""Metal Fang"" due to hisdental crowns. Between 1979 and 1980, Dzhumagaliev killed andcannibalizedeight women, having also served a brief prison sentence for the accidental killing of a male co-worker during this time. He",Nikolai Dzhumagaliev,Железный Клык (; Metal Fang; Kolya the Maneater; the Almaty Cannibal; Dzhuma; Satan,10,"Through 1979, Dzhugmaliev killed six women. The earliest murder took place on the night on 6 January 1979, when Dzhugmaliev spotted Natalya Andronnik near the Uzynagach–Maybulak highway, walking home alone from a Seventh-day Adventist service. Dzhugmaliev ambushed Andronnik, stabbing her several times in the chest before dragging her to a landfill of the Kargalinsky clothing factory near Fabrichny . He killed her by slitting her throat and after drinking Andronnik's blood from the wound Dzhugmal",,,Soviet Union,,,15 November 1952,"age 73) Uzynagash , Kazakh SSR , Soviet Union",,,,,,,Categories; 1952 births; Escapees from Soviet detention; Kazakhstani escapees; Kazakhstani people of Belarusian descent; Kazakhstani serial killers; Living people; People acquitted by reason of insanity; People with schizophrenia; Prisoners sentenced to life imprisonment by the Soviet Union; Cannibals; Soviet escapees; Soviet serial killers; Vampirism (crime); Violence against women in Kazakhstan; Soviet people with disabilities; People from Almaty Region,2026-09-27 09:51:38
Bobby Joe Long,10.0,,,Low (5-14),United States,1984,,Unknown,True,False,False,https://en.wikipedia.org/wiki/Bobby_Joe_Long,"Bobby Joe Long, also known asRobert J. Long[a](October 14, 1953 – May 23, 2019), was an Americanserial killerandrapist. During an eight-month period in 1984, Long abducted, sexually assaulted, and murdered at least ten women in theTampa Bay areain Florida. At trial, Long was sentenced to death for one of the murders and life for seven others. He was sentenced to death in 1986 by the state ofFloridafor the murder of Michelle Denise Simms. He was executed bylethal injectionon May 23, 2019. Bobby J",Bobby Joe Long,The Classified Ad Rapist The Adman Rapist,10,"Long moved to the Tampa Bay area in 1983. In 1984, while on probation for assault , Long raped and strangled 20-year-old Artiss ""Ann"" Wick in March; [ 7 ] her body was discovered in a rural area on November 22, 1984. She had reportedly hitch-hiked from Gas City, Indiana , to Tampa, and was engaged to be married. [ citation needed ] Long also attacked 33-year-old Linda Nuttall in her home. [ 8 ] In the early hours of November 3, 1984, Long abducted 17-year-old Lisa McVey as she rode her bike home","March 27 – November 12, 1984",,United States,,,"October 14, 1953","Kenova, West Virginia , U.S.",2019-05-23,"3) (aged 65) Florida State Prison , Florida, U.S.",,Executed by lethal injection,Executed by lethal injection,,"Categories; 1953 births; 1984 murders in the United States; 2019 deaths; 21st-century executions by Florida; 21st-century executions of American people; 20th-century people from West Virginia; 21st-century people from West Virginia; American kidnappers; American male criminals; American people convicted of kidnapping; American people convicted of assault; American people convicted of burglary; American people convicted of rape; American people convicted of robbery; Broward College alumni; Crime in Florida; Crimes against sex workers in the United States; Executed American serial killers; Executed people from West Virginia; History of Tampa, Florida; American intersex men; American intersex people; People convicted of murder by Florida; People from Kenova, West Virginia; People executed by Florida by lethal injection; Serial killers from Florida; Violence against women in Florida; 20th-century American murderers",2026-09-27 09:51:40
Stewart Wilken,10.0,,,Low (5-14),South Africa,1990,1997,Unknown,True,False,False,https://en.wikipedia.org/wiki/Stewart_Wilken,"Stewart Wilken(born 11 November 1966), known as theBoetie Boer, is a South Africanserial killer, who was active in the coastal city ofPort Elizabeth. Stewart Wilken was born on 11 November 1966 inBoksburg, South Africa. His father abandoned him and his two-year-old sister in atelephone boothwhen he was around six months old. Adomestic workerfound the children and took them to the home of her employer, a man known as ""Doep"", who inflicted extreme physical and sexual abuse on Wilken over a period ",Stewart Wilken,Boetie Boer,10,"Wilken is regarded as a highly unusual serial killer, having killed individuals from two distinct victim types: female prostitutes and young boys. He also killed his adolescent daughter, Wuane. Wilken killed from 1990 until he was arrested in January 1997. He was active in Port Elizabeth , on the east coast of South Africa. [ 4 ] [ 5 ] [ 6 ] [ 1 ] He killed his daughter, Wuane, who was born from his first marriage. He said that she had been sexually abused by her stepfather so he wanted to send ",1990–1997,7.0,South Africa,,,11 November 1966,"age 59) Boksburg , Gauteng , South Africa",,,,,,,Categories; 1966 births; Crimes against sex workers; Perpetrators of filicide; 20th-century murderers; Living people; Necrophiles; People convicted of murder by South Africa; People from Boksburg; Cannibals; South African murderers of children; South African people convicted of murder; South African serial killers; Violence against men in Africa; Violence against women in South Africa; Male murderers,2026-09-27 09:51:43
Viktor Fokin,10.0,,,Low (5-14),Russia,1996,2000,Unknown,True,False,False,https://en.wikipedia.org/wiki/Viktor_Fokin,"Viktor Viktorovich Fokin(Russian:Ви́ктор Ви́кторович Фо́кин; 19 February 1935 – 2003), known asThe Pensioner Maniac(Russian:Маньяк-пенсионер), was a Russianserial killerwho killed at least 10 people in between 1996 and 2000. Fokin was born in 1935. After graduating high school, he went to serve in the army, and began working at the Novosibirsk Semiconductor Devices Plant after his discharge. Fokin was a leader, and later became a labour veteran. In the later 1950s, he married and had children. H",Viktor Fokin,The Pensioner Maniac; The Grandfather Ripper,10,"The first murder Fokin committed was in April 1996 (according to some sources in December 1995). [ 1 ] He killed mostly women aged between 18 and 55 years, but the age did not matter much. As victims, he chose women and girls without a specific place of residence, mostly alcohol abusers and prostitutes, the choice being explained by the fact that nobody would look for these people if they disappeared. Fokin confessed that he asked his future victims for any relatives, and, as a rule, chose singl",1996–2000,4.0,Russia,,,19 February 1935,"Orsk, Novosibirsk Oblast , RSFSR",,,,,,,Categories; 1935 births; 2003 deaths; Crime in Novosibirsk; People from Novosibirsk; Russian rapists; Russian serial killers; Serial killers who died in prison custody,2026-09-27 09:51:45
David Randitsheni,10.0,,,Low (5-14),South Africa,2004,2008,Unknown,True,False,False,https://en.wikipedia.org/wiki/David_Randitsheni,"David Randitsheni(1964/65 – 2009) was a South Africanrapistandserial killerwho in 2009 was convicted on 10 counts of murder, 17 counts of rape, 18 counts of kidnapping and one count of indecent assault. He was sentenced to 16 life sentences and 220 years in prison, with the judge stipulating that he could not be considered for parole before serving at least 35 years in prison, by which time he would be 80 years old.Only one of his victims was an adult (a woman); the rest were children. He commit",David Randitsheni,Modimolle Serial Killer,10,,2004–2008,4.0,South Africa,,,,,,,,,,,Categories; 1960s births; 2009 suicides; 2009 deaths; People convicted of indecent assault; People convicted of murder by South Africa; Serial killers who died by suicide in prison custody; South African people convicted of murder; South African serial killers; South African people convicted of rape; Child sexual abuse in South Africa; Prisoners who died in South African detention; Suicides by hanging in South Africa; Male suicides; Crime biography stubs,2026-09-27 09:51:48
Edmund Kemper,10.0,,,Low (5-14),United States,1964,1973,Unknown,True,False,False,https://en.wikipedia.org/wiki/Edmund_Kemper,"Edmund Emil Kemper III(born December 18, 1948) is an Americanserial killerconvicted of murdering seven women, including his own mother, and one girl between May 1972 and April 1973. Years earlier, at the age of 15, Kemper had murdered his paternal grandparents. Kemper was nicknamed the ""Co-ed Killer"", as most of his non-familial victims were female college students hitchhiking in the vicinity ofSanta Cruz County, California. Most of his murders includednecrophilia,decapitation,dismembermentand p",Edmund Kemper,Co-ed Killer Co-ed Butcher Ogre of Aptos The Mad Titan Big Ed,10,"On August 27, 1964, at the age of 15, Kemper killed his grandmother Maude Matilda Kemper (née Hughey; 1897–1964) with a rifle after an argument, shooting her once in the head and twice in the back, [ 25 ] then stabbing her several times. [ 26 ] [ 27 ] When Kemper's grandfather Edmund Emil Kemper Sr. (1892–1964) came home, Kemper fatally shot him in the driveway. [ 24 ] Kemper phoned his mother, who told him to call police. Kemper did so and waited for police to arrive. [ 28 ] Kemper told police ","August 27, 1964 – April 21, 1973",9.0,United States,,,"December 18, 1948","age 77) Burbank, California , U.S.",,,,,,,"Categories; 1948 births; 20th-century American criminals; American male criminals; American murderers of children; American people convicted of murder; American prisoners sentenced to life imprisonment; American rapists; American people of German descent; Audiobook narrators; Criminals from California; Human trophy collecting; Living people; Perpetrators of matricide; Male juvenile murderers; Minors convicted of murder; Necrophiles; People convicted of murder by California; People from Aptos, California; People from Burbank, California; People with antisocial personality disorder; People with narcissistic personality disorder; People with passive-aggressive personality disorder; People with schizotypal personality disorder; Prisoners sentenced to life imprisonment by California; Serial killers from California; Violence against women in California",2026-09-27 09:51:50
Dennis Rader,10.0,,,Low (5-14),United States,1974,1991,Unknown,True,False,True,https://en.wikipedia.org/wiki/Dennis_Rader,"Dennis Lynn Rader(born March 9, 1945), also known by his pseudonymBTK(for ""bind, torture, kill""), is an Americanserial killerandmass murdererwho killed at least ten people inWichitaandPark City, Kansas, between 1974 and 1991. Although he occasionally killed or attempted to kill men and children, Rader typically targeted women. His victims were often attacked in their homes and then bound, sometimes with objects from their homes, and eithersuffocatedwith a plastic bag or manuallystrangled with a ",Dennis Rader,BTK BTK Killer BTK Strangler,10,"On January 15, 1974, Rader murdered four members of the Otero family in Wichita: [ 44 ] Joseph Sr. (38), Julie (33), Joseph II (9) and Josephine (11). Their bodies were discovered by the family's three older children, who had been at school at the time of the killings. [ 44 ] [ 45 ] After his 2005 arrest, Rader claimed that he first targeted the family two months prior, when he spotted Julie leaving to take her children to school, and stalked them for two to three weeks. [ 46 ] On the morning of","January 15, 1974 – January 19, 1991",17.0,United States,,,"March 9, 1945","age 81) Pittsburg , Kansas , U.S.",,,,Incarcerated [ 1 ],Incarcerated [ 1 ],,"Categories; 1945 births; Living people; 20th-century American murderers; American male criminals; American mass murderers; American military police officers; American murderers of children; American people of Danish descent; American people of German descent; American people of Swiss descent; American police officers convicted of murder; American prisoners sentenced to life imprisonment; Butler Community College alumni; Kansas Wesleyan University alumni; Lutherans from Kansas; Military personnel from Kansas; People convicted of murder by Kansas; People from Pittsburg, Kansas; People from Sedgwick County, Kansas; People with antisocial personality disorder; People with narcissistic personality disorder; People with obsessive-compulsive personality disorder; Prisoners sentenced to life imprisonment by Kansas; Serial killers from Kansas; Serial killers who worked in law enforcement; United States Air Force non-commissioned officers; Violence against women in Kansas; Wichita State University alumni; American Lutherans",2026-09-27 09:51:52
Stanislav Rogolev,10.0,,,Low (5-14),Soviet Union,1980,1982,Unknown,True,False,False,https://en.wikipedia.org/wiki/Stanislav_Rogolev,"Stanislav Ivanovich Rogolev(Russian:Станислав Иванович Роголев, 14 February 1941 – 19 June 1984) was aSovietserial killer. For one and a half years he attacked 21 women, killing 10 of them. In 1980, Rogolev was convicted four times, and charged once with rape. According to writer Alexander Chekhlov, Rogolev was the informer of Aloizs Vaznis, a police officer, who, in turn, tried to shield Rogolev.In particular, he gave Rogolev full information about the crimes, fabricating a confession in which ",Stanislav Rogolev,Agent 000; Latvian Agent 007,10,"His first rape, for which he was judged separately, Rogolev committed before the 1980s. In October 1980, Rogolev committed another sexual assault, along with his accomplice Aldis Svāre. On 26 October 1980, near the Jumprava station, Rogolev threatened a 17-year-old girl with a knife, dragging her into a nearby forest. When she started screaming, he beat her with the knife handle and tried to rape her, but couldn't. The girl escaped and reached her home, where her relatives lived. On 8 November i",1980–1982,2.0,Soviet Union,,,14 February 1941,"Ogre district , Latvian SSR , Soviet Union",1984-06-19,"9) (aged 43) Leningrad , RSFSR , Soviet Union",,,,,Categories; 1941 births; 1980 crimes in Latvia; 1982 crimes in Latvia; 1984 deaths; 1980s murders in Latvia; Executed Soviet serial killers; People executed by the Soviet Union by firearm; Soviet criminals; Soviet rapists; 1980 murders in the Soviet Union; 1982 murders in the Soviet Union; 1984 murders in the Soviet Union; Violence against women in Latvia,2026-09-27 09:51:55
Eduard Shemyakov,10.0,,,Low (5-14),Russia,1996,1998,Unknown,True,False,False,https://en.wikipedia.org/wiki/Eduard_Shemyakov,"Eduard Vasilyevich Shemyakov(Russian:Эдуа́рд Васи́льевич Шемяко́в; born 30 September 1975), known as theResort Maniac(Russian:Курортный маньяк,romanized:Kurortny manyak), is aUkrainian-bornRussianserial killerwho killed 10 people and attempted to kill 2 others inSt. Petersburgbetween 1996 and 1998. Before the murders, he always raped his victims, and always killed with particular cruelty, dismembering and decapitating bodies. In at least one case,cannibalismwas involved. Shemyakov was born in 19",Eduard Shemyakov,The Resort Maniac; Bloody Eddie,10,,1996–1998,2.0,Russia,,,30 September 1975,"age 50) Ignatpol, Zhytomyr Oblast , UkSSR , Soviet Union",,,,,,,Categories; 1975 births; Living people; People acquitted by reason of insanity; People with schizophrenia; Russian cannibals; Russian murderers of children; Russian rapists; Russian serial killers; Violence against women in Russia,2026-09-27 09:51:58
Chen Yongfeng,10.0,,,Low (5-14),China,2003,,Unknown,True,False,False,https://en.wikipedia.org/wiki/Chen_Yongfeng,"Chen Yongfeng(Chinese:陈勇锋; 1983 – April 7, 2004), also known asThe Butcher, was a Chineseserial killerwho was responsible for killing anddismemberingten people whom he lured to his home inWenzhouin 2003. He was sentenced to death and executed in 2004. The exact date of birth is not clear, but Chen was born sometime in 1983 inQingtian County, Zhejiang. He left school after graduating from elementary school, afterwards he started to shuffle around odd jobs, including  fluffing cotton for nearly ha",Chen Yongfeng,The Butcher,10,"Beginning on February 24, 2003, Chen began his killing spree. His first murder occurred when he wanted to buy a disinfection cabinet but had not enough cash. [ 3 ] [ 4 ] He would find his victims at trash collecting sites he frequently visited for work, and invite them to his home where he would kill them, succeeding this he robbed their corpses of money and jewelry, then dismembered them and discarded the remains in a river. [ 2 ] [ 1 ] He was arrested on May 24, after being caught in the act o",February – May 2003,,China,,,,,2004-04-07,7) (aged 20–21) China,,,,,Categories; 1983 births; 2004 deaths; Chinese male criminals; Executed Chinese serial killers; 21st-century Chinese murderers; People convicted of murder by China; People from Qingtian County; Male murderers,2026-09-27 09:52:00
Zhou Kehua,,,,Very Low (<5),,2004,2012,Unknown,False,False,True,https://en.wikipedia.org/wiki/Zhou_Kehua,"Zhou Kehua(simplified Chinese:周克华;traditional Chinese:周克華;pinyin:Zhōu Kèhuá; 6 February 1970 – 14 August 2012) was a Chinesearms traffickerand suspectedserial killer, believed to be responsible for theSu-Xiang-Yu serial murders(Chinese:苏湘渝系列持枪杀人抢劫案;lit.'Jiangsu-Hunan-Chongqingseries of murders and armed robberies'). He is thought to have murdered and robbed at least 10 people across China from 2004 to 2012, and was classified as an A-level wanted criminal by theMinistry of Public Securityuntil h",Zhou Kehua,Baotouge ( Chinese : 爆头哥; lit. ' Mr. Headshot ' or ' Brother Headshot ' ),0,"Zhou Kehua is suspected to have killed ten people and robbed millions of yuan in Jiangsu , Hunan , and Chongqing between 2004 and 2012. [ 4 ] Police in Jiangsu, Hunan, and Chongqing have linked Zhou Kehua to the following cases: [ 8 ] Jiangbei, Chongqing, 22 April 2004 : Two women were shot after withdrawing money from a bank in Jiangbei . One was injured and the other, identified as 42-year-old Zhao Zheng, was killed. The assailant stole ¥70,000 RMB in cash from the pair. Shapingba, Chongqing, ",2004–2012,8.0,,,,6 February 1970,"Ertang, Chongqing , China",2012-08-14,"4) (aged 42) Tongjiaqiao, Chongqing, China",,,,Weapon(s): Firearms,Categories; 1970 births; 2012 deaths; Chinese bank robbers; Chinese gangsters; 21st-century Chinese murderers; Suspected serial killers; People from Chongqing; People shot dead by law enforcement officers in China; Mercenaries; Male murderers,2026-09-27 09:52:03
Kang Ho-sun,10.0,,,Low (5-14),,2005,2008,Unknown,True,False,False,https://en.wikipedia.org/wiki/Kang_Ho-sun,"Kang Ho-sun(Korean:강호순;Hanja:姜浩順; born October 10, 1969) is a South Koreanserial killerwho was sentenced to death in 2009 for killing 10 women between October 2005 and December 2008, including his wife and her mother. The murders took place inAnsan,Gyeonggi Province, a suburb of Seoul. His first victim was a karaoke bar employee surnamed Bae, 45, followed by three others in 2007 including a 48-year-old housewife and a 21-year-old student fromSuwon.   Their bodies were found in the woods.Kang was",Kang Ho-sun,,10,"The murders took place in Ansan , Gyeonggi Province , a suburb of Seoul. His first victim was a karaoke bar employee surnamed Bae, 45, followed by three others in 2007 including a 48-year-old housewife and a 21-year-old student from Suwon .   Their bodies were found in the woods. [ 2 ] Kang was arrested in 2009 and after two days of interrogation, he confessed to 10 murders. [ 3 ] More of the victims' remains were discovered and identified using DNA evidence. The victims' families sued Kang for ",2005–2008,3.0,,Gyeonggi Province,,"October 10, 1969","age 56) Seocheon , South Korea",,,,,,,Categories; 1969 births; Living people; People convicted of murder by South Korea; People from South Chungcheong Province; Prisoners sentenced to death by South Korea; South Korean people convicted of murder; South Korean prisoners sentenced to death; South Korean serial killers; Perpetrators of uxoricide; People convicted of arson; Arson in South Korea; South Korean people convicted of rape; Femicide in South Korea,2026-09-27 09:52:05
Masten Wanjala,10.0,,,Low (5-14),Kenya,2015,2021,Unknown,True,False,False,https://en.wikipedia.org/wiki/Masten_Wanjala,"Masten Milimu Wanjala(2001 – 15 October 2021)was a Kenyan suspectedserial killer. He was accused of killing 10 boys inNairobi. Wanjala admitted to drugging and murdering more than 10 boys since 2019, and to drinking the blood of some.He gained their confidence by pretending to be afootballcoach, and held some for ransom.The bodies of at least four victims were recovered after Wanjala led police to the locations where he disposed of them. Of these victims, two had been strangled, a third died of ",Masten Wanjala,,10,,2015–2021,6.0,Kenya,,,2001,"01 ) Bungoma , Kenya",15 October 2021,"aged 20) Bungoma, Kenya",,,,,Categories; 2001 births; 2021 deaths; 2021 murders in Kenya; Escapees; Juvenile murderers; Kenyan murder victims; Kenyan serial killers; Lynching deaths in Africa; Male juvenile murderers; Murdered serial killers; People from Bungoma County; People murdered in Kenya; Violence against men in Africa; Vampirism (crime); 21st-century murderers; Vigilantism; Kenyan people stubs,2026-09-27 09:52:06
Louis van Schoor,9.0,39.0,,High (30+),South Africa,1986,1989,Unknown,True,False,True,https://en.wikipedia.org/wiki/Louis_van_Schoor,"Sybrand Jacobus Lodewikus""Louis""van Schoor(Afrikaans pronunciation:[ˈsibrantjaˈkuəbœsluədəˈvikœsfɑnˈskuər], 1951–25 July 2024), known asthe Apartheid Killer, was a South Africanmass killer, policeman, and security guard who committed murders between 1986 and 1989.He was arrested in 1991 and convicted of seven murders and two attempted murders but was released on parole in 2004.It is believed that the total number of his victims was 39, all of them inEast London, South Africa. Thirty-two of the k",Louis van Schoor,The Apartheid Killer,39,,1986–1989,3.0,South Africa,,,1951,51 ) South Africa,25 July 2024,"aged 72) East London , South Africa",,Deceased,Deceased,,Categories; 1951 births; 2024 deaths; Vigilantes; Afrikaner nationalists; Anti-black racism in South Africa; Serial killers who worked in law enforcement; South African mass murderers; South African murderers of children; South African serial killers; South African police officers convicted of murder; South African white supremacists; People convicted of murder by South Africa; Deaths from sepsis in South Africa; Racially motivated violence against black people,2026-09-27 09:52:09
Peter Kürten,9.0,31.0,3.0,High (30+),German Empire,1913,1929,Unknown,True,False,False,https://en.wikipedia.org/wiki/Peter_Kürten,"Peter Kürten(German:[ˈpeːtɐˈkʏʁtn̩]; 26 May 1883 – 2 July 1931) was a Germanserial killer, known asThe Vampire of Düsseldorfand theDüsseldorf Monster, who committed a series of murders andsexual assaultsbetween February and November 1929 in the city ofDüsseldorf. In the years before these assaults and murders, Kürten had amassed a lengthy criminal record for offences includingarsonandattempted murder. He also confessed to the 1913 murder of a nine-year-old girl inMülheim am Rheinand the attempte",Peter Kürten,The Vampire of Düsseldorf The Düsseldorf Monster,31,"Kürten claimed to have committed his first murder in adulthood in November 1899. [ 25 ] In his 1930 confessions to investigators, he claimed to have ""picked up an 18-year-old girl at the Alleestraße"" and persuaded her to accompany him to the Hofgarten . There, he claimed to have engaged in sex with the girl before strangling her into unconsciousness with his bare hands before leaving the scene, believing her to be dead. [ 26 ] No contemporaneous records exist to corroborate Kürten's claims. If t",25 May 1913 – 7 November 1929,16.0,German Empire,,,26 May 1883,"Mülheim am Rhein , German Empire",1931-07-02,"2) (aged 48) Klingelpütz Prison, Cologne , Weimar Republic",,,,,Categories; 1883 births; 1931 deaths; 20th-century German murderers; Crimes adapted into films; Executed German serial killers; German arsonists; German male criminals; German murderers of children; German people convicted of attempted murder; German rapists; People convicted of murder by Germany; People convicted of theft; People executed by the Weimar Republic by guillotine; People from Mülheim; People from the Rhine Province; People with narcissistic personality disorder; People with sexual sadism disorder; Vampirism (crime),2026-09-27 09:52:12
Roger Dale Stafford,9.0,34.0,,High (30+),United States,1974,1978,Unknown,True,False,False,https://en.wikipedia.org/wiki/Roger_Dale_Stafford,"Roger Dale Stafford(November 4, 1951 – July 1, 1995) was an American convictedserial killerandmass murdererexecuted for the 1978 murders of the Lorenz family and six employees of aSirloin Stockaderestaurant in Oklahoma.Stafford never acknowledged his guilt, but Stafford's wife, Verna, implicated him in a total of 34 murders in seven different states. On January 12, 1974, Stafford killed 20-year-old Jimmy Earl Berry, a student at theUniversity of North Alabama, working as an assistant manager at ",Roger Dale Stafford,,34,"On January 12, 1974, Stafford killed 20-year-old Jimmy Earl Berry, a student at the University of North Alabama , working as an assistant manager at a McDonald's restaurant in Muscle Shoals, Alabama . Berry was shot four times and the perpetrator robbed the restaurant of US$ 1,390.00. [ 3 ] This crime remained unsolved until four years after the incident, when Stafford and his brother Harold were implicated by Stafford's wife, Verna. Stafford was never prosecuted for Berry's murder due to later ",1974–1978,4.0,United States,,,"November 4, 1951","Sheffield, Alabama , U.S.",1995-07-01,"1) (aged 43) Oklahoma State Penitentiary , Oklahoma, U.S.",,,,Weapon(s): Firearm,Categories; 1951 births; 1995 deaths; 20th-century American murderers; American male criminals; 20th-century executions by Oklahoma; 20th-century executions of American people; American murderers of children; American people convicted of murder; Executed American mass murderers; Executed American serial killers; People convicted of murder by Oklahoma; People executed by Oklahoma by lethal injection; Serial killers from Alabama; Serial killers from Oklahoma; Serial mass murderers; Male murderers,2026-09-27 09:52:14
Norman Afzal Simons,1.0,,,Very Low (<5),South Africa,1986,1994,Unknown,True,False,False,https://en.wikipedia.org/wiki/Norman_Afzal_Simons,"Norman Afzal Simons, known as theStation Strangler, is a South African murderer,rapistand suspectedserial killerinCape Townin the late 20th century. He was convicted in 1995 of the rape and murder of 10-year-old Elroy van Rooyen in 1995 and sentenced to 35 years in prison. He became eligible for parole in July 2023 and was released on parole and under 24-hour monitoring in November 2023. Norman Simons was born in Cape Town, South Africa.[citation needed] He was assessed as an intelligent individ",Norman Afzal Simons,Station Strangler,1,"Simons is believed to have started his sporadic series of murders on 29 October 1986, [ 4 ] ending only with his arrest nine years later in April 1994. [ 5 ] He collected his moniker after it became apparent that most of his victims were lured away from train stations (Soviet serial killer Andrei Chikatilo had a similar modus operandi ). Simons raped and sodomised his victims before strangling them. Victims were found face down with their hands tied behind their backs, buried in shallow sandy gr",1986–1994,8.0,South Africa,,,,,,,Teacher,paroled ; released November 2023,paroled ; released November 2023,,Categories; Converts to Islam from Christianity; Converts to Christianity from Islam; Living people; People convicted of murder by South Africa; People from Cape Town; South African murderers of children; South African people convicted of murder; South African rapists; Suspected serial killers; Violence against men in Africa; Rape of males; Crime in Cape Town,2026-09-27 09:52:15
Francis Heaulme,9.0,,,Low (5-14),,,,Unknown,True,False,False,https://en.wikipedia.org/wiki/Francis_Heaulme,"Francis Heaulme(born 25 February 1959 inMetz) is aFrenchserial killerdubbed the ""Criminal Backpacker"" (""Routard du crime""). Heaulme's father brutalized him until the age of 17, leading him to become an alcoholic and attempting suicide. However, he had a good relationship with his younger sister and held a boundless adoration for his mother, who died of cancer when he was 23 years old. At the age of 20, he suddenly picked up a passion for cycling. Eight years later, he left home to travel erratic",Francis Heaulme,The Criminal Backpacker,9,,,,,,,25 February 1959,"age 67) Metz , France",,,,,,,Categories; 1959 births; French murderers of children; French people convicted of murder; French prisoners sentenced to life imprisonment; French serial killers; French intersex people; Intersex men; Living people; People convicted of murder by France; People from Metz; Prisoners sentenced to life imprisonment by France,2026-09-27 09:52:18
Joel Rifkin,9.0,17.0,9.0,Medium (15-29),United States,1989,1993,Unknown,True,False,False,https://en.wikipedia.org/wiki/Joel_Rifkin,"Joel David Rifkin(born January 20, 1959) is an Americanserial killerwho was sentenced to 203 years in prison after being convicted for killing nine women between 1989 and 1993.In total he confessed to murdering 17 women. Rifkin's birth parents were both young college students, and hisbiological fatherwas anArmy veteran. On February 14, 1959, when he was three weeks old, Rifkin was adopted by an upper-middle-class non-religious Jewish couple living onLong Island. Rifkin performed poorly in school",Joel Rifkin,"Joel the Ripper
The Turtle",17,"Rifkin committed his first murder on February 20, 1989, killing Heidi Balch in her own home in East Meadow . He then dismembered her body, removing her teeth and fingertips, putting her head in a paint can which he left in the woods on a golf course in Hopewell, New Jersey , disposing of her legs further North, and dumping her remaining torso and arms into the East River around New York City . On March 5, 1989, Balch's severed head was discovered on the seventh hole of the golf course. [ 9 ] On ",1989–1993,4.0,United States,,,"January 20, 1959","age 67) New York City , U.S.",,,,,,,"Categories; 1959 births; 20th-century American criminals; American adoptees; American agnostics; American people convicted of murder; American prisoners sentenced to life imprisonment; American people of Jewish descent; Crimes against sex workers in the United States; Serial killers from New York City; East Meadow High School alumni; Living people; People convicted of murder by New York (state); People from East Meadow, New York; Prisoners sentenced to life imprisonment by New York (state); Solitary confinement in the United States",2026-09-27 09:52:20
Dagmar Overbye,9.0,25.0,,Medium (15-29),Denmark,1913,1920,Female,True,False,False,https://en.wikipedia.org/wiki/Dagmar_Overbye,"Dagmar Johanne Amalie Overbye(Danish:[ˈtɑwmɑˈɒwɐˌpyˀ]; 23 April 1887 – 6 May 1929) was aDanishserial killer. She murdered between nine and 25 children, including one of her own, during a seven-year period from 1913 to 1920. On 3 March 1921, she wassentenced to deathin one of the most noted trials in Danish history—one that changed legislation onchildcare.The sentence was latercommutedtolife in prison. Overbye was working as a professionalchild caretaker, caring for babies bornoutside of marriage",Dagmar Overbye,,25,,1913–1920,7.0,Denmark,,,23 April 1887,"Skanderborg , Denmark",1929-05-06,"6) (aged 42) Copenhagen , Denmark",,,,,Categories; 1887 births; 1929 deaths; 20th-century Danish criminals; 20th-century murderers; Danish female murderers; Danish murderers; Danish murderers of children; Danish people convicted of murder; Danish people who died in prison custody; Danish prisoners sentenced to death; Danish female serial killers; Danish serial killers; Perpetrators of filicide; People convicted of murder by Denmark; Prisoners sentenced to death by Denmark; Prisoners who died in Danish detention; Serial killers who died in prison custody; Women sentenced to death,2026-09-27 09:52:22
Kenneth McDuff,9.0,14.0,,Low (5-14),United States,1966,1992,Unknown,True,False,False,https://en.wikipedia.org/wiki/Kenneth_McDuff,"Kenneth Allen McDuff(March 21, 1946 – November 17, 1998) was an Americanserial killerfromTexas. In 1966, McDuff and an accomplice kidnapped and murdered three teenagers who were visiting fromCalifornia. He was given threedeath sentencesfor these crimes but avoidedexecutionafter the 1972U.S. Supreme CourtrulingFurman v. Georgia. He was resentenced tolifeand wasparoledin 1989. Between October 1989 and March 1992, McDuff raped and murdered at least six women, receiving another death sentence, and w",Kenneth McDuff,The Broomstick Murderer The Broomstick Killer,14,"On August 6, 1966, McDuff and Green, whom he had met around a month earlier through a mutual acquaintance, spent the day pouring concrete for McDuff's father. They then drove around, as McDuff said he was looking for a girl. At 10 pm, Robert Brand (aged 17), his girlfriend Edna Louise Sullivan (aged 16), and Brand's 15-year-old cousin Mark Dunnam were standing beside their parked car on a baseball field in Everman, Texas . [ 2 ] While cruising around, McDuff noticed Sullivan and parked around 15","August 6, 1966 – March 1, 1992",26.0,United States,,,"March 21, 1946","Rosebud, Texas , U.S.",1998-11-17,"7) (aged 52) Huntsville Unit , Texas, U.S.",,Executed by lethal injection,Executed by lethal injection,,"Categories; 1946 births; 1998 deaths; 20th-century American murderers; American male criminals; 20th-century executions of American people; 20th-century executions by Texas; American murderers of children; American people convicted of kidnapping; American people convicted of rape; Executed American serial killers; Executed people from Texas; Murder convictions without a body; People convicted of murder by Texas; People executed by Texas by lethal injection; People from Rosebud, Texas; People paroled from life sentence; People with antisocial personality disorder; Serial killers from Texas; Violence against women in Texas; Male murderers",2026-09-27 09:52:23
Robert Joseph Silveria Jr.,9.0,30.0,,High (30+),United States,1981,1996,Unknown,True,False,False,https://en.wikipedia.org/wiki/Robert_Joseph_Silveria_Jr.,"Robert Joseph Silveria Jr.(born March 3, 1959), also known asThe Boxcar Killer, is an Americanserial killercurrently serving doublelife sentencesinWyoming. Silveria was also convicted in Kansas for the killing of Charles Randall Boyd, and in Florida for the killing of Willie Clark. For 15 years, Silveria rode the rails, killing fellow freight-train riders throughout the United States. A police detective and prosecutor inSalem, Oregon, unravelled the truth of Silveria's killing spree, which began",Robert Joseph Silveria Jr.,The Boxcar Killer Sidetrack,30,"Willie James Clark, 54, was found dead on April 28, 1994, in Tallahassee, Florida . Clark, though homeless, worked as a Salvation Army bell ringer. He was robbed and suffered a fatal blow to the head. [ 6 ] Darren Royal Miller, 19, was found dead in his sleeping bag on July 8, 1992, in Thompson Springs, Utah . Miller and two friends stopped to party one night near a pond, and Miller was found the following morning with severe head injuries. Though never charged, Silveria was linked to the murder",1981–1996,15.0,United States,,,"March 3, 1959","age 67) Redwood City, California , U.S.",,,,,,,"Categories; 1959 births; American people convicted of murder; American prisoners sentenced to life imprisonment; Hoboes; Living people; People convicted of murder by Wyoming; People from Redwood City, California; Prisoners sentenced to life imprisonment by Wyoming; Serial killers from California; Serial killers from Montana; Serial killers from Oregon; Serial killers from Texas; Serial killers from Utah; Serial killers from Wyoming; Violence against homeless people in the United States",2026-09-27 09:52:26
Richard Biegenwald,6.0,8.0,6.0,Low (5-14),United States,1958,1983,Unknown,True,False,False,https://en.wikipedia.org/wiki/Richard_Biegenwald,"Richard Fran Biegenwald(August 24, 1940–March 10, 2008) was an Americanserial killerandarsonistwho murdered six people, four women and two men, inMonmouth County, New Jersey, between 1958 and 1983. He is suspected in at least two other murders. Born inStaten Island,New York, Biegenwald was frequently beaten as a child by hisalcoholicfather.At the age of five, Biegenwald set fire to their homeand was sent for observation at a Rockland County Psychiatric Center. By the age of eight, Biegenwald was",Richard Biegenwald,The Thrill Killer,8,"After his return, Biegenwald stole another car and went to Bayonne, New Jersey . [ 1 ] There, on December 18, 1958, Biegenwald robbed a grocery store with accomplice Frank Spardoff, shooting and killing the proprietor, Stephen Sladowski, an attorney and prosecutor. [ 2 ] [ 4 ] Biegenwald fled the state after the murder, but was captured two days later in Salisbury, Maryland , after a shooting involving police. [ 1 ] Biegenwald was extradited to New Jersey , where he was convicted of murder and g","December 18, 1958 – January 4, 1983",25.0,United States,,,"August 24, 1940","Staten Island, New York , U.S.",2008-03-10,"0) (aged 67) New Jersey State Prison , Trenton, New Jersey , U.S.",,,,,"Categories; 1940 births; 2008 deaths; 20th-century American murderers; American male criminals; American people convicted of murder; American people who died in prison custody; American prisoners sentenced to death; American prisoners sentenced to life imprisonment; Criminals from New York (state); Criminals from Staten Island; Deaths from kidney failure in New Jersey; Deaths from respiratory failure in the United States; Fugitives; People convicted of murder by New Jersey; People from Asbury Park, New Jersey; People paroled from life sentence; Prisoners sentenced to death by New Jersey; Prisoners sentenced to life imprisonment by New Jersey; Prisoners who died in New Jersey detention; Serial killers from New Jersey; Serial killers who died in prison custody; Male murderers",2026-09-27 09:52:28
New Bedford Highway Killer,11.0,,,Low (5-14),United States,1988,1989,Unknown,True,False,False,https://en.wikipedia.org/wiki/New_Bedford_Highway_Killer,"TheNew Bedford Highway Killeris an unidentified serial killer responsible for the deaths of at least nine women and the disappearances of two additional women inNew Bedford, Massachusetts, between March 1988 and April 1989.The killer is also suspected to have assaulted numerous other women. All the killer's victims were known sex workers or had struggles with addiction. While the victims were taken from New Bedford, they were all found in different surrounding towns, includingDartmouth,Freetowna",New Bedford Highway Killer,,11,"Robbin Lynn Rhodes , 29, was found on March 28, 1989, along Massachusetts Route 140 southbound in Freetown by a search dog. She is believed to have gone missing sometime in March or April 1988. Rhodes had previously dated suspect Kenneth Ponte. While she was never involved in prostitution , she knew many of the other victims and was friends with victim Mary Rose Santos. [ 3 ] Rochelle Clifford Dopierala , 28, of Falmouth , disappeared sometime during late April 1988. Her body was found on Decemb",March 1988 – April 1989,1.0,United States,,,,,,,,,,,"Categories; 1988 in Massachusetts; 1988 murders in the United States; 1989 in Massachusetts; 1989 murders in the United States; Crimes against sex workers in the United States; Dartmouth, Massachusetts; Femicide in the United States; Freetown, Massachusetts; Fugitives; History of Bristol County, Massachusetts; Violence against women in Massachusetts; History of New Bedford, Massachusetts; Serial killers from Massachusetts; Unidentified American serial killers; Unsolved murders in Massachusetts; Westport, Massachusetts; 20th-century American murderers",2026-09-27 09:52:31
Alexander Bychkov,9.0,11.0,,Low (5-14),Russia,2009,2012,Unknown,True,False,False,https://en.wikipedia.org/wiki/Alexander_Bychkov,"Alexander Vladimirovich Bychkov(Russian:Александр Владимирович Бычков; born 1 April 1988) is a Russianserial killerandcannibalconvicted for the murder of nine men inBelinsky,Penza Oblastbetween 2009 and 2012. Bychkov targeted elderly men,alcoholics, andhomeless menaround Belinsky, and after his arrest Bychkov claimed to havecannibalizedhis victims. Bychkov is believed to have killed up to 11 people based on evidence discovered in his home. Alexander Vladimirovich Bychkov was born on 1April 1988,",Alexander Bychkov,Belinsky Cannibal; Rambo,11,"On 17 September 2009, Bychkov committed his first murder, of 60-year-old Yevgeni Zhidkov whom he had met at a local tavern . Zhidkov was heading to the Belinsky district archive in order to fill out the documents needed for drawing a pension . Bychkov offered Zhidkov a place to sleep overnight at his home. When the two men arrived at Bychkov's house and the elderly man fell asleep, Bychkov stabbed his victim to death and dismembered the corpse. [ 2 ] Bychkov, who called himself "" Rambo "", commit",2009–2012,3.0,Russia,,,1 April 1988,"age 38) RSFSR , Soviet Union",,,,,,,Categories; 1988 births; 21st-century Russian murderers; Living people; People from Penza Oblast; People convicted of murder by Russia; Prisoners sentenced to life imprisonment by Russia; Russian cannibals; Russian people convicted of murder; Russian prisoners sentenced to life imprisonment; Russian serial killers; People convicted of burglary; 2009 murders in Russia; Violence against homeless people; Violence against men in Russia; People with personality disorders; Male murderers,2026-09-27 09:52:33
Lloyd Gomez,9.0,,,Low (5-14),United States,1950,1951,Unknown,True,False,False,https://en.wikipedia.org/wiki/Lloyd_Gomez,"Lloyd Gomez(December 6, 1923 – October 16, 1953), known asThe Phantom Hobo Killer, was an Americanserial killerwho robbed and murdered ninevagrantmen acrossCaliforniafrom 1950 to 1951.The murders were only linked to Gomez after he was arrested for a different crime and confessed to them. He was subsequently tried, convicted, and formallysentenced to deathfor the murder of Warren Cunningham, his second victim. He was executed in thegas chamberatSan Quentin State Prisonin 1953. Gomez was born on D",Lloyd Gomez,Harry Jenks; The Phantom Hobo Killer; The Hobo Jungle Killer,9,"The first victim, an unidentified man , was killed in the summer of 1950, the cause of death being a wine bottle smashed against his head. The second victim was 42-year-old [ 7 ] Warren Hood Cunningham who, on November 11, 1950, was shot to death after he accused Gomez of stealing his beer. [ 6 ] The only witness to the killing, John Kapusta, could not identify Gomez based on the fact he was blind in one eye. Just eight days later, on November 18 or 19, Gomez wound up in Mojave . While there, he",1950–1951,1.0,United States,,,"December 6, 1923","Caliente, Nevada , U.S.",1953-10-16,"6) (aged 29) San Quentin State Prison , California, U.S.",,Executed by gas chamber,Executed by gas chamber,,Categories; 1923 births; 1953 deaths; 20th-century American murderers; 20th-century executions of American people; American male criminals; American people convicted of assault; Executed American serial killers; Executed people from Nevada; People convicted of murder by California; People executed by California by gas chamber; Inmates of San Quentin State Prison; Serial killers from California; Violence against men in the United States; Violence against homeless people in the United States; Male murderers,2026-09-27 09:52:35
Timothy Krajcir,9.0,,,Low (5-14),,1977,1982,Unknown,True,False,False,https://en.wikipedia.org/wiki/Timothy_Krajcir,"Timothy Wayne Krajcir(pronounced/ˈkraɪtʃər/)(bornTimothy Wayne McBride; November 28, 1944) is a convicted Americanserial killerfromWest Mahanoy Township, Pennsylvaniawho has confessed to killing nine women: five inMissouriand four others inIllinois,Kentucky, andPennsylvania. Krajcir was born Timothy Wayne McBride inWest Mahanoy Township, Pennsylvaniato Charles McBride and Fern Yost on November 28, 1944.In 1945, when Timothy was around a year old, his father abandoned the family, leaving Yost to ",Timothy Krajcir,,9,"In carrying out his crimes, Krajcir would travel to various towns that he had no connection to, stalk his victims, and then break into their homes and wait for them to arrive. [ 8 ] In 1977, Krajcir was released from prison after serving time for rape, and as a condition of his parole, he was required to enroll at Southern Illinois University Carbondale . There, in 1981, he earned a degree in Administrative Justice with a minor in psychology . [ 9 ] Some victims were found tied up in their beds.",1977–1982,5.0,,,,"November 28, 1944","age 81) West Mahanoy Township, Pennsylvania , U.S.",,,,Incarcerated,Incarcerated,,"Categories; 1944 births; 20th-century American criminals; Living people; American male criminals; American people convicted of murder; American people convicted of rape; American people convicted of robbery; American prisoners sentenced to life imprisonment; Criminals from Allentown, Pennsylvania; People convicted of murder by Illinois; People convicted of murder by Missouri; People from Schuylkill County, Pennsylvania; Prisoners sentenced to life imprisonment by Illinois; Prisoners sentenced to life imprisonment by Missouri; Serial killers from Illinois; Serial killers from Kentucky; Serial killers from Missouri; Serial killers from Pennsylvania; Southern Illinois University Carbondale alumni; United States Navy sailors; Violence against women in Illinois; Violence against women in Missouri; Violence against women in Pennsylvania",2026-09-27 09:52:37
Anatoly Utkin,9.0,,,Low (5-14),Soviet Union,1968,1973,Unknown,True,False,False,https://en.wikipedia.org/wiki/Anatoly_Utkin,"Anatoly Viktorovich Utkin(Russian:Анато́лий Ви́кторович У́ткин; 1943 – 12 September 1975) was aSovietserial killer, convicted for the killing of nine people inUlyanovsk OblastandPenza Oblastbetween 1968 and 1973. Utkin was born in 1943, while his father Viktor was serving inWorld War II. When his father found his future mother pregnant, he thought that she had committed adultery and abandoned the future child. Utkin's mother attempted to get rid of him while pregnant, but she failed. Despite thi",Anatoly Utkin,The Ulyanovsky Maniac,9,"On 31 March 1968, Utkin committed his first murder in Barysh , Ulyanovsk Oblast, when he killed a 14-year-old girl and stole her watch. The body of the girl was found two months later, 300 kilometres from where she was killed. Three months later, on 27 June, Utkin raped and killed a 17-year-old girl, and on 25 September, killed a 13-year-old in Penza Oblast. On 8 October, Utkin attempted to kill another girl, but she fought him off and survived. On 28 November, Utkin killed a 10-year-old girl in",1968–1973,5.0,Soviet Union,,,1943,"43 ) Ulyanovsk , Ulyanovsk Oblast , RSFSR",1975-09-12,2) (aged 31–32) RSFSR,,,,,Categories; 1943 births; 1975 deaths; 20th-century Russian murderers; 20th-century executions by Russia; Child sexual abuse in the Soviet Union; Executed Russian serial killers; Executed Soviet serial killers; People convicted of murder by Russia; People convicted of murder by the Soviet Union; People executed by the Soviet Union by firearm; Russian people convicted of murder; Russian people executed by the Soviet Union; Russian rapists; Russian robbers; Soviet murderers of children; Soviet people convicted of murder; Soviet rapists; Thieves; Violence against women in Russia,2026-09-27 09:52:40
Gilberto Chamba,9.0,,,Low (5-14),Ecuador,1988,2004,Unknown,True,False,False,https://en.wikipedia.org/wiki/Gilberto_Chamba,"Gilberto Antonio Chamba Jaramillo(born 1963) is anEcuadorianserial killer, convicted of murdering nine people inEcuadorandSpain. Known asThe Monster ofMachala, he was convicted of several murders in south-westEcuador, but was released under an amnesty, and moved to Spain where he committed another murder. He was sentenced to 45 years in prison in Spain on November 5, 2006. According to several media sources in Ecuador, Chamba talked the police through the steps he took before, during and after e",Gilberto Chamba,The Monster of Machala,9,"According to several media sources in Ecuador, Chamba talked the police through the steps he took before, during and after each murder. He owned a taxi in which, from 1988 to 1993, he toured the streets of Machala apparently in search of customers but secretly targeting unaccompanied young female students. The officers who captured Chamba initially doubted the extent of his confessions, and tried to expose him by taking him to places far from the actual murder sites. However, with surprising col",1988–2004,16.0,Ecuador; Spain,,,,"Machala , El Oro Province , Ecuador",,,,,,,Categories; 1963 births; Ecuadorian prisoners and detainees; Ecuadorian serial killers; Living people; People from Machala; Foreign nationals imprisoned in Spain,2026-09-27 09:52:44
Ondrej Rigo,9.0,1.0,,Low (5-14),Czechoslovakia,1990,1992,Unknown,True,False,False,https://en.wikipedia.org/wiki/Ondrej_Rigo,"Ondrej Rigo(17 December 1955 – 14 June 2022)was a Slovakserial killerandnecrophilewho targeted women inBratislava,MunichandAmsterdamfrom 1990 to 1992.He served a life sentence until his death for nine murders and one attempted murder inLeopoldov Prisonin Slovakia. Rigo was diagnosed with aschizoid personality disorderand anantisocial personality disorderas well asnecrophilia, finding pleasure in having intercourse with women with mutilated heads. Rigo remains the Slovak murderer with the highest",Ondrej Rigo,The International killer The Sock killer,9,"After arriving in Munich, Rigo murdered twice in three months. His first victim, Helena S. (40), probably surprised Rigo while he was burglarizing her apartment. ""He killed her and got aroused sexually,"" recalled Anton Heretik, author of Rigo's psychological evaluation during the investigation. On the night of 7–8 June 1990, he sneaked through a partially open window into the ground floor bedroom of Helena S. at an unspecified location in Munich. Rigo smashed her head with a 2.5-kilogram ( 5.5 l",7 June 1990 – 4 March 1992,2.0,Czechoslovakia; West Germany; Netherlands,,,17 December 1955,"Modra , Czechoslovakia",2022-06-14,"4) (aged 66) Trenčín , Slovakia",,,,"An important factor in Ondrej Rigo's conviction was his consistent modus operandi : His attacks occurred during the night or very early in the morning He wore his socks on his hands at all times during the attacks in order not to leave any fingerprints He would sneak into apartments in the basements, on the ground floor or with easy access via the balcony, usually entering through a window He would always pick women sleeping alone (except in the case of Anna P. and her son Juraj N.) and beat them to death with a metal rod, wooden stick or a rock, always hitting the head The murder weapon is always left at the crime scene After killing the victim he would cover the victim's upper body with a blanket . Then he would copulate with the body both vaginally and anally . Sometimes, he would mutilate the body some more during intercourse He smoked at the crime scenes and threw cigarette butts on the floor Usually, he robbed the victims of some easy-to-carry valuables",Categories; 1955 births; 2022 deaths; Czechoslovak people convicted of murder; Czechoslovak serial killers; Necrophiles; People convicted of murder by Slovakia; People from Modra; People with antisocial personality disorder; People with schizoid personality disorder; Prisoners sentenced to life imprisonment by Slovakia; Slovak Romani people; Slovak serial killers; Slovak people convicted of murder; Slovak people who died in prison custody; Slovak prisoners sentenced to life imprisonment,2026-09-27 09:52:47
Alfred Gaynor,9.0,,,Low (5-14),United States,1995,1998,Unknown,True,False,False,https://en.wikipedia.org/wiki/Alfred_Gaynor,"Alfred J. Gaynor(born December 10, 1966) is an Americanserial killerand rapist. From 1995 to 1998, he murdered nine women between the ages of 20 and 45 inSpringfield, Massachusetts. Gaynor was subsequently given four sentences oflife imprisonmentwithout parole. Little is known about Gaynor's early years. He was born on December 10, 1966, in Springfield, as one of several children. After school, having no education, he engaged in low-skill labor. Later, in the late 1980s, he began working at anau",Alfred Gaynor,,9,"In early April 1995, Gaynor began his murder spree, first starting with 45-year-old Vera E. Hallums, whom he asked to spend a night in her apartment. In the middle of the night, Gaynor attacked the sleeping woman, tying her up and beating her; Hallums subsequently died of a brain injury. After her death, he raped her corpse, robbed the apartment, and disappeared into the night. Hallums' body was found on April 20. [ 4 ] On June 15, 1997, Gaynor met 34-year-old drug addict Jill Ann Ermellini near",1995–1998,3.0,United States,,,"December 10, 1966","age 59) Springfield, Massachusetts , U.S.",,,,,,,"Categories; 1966 births; 20th-century American criminals; American people convicted of rape; American people convicted of murder; American prisoners sentenced to life imprisonment; Living people; Necrophiles; People convicted of murder by Massachusetts; People from Springfield, Massachusetts; Prisoners sentenced to life imprisonment by Massachusetts; Serial killers from Massachusetts; Violence against women in Massachusetts",2026-09-27 09:52:49
Mark Goudeau,9.0,,,Low (5-14),United States,2005,2006,Unknown,True,False,False,https://en.wikipedia.org/wiki/Mark_Goudeau,"Mark Goudeau(born September 6, 1964), also called theBaseline Killerand theBaseline Rapist,is an Americanserial killerandkidnapperwho committed therape,robbery, andmurderof nine victims in thePhoenix metro areabetween August 2005 and June 2006. In addition, his extensive crime spree included 77 other felony crimes, totaling 86 felonies over the ten-month period. The term ""Baseline Killer"" was adopted since most, but not all, of his victims were found alongBaseline Road. Goudeau was active at the",Mark Goudeau,The Baseline Killer The Baseline Rapist,9,,"August 6, 2005 – June 29, 2006",1.0,United States,,,"September 6, 1964","age 62) Phoenix, Arizona , U.S.",,,,,,,"Categories; 1964 births; 2005 murders in the United States; 21st-century African-American people; 21st-century American murderers; American male criminals; American people convicted of assault; American people convicted of attempted murder; American people convicted of child sexual abuse; American people convicted of kidnapping; American people convicted of murder; American people convicted of rape; American people convicted of sexual assault; American prisoners sentenced to death; American prisoners sentenced to life imprisonment; Criminals from Phoenix, Arizona; History of Phoenix, Arizona; Living people; People convicted of murder by Arizona; Prisoners sentenced to death by Arizona; Prisoners sentenced to life imprisonment by Arizona; Serial killers from Arizona; Male murderers; American serial rapists",2026-09-27 09:52:52
Keith Hunter Jesperson,8.0,160.0,160.0,High (30+),U.S.,1990,1995,Unknown,True,False,False,https://en.wikipedia.org/wiki/Keith_Hunter_Jesperson,"Keith Hunter Jesperson(born 6 April 1955) is an American-Canadianserial killerknown as theHappy Face Killer. He worked as atruck driverand murdered at least eight women between January 1990 and March 1995, later mailing many taunting letters to the media and authorities that he marked withsmiley faces. Many of Jesperson's victims weresex workersandtransients, whom he preferred to kill viastrangulation. After the body of Jesperson's first victim, Taunja Bennett, was found, media attention surroun",Keith Hunter Jesperson,The Happy Face Killer,160,"Jesperson's first known victim was Taunja Bennett on 21 January 1990, near Portland, Oregon , United States. He introduced himself to Bennett at a bar and invited her to a house he was renting. After getting into an argument with Bennett, he strangled her to death with his hands and disposed of her body. [ 12 ] On 30 August 1992, the body of a woman Jesperson had raped and strangled was found near Blythe , California , United States. [ 13 ] Jesperson gave the Jane Doe 's name as Claudia. Later g",21 January 1990 – 16 March 1995,5.0,U.S.; Canada,,,6 April 1955,"age 71) Chilliwack , British Columbia , Canada",,,,,,,Categories; 1955 births; Living people; 1990 murders in the United States; 1992 murders in the United States; 1994 murders in the United States; 1995 murders in the United States; 20th-century American murderers; 20th-century Canadian murderers; American male criminals; American people convicted of murder; American prisoners sentenced to life imprisonment; American rapists; American truck drivers; Canadian male criminals; Canadian people convicted of murder; Canadian people imprisoned in the United States; Canadian prisoners sentenced to life imprisonment; Canadian rapists; Canadian serial killers; Canadian truck drivers; Crimes against sex workers in the United States; Fugitives; People convicted of murder by Oregon; People extradited within the United States; People from Chilliwack; Prisoners sentenced to life imprisonment by Oregon; Serial killers from California; Serial killers from Florida; Serial killers from Nebraska; Serial killers from Oregon; Serial killers from Washington (state); Serial killers from Wyoming; Serial killers who worked as truck drivers; Violence against women in Canada; Violence against women in the United States; Male murderers,2026-09-27 09:52:55
Rodney Alcala,8.0,130.0,,High (30+),United States,1968,1979,Unknown,True,False,False,https://en.wikipedia.org/wiki/Rodney_Alcala,"Rodney James Alcala(/ˈælkɑːlə/; bornRodrigo Jacques Alcala Buquor; August 23, 1943 – July 24, 2021), also known asJohn BergerandJohn Burger, was an Americanserial killerand convictedsex offenderwho wassentenced to deathinCaliforniafor five murders committed between 1977 and 1979. He pleaded guilty and received two sentences, both twenty-five years tolife, for two further murders committed inNew York State. He was alsoindictedfor one murder inWyoming, although the charges filed there were dropped",Rodney Alcala,The Dating Game Killer John Berger John Burger,130,"To evade the arrest warrant stemming from the Shapiro assault, Alcala left California and enrolled at NYU, using the name ""John Berger"". [ 16 ] Cornelia Crilley, a 23-year-old Trans World Airlines flight attendant, was found raped and murdered in her Manhattan apartment on June 12, 1971. Alcala had strangled her with her own nylon stockings, leaving her dead in her apartment at 427 East 83rd Street. [ 17 ] It is believed that Crilley met Alcala as she moved into her new apartment and she accepte",1968–1979,11.0,United States,,,"August 23, 1943","San Antonio, Texas , U.S.",2021-07-24,"4) (aged 77) Corcoran, California , U.S.",,,Death,,"Categories; 1943 births; 2021 deaths; 1968 crimes in the United States; 1970s murders in the United States; 20th-century American criminals; American expatriates in Mexico; American male criminals; American murderers of children; American people convicted of assault; American people convicted of child sexual abuse; American people convicted of kidnapping; American people convicted of murder; American people convicted of rape; American people of Mexican descent; American people who died in prison custody; American prisoners sentenced to death; American prisoners sentenced to life imprisonment; Contestants on American game shows; Criminals from Los Angeles; Serial killers from Texas; Military personnel from San Antonio; People extradited within the United States; People from Monterey Park, California; People convicted of murder by California; People convicted of murder by New York (state); People with antisocial personality disorder; People with borderline personality disorder; People with narcissistic personality disorder; People with sexual sadism disorder; Prisoners sentenced to death by California; Prisoners sentenced to life imprisonment by New York (state); Prisoners who died in California detention; Serial killers from New York City; Serial killers from the San Francisco Bay Area; Serial killers who died in prison custody; New York University Tisch School of the Arts alumni; UCLA School of the Arts and Architecture alumni; United States Army soldiers; Violence against women in California; Violence against women in New York (state); People from Montebello, California",2026-09-27 09:52:57
Ottis Toole,,,,Very Low (<5),United States,1961,1983,Unknown,True,False,False,https://en.wikipedia.org/wiki/Ottis_Toole,"Ottis Elwood Toole(March 5, 1947– September 15, 1996) was an Americanserial killerwho was convicted of six counts of murder. Like his companionHenry Lee Lucas, Toole made confessions which resulted in murder convictions, and which he later recanted. The discrediting of the case against Lucas for crimes for which Toole had offered corroborating statements created doubts as to whether either was a genuine serial killer or, asHugh Aynesworthsuggested, both were merely compliant interviewees whom po",Ottis Toole,,0,"In 1976, Toole met Henry Lee Lucas at a Jacksonville soup kitchen, [ 1 ] and they likely developed a sexual relationship. [ 5 ] Toole later claimed to have accompanied Lucas in 108 murders, sometimes committed at the behest of a cult called ""The Hands of Death"". Police, however, discounted the uncorroborated claims about the cult's existence. [ 1 ] On January 4, 1982, Toole barricaded 65-year-old George Sonnenberg in a boarding house where he was living in Jacksonville and set the house on fire.",1961–1983,22.0,United States,,,"March 5, 1947","Jacksonville, Florida , U.S.",1996-09-15,"5) (aged 49) Raiford, Florida , U.S.",Prostitute and vagrant,,,,"Categories; 1947 births; 1996 deaths; Alcohol-related deaths in Florida; American cannibals; American gay men; American male criminals; American male prostitutes; American murderers of children; American people convicted of arson; American people convicted of murder; American people who died in prison custody; American prisoners sentenced to death; American prisoners sentenced to life imprisonment; American rapists; Child abuse incidents and cases; Child sexual abuse in the United States; Crime in Florida; Crimes involving Satanism or the occult; Criminals from Jacksonville, Florida; Deaths from cirrhosis; LGBTQ people from Florida; People convicted of murder by Florida; People with antisocial personality disorder; People with epilepsy; People with schizophrenia; Prisoners sentenced to death by Florida; Prisoners sentenced to life imprisonment by Florida; Prisoners who died in Florida detention; Serial killers from Florida; Serial killers from Michigan; Serial killers from Texas; Serial killers who died in prison custody; 20th-century American murderers; Male murderers",2026-09-27 09:52:59
Kiyotaka Katsuta,8.0,22.0,,Medium (15-29),Japan,1972,1982,Unknown,True,False,False,https://en.wikipedia.org/wiki/Kiyotaka_Katsuta,"Kiyotaka Katsuta(勝田 清孝,Katsuta Kiyotaka; August 29, 1948 – November 30, 2000)was a Japaneseserial killerandthief. Katsuta committed several murders and robbed several houses before being apprehended. The exact number of murders he committed is unknown. He killed his victims by strangling and shooting them. On October 27, 1982, he hit a police officer with a car and stole the officer’sNew Nambu M60service revolver. On October 31, he attempted to commit a robbery, but killed a man with a handgun d",Kiyotaka Katsuta,Kiyotaka Fujiwara,22,,1972–1982,10.0,Japan,,,"August 29, 1948","Kizugawa, Kyoto , Occupied Japan",2000-11-30,"0) (aged 52) Nagoya Detention House , Higashi-ku, Nagoya, Japan",,Executed by hanging,Executed by hanging,,"Categories; 1948 births; 2000 deaths; 20th-century executions by Japan; Executed Japanese serial killers; Japanese thieves; People convicted of murder by Japan; People executed by Japan by hanging; People from Kizugawa, Kyoto; People from Kyoto Prefecture; Robbers",2026-09-27 09:53:02
Joseph Paul Franklin,8.0,22.0,8.0,Medium (15-29),United States,1977,1980,Unknown,True,False,False,https://en.wikipedia.org/wiki/Joseph_Paul_Franklin,"Joseph Paul Franklin(bornJames Clayton Vaughn Jr.; April 13, 1950 – November 20, 2013) was an Americanserial killerandwhite supremacistwho murdered sixteen people between 1978 and 1980. He either admitted to, or was convicted of, shooting 22 people across ten U.S. states, which hedriftedbetween while likely supporting himself with money frombank robberies. Franklin's victims were generally black male–white femaleinterracial couplesandJews. He took interest in white supremacismin his youth, which",Joseph Paul Franklin,,22,"For much of his life, Franklin was a vagrant , roaming the East Coast seeking chances to ""cleanse the world"" of people he considered inferior, especially black and Jewish people. [ 5 ] His primary source of financial support was likely bank robberies . Franklin supplemented his income from criminal acts with paid blood bank donations, which eventually led to his capture by the FBI . [ 12 ]","August 7, 1977 – August 20, 1980",3.0,United States,,,"April 13, 1950","Mobile, Alabama , U.S.",2013-11-20,"0) (aged 63) Bonne Terre, Missouri , U.S.",,Executed by lethal injection,Executed by lethal injection,,"Categories; 1950 births; 2013 deaths; 20th-century American criminals; 21st-century executions by Missouri; 21st-century executions of American people; American arsonists; American bank robbers; American criminal snipers; American escapees; American failed assassins; American Ku Klux Klan members; American male criminals; American murderers of children; American Nazi Party members; American people convicted of hate crimes; American people of German descent; American prisoners sentenced to life imprisonment; Antisemitic attacks and incidents in the United States; Escapees from Missouri detention; Executed American serial killers; Executed people from Alabama; Former Ku Klux Klan members; Former white supremacists; Ku Klux Klan members convicted of murder; People convicted of depriving others of their civil rights; People convicted of murder by Missouri; People convicted of murder by Ohio; People convicted of murder by Tennessee; People convicted of murder by the United States federal government; People convicted of racial hatred offences; People executed by Missouri by lethal injection; People from Mobile, Alabama; People from St. Louis County, Missouri; People from Washington County, Missouri; Prisoners sentenced to life imprisonment by Ohio; Prisoners sentenced to life imprisonment by Tennessee; Prisoners sentenced to life imprisonment by the United States federal government; Race and crime in the United States; Racially motivated violence in Missouri; Racially motivated violence against African Americans; Racially motivated violence against African Americans in Georgia (U.S. state); Racially motivated violence against African Americans in Oklahoma; Racially motivated violence against African Americans in Ohio; Racially motivated violence against African Americans in Pennsylvania; Racially motivated violence against African Americans in Tennessee; Racially motivated violence against African Americans in Utah; Racially motivated violence against African Americans in Virginia; Serial killers from Georgia (U.S. state); Serial killers from Missouri; Serial killers from Ohio; Serial killers from Oklahoma; Serial killers from Pennsylvania; Serial killers from Tennessee; Serial killers from Utah; Serial killers from West Virginia; Serial killers from Wisconsin",2026-09-27 09:53:04
Pierre Chanal,8.0,17.0,,Medium (15-29),France,1980,1988,Unknown,True,False,False,https://en.wikipedia.org/wiki/Pierre_Chanal,"Pierre Chanal([pjɛʁʃanal]; 18 November 1946 – 15 October 2003) was a French soldier and suspectedserial killer. He was convicted of therapeandkidnappingof a young man, Balázs Falvay, whom he picked uphitchhikingin 1988. He received a ten-year sentence for the attack and was released in 1995 on probation. He was accused of murdering three of eight young men who disappeared in northeastern France between 1980 and 1987.One of his alleged victims wasTrevor O'Keeffe.Chanal killed himself in prison in",Pierre Chanal,,17,,1980–1988,8.0,France,,,18 November 1946,"Saint-Étienne , France",2003-10-15,"5) (aged 56) Reims , France",,,,,Categories; 1946 births; 2003 suicides; 2003 deaths; French people who died in prison custody; French people convicted of rape; French serial killers; People from Saint-Étienne; Prisoners who died in French detention; Serial killers who died by suicide in prison custody; Suicides by sharp instrument in France; Violence against men in France; Rape of males; Male suicides,2026-09-27 09:53:06
Christopher Wilder,8.0,4.0,,Low (5-14),Australia (suspected) United States,1984,,Unknown,True,False,True,https://en.wikipedia.org/wiki/Christopher_Wilder,"Christopher Bernard Wilder(March 13, 1945 – April 13, 1984), also known as theBeauty Queen Killerand theSnapshot Killer, was an Australian-Americanserial killerwhoabductedat least twelve young women and girls, killing eight of them during a six-week, cross-country crime spree in the United States in early 1984. Having committed numerousrapesandsexual assaultsin Australia and the United States dating back to 1963, Wilder had developed his methods for victimizing attractive young women, most of wh",Christopher Wilder,The Beauty Queen Killer The Snapshot Killer,8,"The first murder attributed to Wilder was that of 20-year-old Rosario Teresa ""Chary"" Gonzalez , who was last seen on February 26, 1984, at the Miami Grand Prix , where she was employed as a spokesmodel at a temporary job distributing samples of aspirin for a pharmaceutical company. [ 15 ] Witnesses stated that she left the Grand Prix track between noon and 1:00 p.m. with a Caucasian man in his thirties. Her blue 1980 Oldsmobile Cutlass was found parked near Dupont Plaza. Wilder was a race car dr","February 26 – April 13, 1984",,Australia (suspected) United States,,,"March 13, 1945","Sydney , New South Wales, Australia",1984-04-13,"3) (aged 39) Colebrook, New Hampshire , United States",,,,,"Categories; 1945 births; 1984 deaths; American murderers of children; American rapists; Australian emigrants to the United States; Australian murderers of children; Australian rapists; Australian serial killers; 20th-century Australian murderers; Criminals from Sydney; FBI Ten Most Wanted Fugitives; People from Boynton Beach, Florida; People shot dead by law enforcement officers in New Hampshire; Serial killers from Colorado; Serial killers from California; Serial killers from Florida; Serial killers from Nevada; Serial killers from Oklahoma; Serial killers from Texas; 20th-century American murderers; IMSA GT Championship drivers; Male murderers; American serial rapists; Australian serial rapists",2026-09-27 09:53:09
Axeman of New Orleans,6.0,17.0,6.0,Medium (15-29),United States,1918,1919,Unknown,True,False,False,https://en.wikipedia.org/wiki/Axeman_of_New_Orleans,"TheAxeman of New Orleanswas an unidentified Americanserial killerwho was active in and aroundNew Orleans,Louisianabetween May 1918 and October 1919. Press reports during the height of public panic over the killings mentioned similar crimes as early as 1911, but recent researchers have called these reports into question.The attacker was never identified, and the murders remain unsolved. As the killer'sepithetimplies, the victims usually were attacked with anaxe, which often belonged to the victim",Axeman of New Orleans,,17,,"May 23, 1918 – October 27, 1919",1.0,United States,,,,,,,,Never caught,Never caught,,Categories; 1918 crimes in the United States; 1918 in Louisiana; 1919 crimes in the United States; 1919 in Louisiana; 20th century in New Orleans; American murderers of children; Axe murder; Mass stabbings in the United States; Criminals from New Orleans; Serial killers from New Orleans; Unidentified American serial killers; Unsolved murders in Louisiana,2026-09-27 09:53:10
Vladimir Retunsky,9.0,13.0,,Low (5-14),Soviet Union,1986,1996,Unknown,True,False,False,https://en.wikipedia.org/wiki/Vladimir_Retunsky,"Vladimir Nikolaevich Retunsky(Russian:Влади́мир Никола́евич Рету́нский; born 4 February 1950), known asThe Povorino Maniac(Russian:Поворинский маньяк), is aSoviet–Russianserial killerand rapist who raped and murdered at least 8 young women inVoronezhandVologda Oblastsbetween 1990 and 1996. He had previous convictions for rape andnegligent homicide. After his detainment in 1997, Retunsky was convicted andsentenced to death, but had his sentence commuted to 15 years imprisonment due changes in the",Vladimir Retunsky,The Povorino Maniac; The Chikatilo of Khopyor River; The Voronezh Chikatilo,13,"In 1978, Retunsky was convicted of a raping his wife while threatening her with a knife in the Lefortovo District , for which he was ordered to serve a 5.5-year prison sentence at a high-security colony in Voronezh's Paninsky District . [ 1 ] He was paroled for good behavior in 1980 and transferred to the North to do penal labor at a construction site. While there, he met a saleswoman named Lyudmila Galina, who had a son from a previous marriage. The two became romantically engaged and Retunsky ",1986–1996,10.0,Soviet Union; later Russia,,,4 February 1950,"age 76) Povorino , Voronezh Oblast , RSFSR , Soviet Union",,,,,,"Between 1990 and 1996, Retunsky killed at least eight young girls and women, divided into two ""periods"" from 1990 to 1991, and later from 1995 to 1996. [ 1 ] He almost always targeted young, blonde hitchhikers whom he took to isolated locations where he would tie them up, rape them, and then kill them either by strangulation or stabbing. In some cases, he disposed of the victims' bodies in nearby bodies of water, while in others he ripped open their stomachs. In each murder, he is known to have caused to either stab or sever his victims' breasts. [ 1 ]",Categories; 1950 births; Living people; 20th-century Russian murderers; 21st-century Russian murderers; Prisoners sentenced to death by Russia; Russian serial killers; Soviet rapists; Soviet serial killers; Russian people convicted of murder; People convicted of murder by Russia; Russian people convicted of rape; People convicted of theft; Thieves; Violence against women in Russia; People from Povorinsky District; Male murderers,2026-09-27 09:53:13
Gilbert Paul Jordan,1.0,8.0,10.0,Low (5-14),Canada,1965,2004,Unknown,True,False,False,https://en.wikipedia.org/wiki/Gilbert_Paul_Jordan,"Gilbert Paul Jordan(néElsie; December 12, 1931 – July 7, 2006),known asThe Boozing Barber, was a Canadianserial killerwho is believed to have committed the so-called ""alcoholmurders"" inVancouver, British Columbia. Jordan, a formerbarber, was linked to the deaths of between eight and ten women between 1965 and 1988; he was the first Canadian known to use alcohol as a murder weapon. Jordan's lengthy criminal record started in 1952 and includes convictions forrape,indecent assault,abduction,hit and",Gilbert Paul Jordan,The Boozing Barber Paul Pearce Gilbert Paul Elsie,10,"Jordan is thought to have begun serial killing in 1965. He is considered a serial killer as he was linked to the deaths of between eight and ten women, but was only convicted in the manslaughter death of one woman. [ 6 ] His victims were First Nations women in Vancouver 's Downtown Eastside . Typically he would find women in bars, and buy them drinks, or pay them for sex and encourage them to drink with him. When they passed out, he would pour liquor down their throats. [ 7 ] The resulting death",1965– c. 2004,39.0,Canada,British Columbia; Saskatchewan,,"December 12, 1931","Vancouver , British Columbia , Canada",2006-07-07,"7) (aged 74) Victoria, British Columbia , Canada",,,,,Categories; 1931 births; 2006 deaths; Alcohol-related crimes; Canadian male criminals; Canadian people convicted of manslaughter; Canadian rapists; Canadian serial killers; 20th-century Canadian murderers; People convicted of indecent assault; People from Vancouver; People with antisocial personality disorder; Poisoners; Prisoners and detainees of Canada; Violence against Indigenous women in Canada; Women in Vancouver; Male murderers,2026-09-27 09:53:15
Frankford Slasher,1.0,9.0,,Low (5-14),United States,1985,1990,Unknown,True,False,False,https://en.wikipedia.org/wiki/Frankford_Slasher,"The Frankford Slasheris the name given by the media to a possibleserial killerwho operated in and around the neighborhood ofFrankfordinPhiladelphia,Pennsylvaniafrom 1985 to 1990. Leonard Christopher was convicted in the murder of one of the nine supposedly linked victims, but the others remain unsolved. All of the victims weresexually assaultedand stabbed to death. Several of the victims were seen with a middle-aged white man shortly before their murders. During the investigation into the death ",Frankford Slasher,,9,"Helen Patent, 51, killed August 19, 1985 Anna Carroll, 67, killed January 3, 1986 Suzanna Olszef, 64, killed December 25, 1986 Jeanne Durkin, 28, killed January 8, 1987 Catherine M. Jones, 29, killed January 1987 (connection to other murders is disputed) Margaret Vaughan, 66, killed November 11, 1988 Theresa Sciortino, 30, killed January 19, 1989 Carol Dowd, 44, killed April 29, 1990 (Leonard Christopher was convicted of her murder) Michelle Dehner, 30, killed September 6, 1990 (occurred while L","August 19, 1985 – September 6, 1990",5.0,United States,,,,,,,,,,,Categories; 1985 murders in the United States; American rapists; Serial killers from Philadelphia; Unidentified American serial killers; Unsolved murders in Pennsylvania; 20th-century American murderers; Suspected serial killers; Male murderers,2026-09-27 09:53:17
Kendall Francois,8.0,,,Low (5-14),United States,1996,1998,Unknown,True,False,False,https://en.wikipedia.org/wiki/Kendall_Francois,"Kendall L. Francois(July 26, 1971 – September 11, 2014) was an Americanserial killerconvicted of killing eight women inPoughkeepsie, New York, between 1996 and 1998. Francois was the second of four children born toHaitianparents.As a teenager, he wrestled and played football atArlington High School. Upon graduation in 1989, he enlisted in theUnited States Armyand completed basic training atFort Sill. After four years in the Army, Francois was discharged due to obesity, as he weighed 320 pounds (",Kendall Francois,The Poughkeepsie Killer [ 1 ],8,"Francois's first three victims were sex workers and repeat customers of his. They shared similar physical appearances: white, slight build, and dark hair. He picked up his first victim, 30-year-old Wendy Meyers, at the local Valley Rest Motel on October 24, 1996. During sex, Francois began choking her; once she fell unconscious, he drowned Meyers in a bathtub. A month later, on November 29, he killed 29-year-old Gina Barone in his car. [ 10 ] Days later, he killed his third victim, Catherine ""Ca","October 1996 – August 26, 1998",2.0,United States,,,"July 26, 1971","Poughkeepsie , New York , U.S.",2014-09-11,"1) (aged 43) Wende Correctional Facility , Alden, New York , U.S.",,Deceased,Deceased,,"Categories; 1971 births; 1996 murders in the United States; 2014 deaths; American male criminals; American people convicted of murder; American people of Haitian descent; American people who died in prison custody; American prisoners sentenced to life imprisonment; American rapists; Crimes against sex workers in the United States; Criminals from New York (state); People convicted of murder by New York (state); People from Poughkeepsie, New York; People with HIV/AIDS; Prisoners sentenced to life imprisonment by New York (state); Prisoners who died in New York (state) detention; Serial killers from New York (state); Serial killers who died in prison custody; Violence against women in New York (state); 20th-century American murderers; Male murderers",2026-09-27 09:53:19
Hilda Nilsson,,,,Very Low (<5),,,,Female,True,False,False,https://en.wikipedia.org/wiki/Hilda_Nilsson,"Hilda Nilsson(24 May 1876 – 10 August 1917) was a Swedishserial killerfromHelsingborgwho became known as ""the angel maker on Bruks Street"". She is one of Sweden's most notorious female serial killers. In 1917, she was imprisoned for murdering eight children.[a]Her trial, which included amental examination, began on 2 June 1917. At the conclusion of the trial on 15 June 1917, she was sentenced to death. She escaped execution by committing suicide while in jail inLandskrona. Shehanged herselfwith ",Hilda Nilsson,,0,"Nilsson murdered the children she took care of shortly after their mothers left them in her care. This was possible because the authorities rarely knew of these babies' existence. Furthermore, the mothers almost never came back to learn how their children were doing. [ 2 ] One method Nilsson used for murdering the children was to put them into a washtub and then place heavy objects—such as a washboard and coal scuttle—on top of them. [ 3 ] She then left the room and returned hours later when the",,,,,,24 May 1876,"Helsingborg , Sweden",1917-08-10,"0) (aged 41) Landskrona , Sweden",,,,,Categories; 1876 births; 1917 deaths; 1917 suicides; Infanticide; Female serial killers; People convicted of murder by Sweden; People from Helsingborg; Prisoners sentenced to death by Sweden; Prisoners who died in Swedish detention; Serial killers who died by suicide in prison custody; Swedish female murderers; Swedish murderers of children; Swedish people convicted of murder; Swedish people who died in prison custody; Swedish prisoners sentenced to death; Swedish serial killers; Suicides by hanging in Sweden; Women sentenced to death; Nannies; Female suicides,2026-09-27 09:53:22
Yoshio Kodaira,9.0,12.0,1.0,Low (5-14),Japan,1932,1946,Unknown,True,False,False,https://en.wikipedia.org/wiki/Yoshio_Kodaira,"Yoshio Kodaira(小平 義雄,Kodaira Yoshio; 28 January 1905 – 5 October 1949)was a Japaneseserial killer,war criminalandserial rapistwho murdered at least 8 people in theTokyoandTochigi Prefectureareas between 1932 and 1946. Kodaira killed his father-in-law in 1932 and later raped and murdered at least 7 women between 1945 and 1946 by inviting them into forested areas around Tochigi and Tokyo under the guise of giving them food or employment. Kodaira wassentenced to deathafter being convicted of killin",Yoshio Kodaira,,12,"In 1932, Kodaira retired from the military with the rank of sergeant and married shortly after he returned to Japan . However, his wife eventually left him because he had a child by another woman. On 2 July 1932, Kodaira attacked his wife's family in a rage, killing his father-in-law and injuring six others with an iron rod. Kodaira was arrested and sentenced to 15 years imprisonment, but was released on parole in 1940. In December 1941, he impregnated a 21-year-old comfort woman he had ""purchas",2 July 1932 – 6 August 1946 (confessed to at least one additional murder in China in the 1920s),14.0,Japan; China,,,28 January 1905,"Tochigi , Tochigi Prefecture, Empire of Japan",1949-10-05,"5) (aged 44) Miyagi Prison, Sendai , Occupied Japan",,Executed by hanging,Executed by hanging,,Categories; 1905 births; 1949 deaths; 20th-century executions by Japan; Executed Japanese serial killers; Imperial Japanese Navy personnel; Japanese murderers of children; Japanese rapists; Japanese war crimes in China; Japanese war criminals; Necrophiles; People convicted of murder by Japan; People executed by Japan by hanging; People from Tochigi Prefecture; Violence against women in Japan,2026-09-27 09:53:24
Eric Edgar Cooke,8.0,,,Low (5-14),Australia,1959,1963,Unknown,True,False,False,https://en.wikipedia.org/wiki/Eric_Edgar_Cooke,"Eric Edgar Cooke(25 February 1931 – 26 October 1964), nicknamed theNight Callerand later theNedlands Monster, was anAustralianserial killerwho terrorised the city ofPerth, Western Australia, from September 1958 to August 1963. Cooke committed at least 20 violent crimes, eight of which resulted in deaths. Following a four-year killing spree, Cooke was eventually arrested and made extensive admissions to his crimes, including two of whichDarryl BeamishandJohn Buttonhad been wrongfully convicted. I",Eric Edgar Cooke,The Night Caller The Nedlands Monster,8,"Starting at age 17, Cooke spent his nights involved in petty crimes , vandalism and arson ; he would later serve eighteen months in jail for burning down a church after he was rejected in a choir audition. During his later teenage years, Cooke would sneak into houses and steal whatever he found valuable. These crimes escalated to damaging clothing and furniture in acts of vengeance. He would cut out newspaper accounts of his crimes to impress his acquaintances in an attempt to gain friends. On 1",1959–1963,4.0,Australia,,,25 February 1931,"Perth , Australia",1964-10-26,"6) (aged 33) Fremantle Prison , Australia",,Executed by hanging,Executed by hanging,,"Categories; 1931 births; 1964 deaths; 20th-century Australian murderers; 20th-century executions by Australia; Australian arsonists; Burials at Fremantle Cemetery; Crime in Perth, Western Australia; Criminals from Western Australia; Executed Australian serial killers; Murder in Perth, Western Australia; Necrophiles; People convicted of murder by Western Australia; People executed by Australia by hanging; People executed by Western Australia; People from Perth, Western Australia; Male murderers",2026-09-27 09:53:26
John Edward Robinson,8.0,,,Low (5-14),United States,1984,2000,Unknown,True,False,False,https://en.wikipedia.org/wiki/John_Edward_Robinson,"John Edward Robinson(born December 27, 1943) is an American convictedserial killer,kidnapper,rapist, andforger. He was found guilty and received thedeath penaltyin 2003 for three murders committed inKansas. Two years later, as part of aplea deal, he admitted responsibility in five other murders committed inMissouri, for which he received multiplelife sentences without possibility of parole. Robinson, a prolificcon manandembezzler, used onlinechatroomsto make contact with some of his victims whil",John Edward Robinson,,8,"Robinson is known to be responsible for eight homicides , but his total victim tally remains unknown. Kansas and Missouri police note that long stretches of Robinson's time remain unaccounted for, and considering how some of Robinson's confirmed victims have never been found or were not reported missing, authorities fear that there are additional undiscovered victims. ""He's maintained the secrets about what he's done with the women. He won't ever tell. It's the last control he's got,"" said one i",1984–2000,16.0,United States,,,"December 27, 1943","age 82) Cicero, Illinois , U.S.",,,,,,,"Categories; 1943 births; Living people; 20th-century American criminals; 21st-century American murderers; American male criminals; American confidence tricksters; Forgers; American people convicted of murder; American people convicted of kidnapping; American people convicted of fraud; American people convicted of theft; American prisoners sentenced to death; American rapists; Criminals from Illinois; Crimes involving online predators; Murder convictions without a body; People convicted of murder by Kansas; People convicted of murder by Missouri; Prisoners sentenced to death by Kansas; Prisoners sentenced to life imprisonment by Missouri; Serial killers from Kansas; Serial killers from Missouri; People from Cicero, Illinois; People from La Cygne, Kansas; Violence against women in Kansas; Violence against women in Missouri; Male murderers",2026-09-27 09:53:29
Bruce McArthur,8.0,,,Low (5-14),Canada,2010,2017,Unknown,True,False,False,https://en.wikipedia.org/wiki/Bruce_McArthur,"Between 2010 and 2017, a total of eight men disappeared from the neighbourhood ofChurch and Wellesley, theLGBTQ villageofToronto,Ontario, Canada. The investigation into the disappearances, taken up by two successive policetask forces, eventually led to Bruce McArthur, a 66-year-oldself-employed Torontolandscaper, whom they then arrested on January 18, 2018. On January 29, 2019, McArthur pleaded guilty to eight counts offirst-degree murderinOntario Superior Courtand was subsequently sentenced tol",Bruce McArthur,,8,"Five victims were noted by investigators for similarities: middle-aged, bearded, patrons of The Black Eagle bar and self-identified as "" bears "" (gay men with overtly masculine traits). They had also disappeared over holiday weekends: Navaratnam at Labour Day , Faizi after Christmas , Kayhan during Thanksgiving , Esen on Easter and Kinsman after Toronto Pride . [ 73 ] [ 64 ] During McArthur's sentencing hearing, prosecutors said that the eight victims had ties to Church and Wellesley and a ""soci",2010–2017,7.0,Canada,Church and Wellesley; Thorncliffe Park ( Toronto ),,"October 8, 1951","age 74) Lindsay , Ontario , Canada",,,Landscaper,Incarcerated,Incarcerated,,Categories; 2010 beginnings; 2010 murders in Canada; 2010s crimes in Canada; 2010s in LGBTQ history; 2010s in Toronto; 2010s murders in Canada; 2017 endings; 2017 murders in Canada; LGBTQ history in Toronto; Murder in Ontario; Violence against gay men in Canada; Violence against men in Canada; Violence against homeless people; Violence in Toronto,2026-09-27 09:53:32
Paul Ogorzow,8.0,,,Low (5-14),Nazi Germany,1939,1941,Unknown,True,False,False,https://en.wikipedia.org/wiki/Paul_Ogorzow,"Paul Ogorzow(bornPaul Saga; 29 September 1912 – 26 July 1941), also known as theS-Bahn Murderer,was a Germanserial killerandrapistwho was active inNazi-eraBerlinbetween 1939 and 1941, during the height of theSecond World War. An employee ofDeutsche Reichsbahn, he exploited the regularwartime blackoutsto commit numerousmurdersandsex crimes, mostly targeting lone female passengers travelling aboard Berlin'sS-Bahncommuter railsystem, and solitary housewives whose husbands had been called up for mil",Paul Ogorzow,The S-Bahn Murderer,8,"After his capture, Ogorzow extensively detailed his various criminal activities to police, allowing for a more precise reconstruction of his crimes. [ 3 ] In late August 1939, while he and his family were residing in Karlshorst, Ogorzow began randomly assaulting and raping dozens of women in and around the Friedrichsfelde district. [ 3 ] [ 5 ] The neighbourhood was populated mostly by solitary housewives whose husbands had been called up for the Second World War . It was these vulnerable women w",August 1939 – July 1941,2.0,Nazi Germany,Berlin,,29 September 1912,"Muntowen , East Prussia , German Empire",1941-07-26,"6) (aged 28) Plötzensee Prison , Berlin , Nazi Germany",,,,,Categories; 1912 births; 1941 deaths; Executed German serial killers; German people convicted of attempted murder; German people convicted of rape; German people executed by Nazi Germany; Nazis executed by guillotine; Nazis executed by Nazi Germany; People convicted of murder by Germany; People executed by guillotine at Plötzensee Prison; People executed by Nazi Germany by guillotine; People from East Prussia; People from Mrągowo County; Sturmabteilung personnel; Violence against women in Germany; German serial rapists,2026-09-27 09:53:36
Genzo Kurita,8.0,,,Low (5-14),Japan,1948,1952,Unknown,True,False,False,https://en.wikipedia.org/wiki/Genzo_Kurita,"Genzo Kurita(Japanese:栗田 源蔵,Hepburn:Kurita Genzō; November 3, 1926 – October 14, 1959)was a Japaneseserial killerwho murdered eight people. Kuritamurderedtwo girlfriends in February 1948. On August 8, 1951, herapedand murdered a 24-year-old woman beside her baby. He then hadsex with her corpse.[citation needed] On October 11, 1951, he raped and murdered a 29-year-old woman. He threw her three children from acliffcalledOsen Korogashi. One survived.[citation needed] Kurita killed a 63-year-old wom",Genzo Kurita,,8,"Kurita murdered two girlfriends in February 1948. On August 8, 1951, he raped and murdered a 24-year-old woman beside her baby. He then had sex with her corpse . [ citation needed ] On October 11, 1951, he raped and murdered a 29-year-old woman. He threw her three children from a cliff called Osen Korogashi . One survived. [ citation needed ] Kurita killed a 63-year-old woman and her 24-year-old niece on January 13, 1952. Afterward, he had sex with the niece's dead body. At the crime scene, the ","February 1948 – January 13, 1952",4.0,Japan,,,"November 3, 1926","Ogachi District, Akita , Empire of Japan",1959-10-14,"4) (aged 32) Miyagi Prison, Sendai, Japan",,Executed by hanging,Executed by hanging,,Categories; 1926 births; 1959 deaths; 20th-century executions by Japan; Executed Japanese serial killers; Japanese murderers of children; Japanese rapists; Necrophiles; People convicted of murder by Japan; People executed by Japan by hanging; People from Akita Prefecture; Japan crime stubs,2026-09-27 09:53:39
Marie Noe,8.0,,,Low (5-14),United States,,,Female,True,False,False,https://en.wikipedia.org/wiki/Marie_Noe,"Marie Noe(August 23, 1928–May 5, 2016)was anAmericanwoman who was convicted in June 1999 of murdering eight of her children. Between 1949 and 1968, eight of the ten Noe children died of mysterious causes which were then attributed tosudden infant death syndrome.All eight children were healthy at birth and were developing normally. Two other children died of natural causes. Noe pleaded guilty in June 1999 to eight counts ofsecond-degree murder, and was sentenced to 20 years' probation and psychia",Marie Noe,,8,,,,United States,,,"August 23, 1928","Philadelphia, Pennsylvania , U.S.",2016-05-05,"5) (aged 87) Philadelphia, Pennsylvania, U.S.",,,,,Categories; 1928 births; 2016 deaths; American female serial killers; 20th-century American murderers; American murderers of children; Female murderers of children; American people convicted of murder; Child murder in Pennsylvania; Child filicides in the United States; Perpetrators of filicide; Infanticide in the United States; People convicted of murder by Pennsylvania; People with personality disorders; Serial killers from Philadelphia,2026-09-27 09:53:41
Kiyoshi Okubo,8.0,,,Low (5-14),Japan,1971,,Unknown,True,False,False,https://en.wikipedia.org/wiki/Kiyoshi_Okubo,"Kiyoshi Ōkubo(大久保 清,Ōkubo Kiyoshi; January 17, 1935 – January 22, 1976)was a Japaneseserial killer. Between March 31, 1971, and May 10, 1971, herapedandmurderedeight girls and women. He used apen name,Tanigawa Ivan(谷川伊凡). Ōkubo was born inTakasaki,Gunma Prefecture. He was a quarterRussian. His mother, who was half Russian and half Japanese, doted on him even after he grew up. He wasbulliedby other children after thePacific Warbegan on December 8, 1941. He raped a woman on July 12, 1955. On Decem",Kiyoshi Okubo,Gunma 's Stalin The Gunma Kodaira [ 1 ],8,"He raped a woman on July 12, 1955. On December 26, 1955, he attempted to rape another woman but was unsuccessful. He was arrested, put in jail, and then released on December 15, 1959. On April 16, 1960, he attempted to rape another woman but was again unsuccessful. The victim, however, withdrew the charge. On May 5, 1961, he married a woman and had a son and a daughter. He threatened a man on June 3, 1965, and then raped two women on December 23, 1966, and February 24, 1967. On June 7, 1967, he ","March 31 – May 10, 1971",,Japan,,,"January 17, 1935","Gunma , Empire of Japan",1976-01-22,"2) (aged 41) Tokyo Detention House , Tokyo , Japan",,,,,Categories; 1935 births; 1976 deaths; 20th-century executions by Japan; Executed Japanese serial killers; Japanese murderers of children; Japanese people convicted of rape; Japanese people of Russian descent; People convicted of murder by Japan; People executed by Japan by hanging; People from Takasaki,2026-09-27 09:53:43
Marybeth Tinning,9.0,3.0,,Low (5-14),,,,Unknown,True,False,False,https://en.wikipedia.org/wiki/Marybeth_Tinning,"Marybeth Roe Tinning(born September 11, 1942) is an American murderer and suspectedserial killerwho was convicted inNew York Stateof the murder of her ninth child,4-month-olddaughter Tami Lynne, on December 20, 1985. She is suspected to be similarly involved in the previous deaths of her eight children, all of which took place within the span of fourteen years. The causes of death for Tinning's first eight children was initially thought to be genetic. Even when their sixth child, Michael–who was",Marybeth Tinning,,9,,,,,,,"September 11, 1942","age 84) Duanesburg , New York , U.S.",,,Former nursing assistant,"Released from incarceration on August 21, 2018","Released from incarceration on August 21, 2018",Weapon(s): Pillow (smothering),"Categories; 1942 births; 1985 in New York (state); 1985 murders in the United States; American female murderers; American murderers of children; American people convicted of murder; American prisoners sentenced to life imprisonment; Criminals from New York (state); Filicides in New York (state); Infanticide in the United States; Child murder in New York (state); Living people; People convicted of murder by New York (state); People from Duanesburg, New York; People from Schenectady, New York; People paroled from life sentence; Poisoners; Prisoners sentenced to life imprisonment by New York (state); Suspected serial killers; Female murderers of children; Child filicides in the United States; Perpetrators of filicide; 20th-century American murderers",2026-09-27 09:53:45
Michael Bruce Ross,8.0,,,Low (5-14),United States,1981,1984,Unknown,True,False,False,https://en.wikipedia.org/wiki/Michael_Bruce_Ross,"Michael Bruce Ross(July 26, 1959 – May 13, 2005) was an Americanserial killerwho committed at least eight murders and was nicknamed ""The Roadside Strangler"". He wasexecutedby the state ofConnecticutin 2005. Ross was born inPutnam, Connecticut, on July 26, 1959, to Patricia Hilda Laine and Dan Graeme Ross. He was the oldest of four children, having two younger sisters and a younger brother. The family lived on a chicken farm inBrooklyn, Connecticut. Ross's home life was extremelydysfunctional; hi",Michael Bruce Ross,The Roadside Strangler The Egg Man,8,"Dzung Ngoc Tu (25) – Vietnamese Cornell University student who was abducted from Warren Hall on May 12, 1981. Her body was found in a creek at the bottom of a gorge on May 17, close to the university. Dzung's death was ruled to be a suicide . Ross confessed to her murder during a 1987 session with a psychiatrist, although he was never charged. [ 7 ] Tammy Williams (17) – Abducted from Brooklyn, Connecticut on January 5, 1982, while she was walking home from her boyfriend's house. She was later f","May 12, 1981 – June 13, 1984",3.0,United States,,,"July 26, 1959","Putnam, Connecticut , U.S.",2005-05-13,"3) (aged 45) Osborn Correctional Institution , Connecticut, U.S.",,Executed by lethal injection,Executed by lethal injection,,"Categories; 1959 births; 2005 deaths; 20th-century American criminals; 21st-century executions by Connecticut; 21st-century executions of American people; American murderers of children; American people convicted of kidnapping; American people convicted of rape; American people convicted of child sexual abuse; Catholics from Connecticut; Converts to Roman Catholicism; Cornell University alumni; Crimes in Connecticut; Executed American serial killers; Executed people from Connecticut; People convicted of murder by Connecticut; People executed by Connecticut by lethal injection; People from Putnam, Connecticut; Serial killers from Connecticut; Serial killers from New York (state); Violence against women in Connecticut; Violence against women in New York (state)",2026-09-27 09:53:47
Gary C. Evans,5.0,,,Low (5-14),United States,1985,1997,Unknown,True,False,False,https://en.wikipedia.org/wiki/Gary_C._Evans,"Gary Charles Evans(October 7, 1954 – August 14, 1998) was an American thief and confessedserial killerin and around theCapital District, New York.  His penchant for stealing antiques and his multiple escapes from custody—including one that ended in his death—made him headline news in the area on numerous occasions. Gary Charles Evans was born on October 7, 1954, inTroy, New Yorkto Roy and Flora Mae Evans (née Lee). Evans and his sister, Robbie, grew up in an unstable home with physical abuse fro",Gary C. Evans,,5,,February 1985 – October 1997,12.0,United States,,,"October 7, 1954","Troy, New York , U.S.",1998-08-14,"4) (aged 43) Menands Bridge , New York , U.S.",,,,,"Categories; 1954 births; 1985 murders in the United States; 1998 deaths; 1998 suicides; 20th-century American murderers; American escapees; American people convicted of burglary; American people convicted of theft; Criminals from New York (state); Escapees from New York (state) detention; Fugitives; Male suicides; American homeless people; People convicted of book theft; People from Troy, New York; Serial killers from New York (state); Suicides by jumping in New York (state); Male murderers",2026-09-27 09:53:49
Colonial Parkway Killer,8.0,6.0,,Low (5-14),United States,1986,1989,Unknown,True,False,False,https://en.wikipedia.org/wiki/Colonial_Parkway_Killer,"TheColonial Parkway murderswere theserial murdersof at least eight people in the U.S. state ofVirginiabetween 1986 and 1989.The killings were associated with theColonial Parkway, a twenty-three-mile-long thoroughfare that cuts through theColonial National Historical Parkand connectsJamestown,WilliamsburgandYorktown. The first two victims were discovered dead inside a vehicle found on the Parkway, as was an abandoned vehicle belonging to another couple who aremissingand presumed dead. Long stretc",Colonial Parkway Killer,,8,"On June 1, 1996, the bodies of Julianne Marie Williams (24) and Laura ""Lollie"" Salisbury Winans (26) were found by park rangers at the Shenandoah National Park after Lollie's Golden Retriever was found wandering near the Whiteoak Canyon Trail. The two women, who were in a relationship, had gone on a camping trip in the park on May 19. Williams and Winans were last seen alive in the park on May 24. Their bodies were found at a remote campsite about a quarter mile from Skyline Drive . Winans' body","October 12, 1986 – September 5, 1989",3.0,United States,,,"November 18, 1954","Lancaster County , Virginia , U.S.","December 15, 2017","aged 63) Lancaster County , Virginia , U.S.",Fisherman,,,,Categories; 1986 murders in the United States; 1987 murders in the United States; 1988 murders in the United States; 1989 murders in the United States; Crimes in Virginia; Fugitives; Murder in Virginia; Polygraph; Serial killers from Virginia; Serial murders in the United States; Unsolved murders in Virginia; 1986 in Virginia; 1987 in Virginia; 1988 in Virginia; 1989 in Virginia,2026-09-27 09:53:52
Sean Vincent Gillis,8.0,,,Low (5-14),United States,1994,2004,Unknown,True,False,False,https://en.wikipedia.org/wiki/Sean_Vincent_Gillis,"Sean Vincent Gillis(born June 24, 1962) is an Americanserial killerandsex offenderwho murdered eight women in and aroundBaton Rouge, Louisiana, from 1994 until his arrest in April 2004. In his initial arrest, he was charged with three counts offirst degree murderand three counts ofritualistic actsin the murders of 29-year-old Katherine Hall, 45-year-old Johnnie Mae Williams and 43-year-old Donna Bennett Johnston. Gillis confessed to the murders with little coercion and then informed investigator",Sean Vincent Gillis,The Second Baton Rouge Killer,8,"Gillis once claimed he began killing because of ""stress"". His first murder, which he confessed to after his arrest, was of 82-year-old Ann Bryan in March 1994. He intended to rape her, but became frightened when she screamed as he touched her. To stop her screaming, Gillis slit her throat and then stabbed her 50 times. He left her body there at her residence, St. James Place (an exclusive retirement home in Baton Rouge). [ 4 ] In May 1999, Gillis began stalking a woman he had seen jogging in the",March 1994 – February 2004,10.0,United States,,,"June 24, 1962","age 64) Baton Rouge, Louisiana , U.S.",,,,,,,"Categories; 1962 births; 1994 murders in the United States; 21st-century American murderers; American cannibals; American kidnappers; American male criminals; American people convicted of murder; American prisoners sentenced to life imprisonment; American rapists; Crime in Louisiana; Human trophy collecting; Living people; Necrophiles; People convicted of murder by Louisiana; People from Baton Rouge, Louisiana; Prisoners sentenced to life imprisonment by Louisiana; Serial killers from Louisiana; Stalking; Violence against women in Louisiana; 20th-century American murderers; Male murderers",2026-09-27 09:53:55
Manuel Delgado Villegas,7.0,48.0,,High (30+),France,1964,1971,Unknown,True,False,False,https://en.wikipedia.org/wiki/Manuel_Delgado_Villegas,"Manuel Delgado Villegas(Spanish pronunciation:[manw'eldelˈɣaðoβiˈʎeɣas]; 25 January 1943 – 2 February 1998), also known asEl Arropiero,[a]was a Spanishserial killeractive between 1964 and 1971. Delgado claimed to have carried out 48 murders inSpain,ItalyandFrance– of these cases theSpanishpolice were only able to investigate twenty-two inSpainand considered him the definite perpetrator of seven.He was never brought to trial, as he was diagnosed with a severemental disorder. In 1978 theAudiencia ",Manuel Delgado Villegas,El Arropiero El Estrangulador del Puerto,48,"Delgado killed his first confirmed victim in 1964, aged 21, and remained active until his arrest at 28 in 1971. He never killed with premeditation. Sometimes a simple trivial comment by the victim would be taken as an insult and unleash Delgado's rage, who would kill them with great violence using a blunt object, strangling them or with his bare hands; Delgado would attack others with the intention of robbing them or, if the victim was female, raping them, which he did only after they were dead ",1964–1971,7.0,France; Italy; Spain,,,25 January 1943,"Seville , Andalusia , Spain",2 February 1998,"aged 55) Badalona , Catalonia , Spain",,,,,Categories; 1943 births; 1998 deaths; 20th-century Spanish LGBTQ people; 20th-century murderers; Respiratory disease deaths in Spain; Deaths from chronic obstructive pulmonary disease; Necrophiles; People convicted of murder by Spain; People with schizophrenia; Spanish bisexual men; Spanish people convicted of murder; Spanish serial killers; Male murderers,2026-09-27 09:53:59
Ershad Sikder,60.0,,,High (30+),Bangladesh,1991,1999,Unknown,False,False,False,https://en.wikipedia.org/wiki/Ershad_Sikder,"Ershad Sikder(Bengali:এরশাদ শিকদার; 1955 – 10 May 2004) was a Bangladeshi politician,criminal, andserial killer, known for committing various crimes such as murder, torture, theft, robbery and others.He was sentenced to death for murder, and subsequently executed on 10 May 2004. Sikder was born in the Madargona village ofNalchity Upazila,Jhalokati District. His father was Bande Ali. Between 1966 and 1967, Sikder moved from his birthplace to theKhulna District.After arriving inKhulna, Ershad work",Ershad Sikder,Ranga chora; (White thief),60,"After entering politics, Sikder's power grew. From 1984 to 1986, he was involved in the possession of Khulna properties, occupying private property, the drug trade, extortion and other criminal activities. In 1991, he drove out the owner of an ice factory named Rafiq, from the 4th Ghat area, appropriated the ice factory and forced all traders to buy ice from him. [ citation needed ] It is also known that he used the ice factory as his torture centre. Ershad was accused of more than 60 murders, t",1991–1999,8.0,Bangladesh,,,,,2004-05-10,"0) (aged 48–49) Khulna District Jail, Bangladesh",,Executed,Executed,,Categories; 1955 births; 2004 deaths; Bangladeshi people convicted of murder; Executed Bangladeshi serial killers; Executed gangsters; Executed politicians; Extortionists; Jatiya Party (Ershad) politicians; Politicians convicted of murder; People convicted of robbery; People convicted of theft; People executed by Bangladesh by hanging; People from Nalchity Upazila; Bangladeshi gangsters; Politicians from Jhalokati District,2026-09-27 09:54:01
Diego Alexánder Ruiz Restrepo,7.0,27.0,,Medium (15-29),Chile,2018,2020,Unknown,True,False,False,https://en.wikipedia.org/wiki/Diego_Ruiz_Restrepo,"Diego Alexánder Ruiz Restrepo(born 14 March 1990) is a Colombianserial killeractive inChile. Known as thePsychopath of Meiggs(Spanish:psicópata de Meiggs), he is confirmed to have committed at least 7 murders in the Meiggs neighborhood ofEstación Central, between March and November 2020, where he had been living as an undocumented immigrant since 2013.The Chilean Prosecutor's Office also linked him to the murder of 20 other people. Ruiz's mother became pregnant at age 16 and her partner abandone",Diego Ruiz Restrepo,Psychopath of Meiggs,27,"On 7 March 2020, Víctor Olegario Allende Salas (72) was found dead. He had accusations of sexual abuse against his daughters and suffered from senile dementia. He was recognized as Ruiz's first victim. [ 7 ] [ 8 ] Several months later on 1 November, Colombian immigrant Carlos Andrés Rivas Angulo (35) was found dead; he emigrated to Chile in 2010. After a night of drinking with his friends, around 1 am, he was stabbed about 25 times by Ruiz. [ 9 ] Later that day, Guido Hernán Gallardo Contreras (",2018–2020,2.0,Chile,,,14 March 1990,"age 36) Cali , Colombia",,,,,,"Ruiz attacked homeless people of both sexes. According to the forensic psychologist, Belisario Valbuena, Ruiz chose this profile because they are ""people who are not missed by a family...many of them cannot even be identified."" [ 19 ] Some families of the victims were never informed by the security institutions, and only found out about the death of their relatives through the press. Ruiz bloodiest night was 8 November when he attacked 5 people in 70 minutes, of which 4 died. [ 7 ]",Categories; 1990 births; Living people; People from Cali; Colombian people imprisoned abroad; Colombian serial killers; Colombian people convicted of murder; Prisoners sentenced to life imprisonment by Chile; People convicted of murder by Chile; 21st-century murderers; Male murderers,2026-09-27 09:54:04
Reta Mays,8.0,,,Low (5-14),United States,2017,2018,Female,True,True,False,https://en.wikipedia.org/wiki/Reta_Mays,"Reta Phyllis Mays(born June 16, 1975)is an Americanserial killerwho murdered at least seven elderly military veterans over a span of eleven months, between July 2017 and June 2018, by injecting them with lethal doses ofinsulinwhile she was employed as a nursing assistant at the Louis A. Johnson Veterans Medical Center, inClarksburg, West Virginia. On May 11, 2021, Mays was sentenced to sevenconsecutive life sentencesfor the murders, plus 20 years for one count of assault with intent to commit mu",Reta Mays,,8,"In June 2015, Mays began working as a nursing assistant at the Louis A. Johnson Veterans Medical Center in Clarksburg, West Virginia, with no certification or license to care for patients. [ 5 ] Nursing assistants at the VAMC are not qualified or authorized to administer any medication to patients, including insulin. [ 2 ] [ 9 ] Mays was assigned to work overnight shifts on Ward 3A of the hospital's medical surgical unit in July 2017, when elderly patients began suffering mysterious acute drops ",July 2017 – June 2018,1.0,United States,,,"June 16, 1975","age 51) Reynoldsville, West Virginia , U.S.",,,,,,,"Categories; 1975 births; 2017 murders in the United States; 2018 murders in the United States; American female serial killers; 21st-century American murderers; American people convicted of attempted murder; American people convicted of murder; American prisoners sentenced to life imprisonment; Health care professionals convicted of murdering patients; Living people; Medical serial killers; People convicted of murder by the United States federal government; People from Harrison County, West Virginia; Poisoners; Prisoners sentenced to life imprisonment by the United States federal government; Senicide; Serial killers from West Virginia; American female military personnel of the Iraq War; Women in the United States Army",2026-09-27 09:54:06
Stockton serial shootings,,,,Very Low (<5),United States,,,Unknown,True,False,False,https://en.wikipedia.org/wiki/Stockton_serial_shootings,"TheStockton serial shootingswere a series of fatal shootings that occurred inStocktonandOakland, California, between April 2021 and September 2022.The shootings have been linked byballistic tests, but police have not revealed if the same gun was used in every shooting. On October 15, 2022, a Stockton man, Wesley Brownlee, was arrested in connection to the shootings.On December 27, Brownlee was charged with an additional five charges.As of 2026, Brownlee is still being examined for competency for",Stockton serial shootings,,0,,,,United States,Stockton and Oakland; California; U.S.,,,,,,,,,Weapon(s): 9mm Glock 19 -style handgun [ 1 ],"Categories; History of Oakland, California; History of Stockton, California; Homelessness in the San Francisco Bay Area; Violence in California; April 2021 crimes in the United States; Serial killers from California; 2021 murders in the United States; 2022 murders in the United States; 2021 crimes in California; Violence against homeless people in the United States; 2022 crimes in California",2026-09-27 09:54:09
Michael Wayne McGray,7.0,18.0,,Medium (15-29),Canada United States (alleged),1985,1998,Unknown,True,False,False,https://en.wikipedia.org/wiki/Michael_Wayne_McGray,"Michael Wayne McGray(born July 11, 1965) is a Canadianserial killerconvicted of killing seven individuals between 1985 and 1998. He claims to have killed eleven others during the same time period. McGray was born inCollingwood, Ontarioto Victor and Shirley McGray and was raised inArgyle, Nova Scotia. On May 1, 1985, McGray murdered 17-year-old hitchhiker Elizabeth Gale Tucker in a wooded area nearWeymouth, Nova Scotia.Tucker's body was found on October 6, 1985, by a hunter with his dog on a logg",Michael Wayne McGray,,18,"On May 1, 1985, McGray murdered 17-year-old hitchhiker Elizabeth Gale Tucker in a wooded area near Weymouth, Nova Scotia . [ 3 ] Tucker's body was found on October 6, 1985, by a hunter with his dog on a logging road near Grosses Coques . [ 4 ] At the time, a Toronto man by the name of Gregory George Ashford was questioned in connection with this murder. [ 5 ] [ 6 ] On November 14, 1987, McGray and two accomplices, Mark Gibbons and Norm Warren, robbed a taxi driver in Saint John, New Brunswick . ",1985–1998,13.0,Canada United States (alleged),,,"July 11, 1965","age 61) Collingwood, Ontario Canada",,,,,,,Categories; 1965 births; 20th-century Canadian criminals; Canadian male criminals; Canadian murderers of children; Canadian people convicted of murder; Canadian prisoners sentenced to life imprisonment; Canadian serial killers; Living people; People convicted of murder by Canada; People from Yarmouth County; Prisoners sentenced to life imprisonment by Canada,2026-09-27 09:54:12
Łódź Gay Murderer,7.0,,,Low (5-14),Poland,1988,1993,Unknown,True,False,False,https://en.wikipedia.org/wiki/Łódź_Gay_Murderer,"TheŁódź gay murdereris an unidentifiedPolishserial killerwho operated inŁódźfrom 1988 to 1993. He murdered seven men, all of themhomosexuals. Between 1988 and 1993, a string of violent murders targeted gay men in Łódź, Poland. The killer, who has never been identified, met his victims at publiccruising spotsknown aspikiety, primarily nearŁódź Fabryczna railway stationandStanisław Moniuszko Park[pl].The victims—seven men in total—were killed shortly after bringing the suspect to their apartments,",Łódź Gay Murderer,,7,"Between 1988 and 1993, a string of violent murders targeted gay men in Łódź, Poland. The killer, who has never been identified, met his victims at public cruising spots known as pikiety , primarily near Łódź Fabryczna railway station and Stanisław Moniuszko Park [ pl ] . [ 1 ] [ 2 ] The victims—seven men in total—were killed shortly after bringing the suspect to their apartments, typically during or after sexual activity. [ 1 ] [ 2 ] The killer's methods included strangulation, stabbing, and blu",1988–1993,5.0,Poland,,,,,,,,,,,Categories; 1980s murders in Poland; 1988 murders in Poland; 1990s murders in Poland; 1993 murders in Poland; Fugitives wanted by Poland; Murder in Poland; Polish serial killers; Unidentified serial killers; Violence against gay men; Violence against LGBTQ people in Europe; Violence against men in Poland,2026-09-27 09:54:15
John Floyd Thomas Jr.,7.0,30.0,,High (30+),United States,1972,1986,Unknown,True,False,False,https://en.wikipedia.org/wiki/John_Floyd_Thomas_Jr.,"John Floyd Thomas Jr.(born July 26, 1936)is an Americanserial killer, serving alife sentencewithout the possibility of parole for the murders of seven women in theLos Angelesarea during the 1970s and 1980s. Police suspect Thomas committed up to 30 total murders, possibly making him one of the most prolific serial killers in the city's history. On April 1, 2011, Thomas pleaded guilty to the seven counts of murder as part of a deal to avoid the death sentence. Thomas was born in Los Angeles and hi",John Floyd Thomas Jr.,The Westside Rapist The Southland Strangler Willie Eugene Wilson [ 1 ],30,"Thomas was charged with the following murders: Ethel Sokoloff (#1) , 68, was found murdered in her Mid-Wilshire home on November 25, 1972 [ 9 ] Cora Perry (#10) , 79, was found murdered on September 20, 1975; her kitchen window was found open, the screen missing [ 10 ] Elizabeth McKeown (#13) , 67, was reported missing on February 16, 1976; she was found raped and strangled two days later in the trunk of her car [ 11 ] Maybelle Hudson (#14) , 80, was found beaten, sexually assaulted, and strangl",November 1972 – June 1986,14.0,United States,,,"July 26, 1936","age 90) Los Angeles , California , U.S.",,,,,,,Categories; 1936 births; 20th-century African-American people; 20th-century American criminals; American male criminals; American people convicted of burglary; American people convicted of murder; American prisoners sentenced to life imprisonment; American rapists; Criminals from Los Angeles; Living people; People convicted of murder by California; Prisoners sentenced to life imprisonment by California; Serial killers from California; United States Air Force airmen; Violence against women in California,2026-09-27 09:54:18
Kenneth Erskine,7.0,11.0,,Low (5-14),,1986,,Unknown,True,False,False,https://en.wikipedia.org/wiki/Kenneth_Erskine,"Kenneth Erskine(born 1 July 1963) is a Britishserial killerwho became known as theStockwell Strangler.He committed the murders of 7–11 senior citizens inLondonbetween April and July 1986. Erskine was born inHammersmithon 1 July 1963 to a British mother andAntiguanfather. Erskine has three brothers.He was abandoned by both parents during childhood and attended various special schools.His parents divorced when he was 12. On a field trip, he tried to drown his peers, and he became increasingly viol",Kenneth Erskine,The Stockwell Strangler,11,"Erskine's criminal career began with a number of burglaries . He was able to open ten separate bank accounts with the proceeds of his crimes. [ 3 ] Erskine served a prison sentence in HM Prison Feltham . [ 2 ] During 1986, Erskine murdered at least seven elderly people, breaking into their homes and strangling them; most often they were sexually assaulted . The crimes took place in London. His first victim was Nancy Emms, 78, of Wandsworth , who died on 9 April 1986. Her death was initially beli",9 April – 23 July 1986,,,,,1 July 1963,"age 63) Hammersmith , London , England",,,,,,,Categories; 1963 births; 20th-century English criminals; British people convicted of burglary; British people with disabilities; Criminals from London; English male criminals; English people convicted of manslaughter; English people of Antigua and Barbuda descent; English prisoners sentenced to life imprisonment; English rapists; English serial killers; History of mental health in the United Kingdom; Living people; People detained at Broadmoor Hospital; People from Hammersmith; People with antisocial personality disorder; People with schizophrenia; Prisoners sentenced to life imprisonment by England and Wales; Senicide; Violence against men in the United Kingdom; Violence against women in England,2026-09-27 09:54:20
David Carpenter,8.0,10.0,11.0,Low (5-14),United States,1950,1981,Unknown,True,False,False,https://en.wikipedia.org/wiki/David_Carpenter,"David Joseph Carpenter(born May 6, 1930), also called theTrailside Killer,is an Americanserial killerandsex offenderwho raped and murdered various victims in theSan Francisco Bay Areabetween 1979 and 1981. He wassentenced to deathfor seven murders and is believed to be responsible for several more. Carpenter began committingsexual assaultsat age 15 and was admitted to a mental hospital at age 17.He committed all of his murders while onparolefor rape and kidnapping convictions. Active primarily i",David Carpenter,The Trailside Killer The Mount Tam Killer [ 1 ],11,"Carpenter is believed to have begun killing in the summer of 1979. His modus operandi was to hide in tree lines along hiking trails and then confront his targets once they approached. [ 41 ] Carpenter was convicted of seven murders which occurred between October 1980 and May 1981 in Marin County and Santa Cruz County . He was also linked via DNA —albeit not charged with—an October 1979 murder in San Francisco. Two other murders, lacking physical evidence, are also believed to have been committed","1950 – May 2, 1981",31.0,United States,,,"May 6, 1930","age 96) San Francisco , California, U.S.",,,,,,,Categories; 1930 births; 20th-century American murderers; American male criminals; American people convicted of attempted murder; American people convicted of attempted rape; American people convicted of kidnapping; American people convicted of murder; American people convicted of assault; American people convicted of rape; American people convicted of robbery; American prisoners sentenced to death; Living people; People from San Francisco; People convicted of murder by California; People with antisocial personality disorder; Prisoners sentenced to death by California; Prisoners and detainees of the United States federal government; Serial killers from the San Francisco Bay Area; Violence against women in California,2026-09-27 09:54:23
Tommy Recco,7.0,10.0,,Low (5-14),France,1959,1980,Unknown,True,False,False,https://en.wikipedia.org/wiki/Tommy_Recco,"Joseph-Thomas Recco(10 May 1934 – 20 November 2025), nicknamed ""Geronimo"", was a Frenchserial killer. In 1959, Recco was suspected of involvement in the disappearance of three German tourists, but the case was dismissed. In 1960, Recco murdered his godfather and was sentenced in 1962 to life imprisonment. Released in 1977, he killed three cashiers inBéziersin December 1979 and three other people, including an 11-year-old, inCarqueirannein January 1980. He was sentenced in 1983 to life imprisonme",Tommy Recco,Geronimo,10,"In 1960 in Propriano, Corsica, Tommy Recco and his younger brother Pierre were fishing with dynamite . Suddenly, they were spotted by a marine guard, Casabianca, who happened to be Recco's godfather. For fear of being caught poaching and fired, Tommy Recco panicked, rushed to the beach and shot his rifle at his godfather; and to make sure he was dead, he beat him several times with the butt of his rifle, taking a big stone and violently hit his head with the latter. Once back at the boat, Recco ",1959–1980,21.0,France,,,10 May 1934,"Propriano , Corsica, France",2025-11-20,"0) (aged 91) Marseille , France",,Deceased,Deceased,,Categories; 1934 births; 2025 deaths; French people convicted of murder; French serial killers; Murder in France,2026-09-27 09:54:25
Derrick Todd Lee,7.0,,,Low (5-14),United States,1998,2003,Unknown,True,False,False,https://en.wikipedia.org/wiki/Derrick_Todd_Lee,"Derrick Todd Lee(November 5, 1968 – January 21, 2016), also known asThe Baton Rouge Serial Killer, was an Americanserial killerand rapist who murdered at least seven women aroundBaton RougeandLafayette, Louisiana, between 1998 and 2003. Before his murder charges, Lee had been arrested forstalkingwomen and watching them in their homes.Despite this arrest, he initially was overlooked by police because they incorrectly believed the killer was white. Lee was linked byDNAtests to the deaths of seven ",Derrick Todd Lee,The Baton Rouge Serial Killer,7,"Dianne Alexander's survival and description of Lee assisted investigators in his arrest. Alexander felt she deserved the Lafayette Crime Stoppers Inc. public reward offering of $100,000 for information leading to the arrest of Lee. On or about August 14, 2003, Alexander contacted Lafayette Crime Stoppers Inc. and inquired about the offer. It was then that Lafayette Crime Stoppers Inc. informed Alexander that she was not eligible to receive the reward. On February 22, 2006, Alexander hired Attorn","April 18, 1998 – March 3, 2003",5.0,United States,,,"November 5, 1968","St. Francisville, Louisiana , U.S.",2016-01-21,"1) (aged 47) Zachary, Louisiana , U.S.",,,,,"Categories; 1968 births; 2016 deaths; 21st-century African-American people; 21st-century American murderers; American burglars; American kidnappers; American people convicted of murder; American people convicted of rape; American people convicted of assault; American people convicted of burglary; American prisoners sentenced to death; American truck drivers; People convicted of murder by Louisiana; People convicted of stalking; People from St. Francisville, Louisiana; People from Zachary, Louisiana; Prisoners sentenced to death by Louisiana; Prisoners who died in Louisiana detention; Serial killers from Louisiana; Serial killers who died in prison custody; Serial killers who worked as truck drivers; Violence against women in Louisiana; Male murderers",2026-09-27 09:54:28
Tomás Maldonado Cera,7.0,10.0,,Low (5-14),Colombia,2002,2018,Unknown,True,False,False,https://en.wikipedia.org/wiki/Tomás_Maldonado_Cera,"Tomás Maldonado Cera(born 1971), known asThe Satanist, is aColombianrapist andserial killer.His nickname originates from the fact that after killing his victims, he marked them with satanic symbols. Most of the victims were raped and later killed by means of blows to the head and usage of sharp weapons. The murders occurred between 2002 and 2018. The first victim was Rolando Romero Romero, who was stabbed 25 times and had the letter ""Z"" carved onto his forehead. The others were both men and wome",Tomás Maldonado Cera,The Satanist,10,"The murders occurred between 2002 and 2018. The first victim was Rolando Romero Romero, who was stabbed 25 times and had the letter ""Z"" carved onto his forehead. The others were both men and women, several of them being members of the LGBT community. [ 2 ] All these events occurred in remote and desolate places in Barranquilla. The last victim was Brenda Pájaro, a woman who lived in the city and was found in a lonely place in the Miramar neighborhood, in the North-Central Historical District. It",2002–2018,16.0,Colombia,,,,"Barranquilla , Atlántico Department , Colombia",,,,,,,Categories; 1971 births; Colombian people convicted of murder; Colombian rapists; Colombian serial killers; Crimes involving Satanism or the occult; Living people; People from Barranquilla; Satanists; Sexual violence against LGBTQ people; Violence against LGBTQ people in South America,2026-09-27 09:54:30
Peter Manuel,7.0,9.0,12.0,Low (5-14),Scotland: 7 (convicted),1956,1958,Unknown,True,False,False,https://en.wikipedia.org/wiki/Peter_Manuel,"Peter Thomas Anthony Manuel(15 March 1927 – 11 July 1958) was a Scottishserial killerknown as theBeast of Birkenshawand theBedroom Killerwho committed the murders of seven people acrossLanarkshire, Scotland, between 1956 and 1958.He is also suspected of murdering two further victims—one inEast Kilbride, Scotland and one inEdmundbyers, England—in 1956 and 1957 respectively. Tried at theGlasgow High Courtfor the eight murders committed in Scotland, Manuel was convicted of seven of these crimes on ",Peter Manuel,The Beast of Birkenshaw The Bedroom Killer,12,"Peter Manuel was convicted and executed for the murders of seven people, although he is strongly suspected of committing at least nine murders. Each of the murders for which he was executed were committed within a twenty-four mile ( 39 km ) radius of the Scottish Lowlands and each within a travelling radius of his parents' Lanarkshire home. [ 41 ] [ 42 ] He is also suspected of committing one further murder within this geographical radius in January 1956, and a ninth murder in County Durham , En",2 January 1956 – 1 January 1958,2.0,Scotland: 7 (convicted); 1 (alleged) England: 1 (alleged),,,15 March 1927,"The Bronx , New York City, U.S.",1958-07-11,"1) (aged 31) HMP Barlinnie , Glasgow, Scotland",,Executed by hanging,Executed by hanging,,Categories; 1927 births; 1956 murders in the United Kingdom; 1958 deaths; 1958 murders in the United Kingdom; 20th-century American murderers; 20th-century executions by Scotland; 20th-century executions of American people; 20th-century Scottish criminals; American emigrants to Scotland; American male criminals; American murderers of children; American people convicted of rape; American people convicted of sexual assault; American people executed in the United Kingdom; British people convicted of sexual assault; Criminals from Detroit; Executed American serial killers; Executed British serial killers; Executed people from New York (state); Executed Scottish people; June 1968 in the United Kingdom; Incidents of violence against girls; People convicted of murder by Scotland; People from North Lanarkshire; Scottish murderers of children; Scottish people convicted of murder; Scottish people convicted of rape; Scottish serial killers,2026-09-27 09:54:32
Stanisław Modzelewski,7.0,8.0,,Low (5-14),Poland,1952,1967,Unknown,True,False,False,https://en.wikipedia.org/wiki/Stanislaw_Modzelewski,"Stanisław Modzelewski(15 March 1929 – 13 November 1969) was a Polishserial killerknown as theVampire of Gałkówek(Polish:Wampir z Gałkówka), active nearŁódź,Polandduring the 1950s. He completed three classes of primary school and worked in Warsaw as a driver. During 1952-1956 and in 1967, he murdered seven women and attempted to murder six others. Although he is believed to have murdered an eighth victim (which he confessed to), it was never proven as the body was never found. He was sentenced to",Stanislaw Modzelewski,The Vampire of Gałkówek,8,"The list contains names of the confirmed victims of Modzelewski, the place of murder, the cause of death, and the approximate date of murder Józefa Pietrzykowska (67) a forest in Zielona Góra near Gałkówek, strangled with bare hands, July 1952 Maria Kunka (32) a forest near Tuszyn, strangled with a scarf, December 1952 Teresa Piekarska (21) a field by the forest in Nowy Józefów, strangled with a scarf, March 1953 Irena Bernadetta Dunajska (24) a field near the road in Gałkówek, strangled with a ",1952–1967,15.0,Poland,,,15 March 1929,"Szczepankowo , Poland",1969-11-13,"3) (aged 40) Mokotów Prison , Polish People's Republic",,Executed by hanging,Executed by hanging,Modzelewski committed his first murder in 1952. [ 1 ] He murdered women between the ages of 18 and 87 by strangling them with a scarf or with his bare hands. [ 2 ] He took valuables as well as useless objects from his victims which he then threw away. He executed them with utmost cruelty. The murders also had a sexual motive. The lower part of the victims' bodies were nude and the arrangement of the corpse suggested a penetration of genital organs. Modzelewski was a sadist but it was not verified whether he tortured the victims before or after the murder.,Categories; 1929 births; 1969 deaths; 20th-century Polish murderers; Executed people from Podlaskie Voivodeship; Executed Polish serial killers; People convicted of murder by Poland; People executed by the Polish People's Republic by hanging; People from Łomża County; Polish people convicted of murder; Polish rapists; Violence against women in Poland; Male murderers,2026-09-27 09:54:36
Santa Rosa Hitchhiker Killer,7.0,,,Low (5-14),United States,,,Unknown,True,False,False,https://en.wikipedia.org/wiki/Santa_Rosa_Hitchhiker_Murders,TheSanta Rosa hitchhiker murderswas a series of at least seven unsolved homicides and unsolved disappearances all involving young femalehitchhikersoccurring withinSanta Rosaand throughoutSonoma Countyin theNorth Bayarea ofCaliforniabeginning in 1972. All of the victims were found nude and with very little physical evidence and were dumped within rural areas near steep embankments or increek bedsnear roads. The crime scenes were separate from the body location sites and were never located.Califor,Santa Rosa Hitchhiker Murders,,7,"In 1975, some sources say the Federal Bureau of Investigation issued a report stating that fourteen unsolved homicides between 1972 and 1974 were committed by the same perpetrator. [ 49 ] These consist of the six found victims as of 1975 and the following: Rosa Vasquez, 20, last seen May 26; her body was found on May 29, 1973 [ 50 ] near the Arguello boulevard entrance at Golden Gate Park in San Francisco . [ 50 ] The victim had been strangled [ 51 ] and her body thrown 7 feet (2.1 m) off the ro",,,United States,North Bay; California; U.S.,,,,,,,,,Weapon(s): Various,"Categories; 1972 in California; 1972 murders in the United States; 1973 in California; 1973 murders in the United States; 1974 in California; 1974 murders in the United States; American murder victims; American murderers of children; American rapists; Deaths by strangulation in the United States; Fugitives; History of Santa Rosa, California; History of women in California; Hitchhiking; Murder in California; Murder in the San Francisco Bay Area; Child murder in California; Serial killers from California; Serial murders in the United States; Unidentified American serial killers; Unsolved murders in California; Incidents of violence against girls in the United States",2026-09-27 09:54:38
Roger Kibbe,8.0,7.0,7.0,Low (5-14),United States,1977,1987,Unknown,True,False,False,https://en.wikipedia.org/wiki/Roger_Kibbe,"Roger Reece Kibbe(May 21, 1939 – February 28, 2021) was an Americanserial killerand rapist known as the ""I-5Strangler"".Kibbe found all but one of his victims on freeways aroundSacramento, California. In 1991, he was sentenced to 25 years to life imprisonment for the death of Darcie Frackenpohl. Kibbe was first arrested for assault and battery in 1987 after attempting to handcuff prostitute Debra Ann Guffie. Guffie fought back and a police officer heard her screaming. With Guffie's testimony, Kib",Roger Kibbe,I-5 Strangler,8,"Lou Ellen Burleigh , 21, met Kibbe for an interview on September 10, 1977. She met him again the next morning and never returned home. Kibbe eventually confessed to raping and murdering her, and her body was found approximately 34 years after she disappeared. [ 19 ] [ 20 ] Lora Rena Heedick , 21, was last seen getting into a car with a white, middle-aged man on April 20, 1986. [ 21 ] Her body was found near Sacramento on September 6, 1986. [ 22 ] Barbara Ann Scott , 29, was found strangled benea",1977–1987,10.0,United States,,,"May 21, 1939","San Diego County, California , U.S. [ 1 ]",2021-02-28,"8) (aged 81) Mule Creek State Prison , Ione, California , U.S.",Furniture salesman,Deceased,Deceased,,Categories; 1939 births; 2021 deaths; 20th-century American murderers; American kidnappers; American male criminals; American murderers of children; American people convicted of murder; American people who died in prison custody; American prisoners sentenced to life imprisonment; American rapists; Deaths by strangulation in the United States; Murdered American criminals; Murder convictions without a body; People convicted of murder by California; People murdered in 2021; People murdered in California; Prisoners sentenced to life imprisonment by California; Prisoners who died in California detention; Serial killers from the San Francisco Bay Area; Serial killers murdered in prison custody; Sex offenders murdered in prison; Vigilantism against sex offenders in the United States; Violence against women in California,2026-09-27 09:54:40
Connecticut River Valley Killer,7.0,,,Low (5-14),United States,1978,1988,Unknown,True,False,False,https://en.wikipedia.org/wiki/Connecticut_River_Valley_Killer,"TheConnecticut River Valley Killer, also known as theValley Killer, is the moniker for an unidentified Americanserial killerbelieved to be responsible for at least seven murders of women in theConnecticut River Valleyregion ofNew Englandbetween 1978 and 1988. In 1985 and 1986, the skeletal remains of two victims were recovered withinone thousand feet (300m)of each other in a wooded area inKelleyville, New Hampshire; forensic examination indicated multiple stab wounds. Between the recovery of the",Connecticut River Valley Killer,,7,,"October 24, 1978 – August 6, 1988 (Confirmed)",10.0,United States,,,,,,,,,,,Categories; 20th-century American murderers; American murderers of children; Fugitives; History of women in New Hampshire; Serial killers from New Hampshire; Serial killers from Vermont; Sexual violence in the United States; Unidentified American serial killers; Unidentified American rapists; Unsolved murders in the United States; Violence against women in Vermont; Violence against women in New Hampshire,2026-09-27 09:54:43
Paul Durousseau,7.0,2.0,,Low (5-14),United States,1997,2003,Unknown,True,False,False,https://en.wikipedia.org/wiki/Paul_Durousseau,"Paul Durousseau(born August 11, 1970)is an Americanserial killerwho murdered seven young women (two of whom werepregnant) in the southeastern United States between 1997 and 2003. Paul Durousseau was born inBeaumont,Texas, to Joseph Durousseau Sr. and Debra Moten. His father was abusive to Durousseau's mother, which included physical violence during her pregnancies. Shortly after his birth, Durousseau's father deserted the family to evade arrest by police for whipping his wife with a heated coat ",Paul Durousseau,The Jacksonville Strangler,7,"His first offenses as an adult took place on December 18, 1991, and January 21, 1992, for carrying a concealed firearm . [ 4 ] In November 1992, Durousseau enlisted in the United States Army [ 4 ] and was stationed in Germany, where he met his later wife Natoca, who was a fellow Army soldier. [ 2 ] During his station in Germany, Durrouseau had two-thirds of his stomach surgically removed due to ulcers . [ 2 ] The two married in 1995 in Las Vegas . In 1996 the couple were transferred to Fort Benn","January 6, 1997 – January 20, 2003",6.0,United States,,,"August 11, 1970","age 56) Beaumont , Texas , U.S.",,,,Incarcerated,Incarcerated,,"Categories; Living people; 1970 births; 20th-century African-American people; 20th-century American criminals; 21st-century African-American people; 21st-century American criminals; American murderers of children; American people acquitted of rape; American people convicted of murder; American people convicted of rape; American prisoners sentenced to death; American taxi drivers; Bus drivers; Serial killers from Texas; Military personnel from Texas; People acquitted of kidnapping; People convicted of domestic violence; People convicted of murder by Florida; People from Beaumont, Texas; Criminals from Jacksonville, Florida; Prisoners sentenced to death by Florida; Serial killers from Florida; Serial killers from Georgia (U.S. state); United States Army soldiers; Violence against African-American women in Florida; Violence against African-American women in Georgia (U.S. state)",2026-09-27 09:54:45
Todd Kohlhepp,7.0,2.0,,Low (5-14),United States,1986,2016,Unknown,True,False,False,https://en.wikipedia.org/wiki/Todd_Kohlhepp,"Todd Christopher Kohlhepp(néSampsell; born March 7, 1971) is an Americanserial killer,mass murderer,serial rapist,animal abuser, andkidnapperwho was convicted of murdering seven people inSpartanburg County,South Carolina, between 2003 and 2016. In addition, Kohlhepp kidnapped and raped at least two women and claims to have killed many more. Todd Christopher Sampsell was born on March 7, 1971, inFloridaand was raised inSouth CarolinaandGeorgia.His parents divorced when he was two years old. His m",Todd Kohlhepp,,7,"On August 31, 2016, Kala Brown, 30, and her boyfriend Charles David Carver, 32, went missing after they went to remove brush from one of Kohlhepp's properties. Carver was later found dead of multiple gunshots on the property. [ 4 ] [ 8 ] [ 12 ] [ 14 ] Interest in the disappearance of Brown and Carver increased as a result of posts on Carver's Facebook account following their disappearance, the unusual nature of which prompted speculation that another party had taken control of his Facebook accou","November 25, 1986; November 7, 2003 – August 31, 2016",30.0,United States,,,"March 7, 1971","age 55) Fort Lauderdale, Florida , U.S.",,,Realtor,Incarcerated,Incarcerated,,Categories; 1971 births; 21st-century American murderers; American male criminals; American mass murderers; American people convicted of murder; American people convicted of rape; American real estate brokers; Living people; Mass shootings in South Carolina; 2003 mass murders; 2000s mass murders in the United States; People convicted of murder by South Carolina; People with borderline personality disorder; Prisoners sentenced to life imprisonment by South Carolina; Serial killers from South Carolina; Male murderers,2026-09-27 09:54:47
Darren Deon Vann,7.0,18.0,1.0,Medium (15-29),United States,2013,2014,Unknown,True,False,False,https://en.wikipedia.org/wiki/Darren_Deon_Vann,"Darren Deon Vann(born March 21, 1971) is an Americanserial killer. He was arrested on October 18, 2014, for the murder of 19-year-old Afrikka Hardy at aMotel 6inHammond, Indianaand has confessed to the murders of six other female victims inIndiana.He led police to those women's bodies, all of which were found in five abandoned structures inGary, Indiana. Before the police investigated the murders for which Vann was detained, Thomas Hargrove, founder of theMurder Accountability Project, together ",Darren Deon Vann,Donald Vann,18,"Vann was convicted of murdering these seven women: Afrikka Hardy, 19, had recently moved to Chicago after graduating from high school. She met Vann at a Motel 6 in Hammond, Indiana after he hired her through an escort agency. She was found dead in a bathtub in one of its rooms on October 17, 2014. [ 30 ] Anith Jones, 35, of Gary, Indiana , was last seen alive on October 8, 2014, and reported missing two days later. After Vann was arrested, he led police to an abandoned house in Gary on October 1",2013 – October 2014,1.0,United States,motel room in Hammond; five abandoned homes in Gary,,"March 21, 1971","age 55) Indiana , U.S.",,,,Incarcerated,Incarcerated,Weapon(s): Strangulation,Categories; 1971 births; 21st-century African-American people; 21st-century American murderers; American people convicted of murder; American people convicted of sexual assault; American prisoners sentenced to life imprisonment; American rapists; Living people; People convicted of murder by Indiana; Prisoners sentenced to life imprisonment by Indiana; Serial killers from Indiana; United States Marines; Trials in Indiana; Violence against African-American women in Indiana; Male murderers,2026-09-27 09:54:50
William Edward Wells,7.0,1.0,,Low (5-14),,,,Unknown,True,False,False,https://en.wikipedia.org/wiki/William_Edward_Wells,"William Edward Wells III(born October 7, 1975), dubbed theMonster of Mayport, is an Americanserial killerandmass murdererconvicted of murdering seven people inFloridafrom 2003 to 2019. Wells first committed the 2003 murders of his wife and four other people (including his wife's father and brother) over a 9-day period inMayport. Wells pleaded guilty to all the five murders and was sentenced to fiveconsecutive life sentenceswithout the possibility ofparole. During his incarceration, Wells attempt",William Edward Wells,,7,"On May 14, 2003, in Mayport , Florida , an argument broke out between Wells, 27, and Tootie McMains, 30. After she told him she wanted to leave him, Wells shot her dead with a pistol. He then hid his wife's body and contacted Floyd to ask him to pick up his daughter. Floyd asked him where Tootie was, and Wells replied that she had gone to stay with her mother in Orlando. Finally, Floyd left with his daughter, without asking any questions. That same day, John McMains, the victim's 32-year-old bro",,,,Florida,,"October 7, 1975","age 50) Florida , U.S.",,,,,,,Categories; 1975 births; Living people; American male criminals; Prisoners and detainees of Florida; People convicted of murder by Florida; Prisoners sentenced to death by Florida; Prisoners sentenced to life imprisonment by Florida; Serial killers from Florida,2026-09-27 09:54:52
Aileen Wuornos,7.0,,,Low (5-14),United States,1989,1990,Female,True,False,False,https://en.wikipedia.org/wiki/Aileen_Wuornos,"Aileen Carol Wuornos(/ˈwɔːrnoʊs/;néePittman; February 29, 1956 – October 9, 2002) was an Americanserial killer. Between 1989 and 1990, while engaging instreet prostitutionalong highways inFlorida, Wuornos shot, killed, and robbed seven of her male clients. She initially claimed that her victims had eitherrapedor attempted to rape her, and that the homicides were committed inself-defense, but later abandoned this defense. Wuornos wassentenced to deathfor six of the murders and was executed in 200",Aileen Wuornos,Sandra Kretsch Susan Lynn Blahovec Lee Blahovec Cammie Marsh Greene Lori Kristine Grody [ 1 ],7,"Wuornos murdered seven men within 12 months. All the men were motorists between ages 40 and 65. Richard Charles Mallory , age 51, electronics store owner in Clearwater (date of murder: November 30, 1989). Wuornos claimed that Mallory beat, raped , and sodomized her [ 36 ] after he drove her to an abandoned area for sexual services. Mallory was Wuornos' first victim and she claimed to have killed him in self-defense . Later, it became known that Mallory had previously been convicted of attempted ","November 30, 1989 – November 19, 1990",1.0,United States,,,"February 29, 1956","Rochester, Michigan , U.S.",2002-10-09,"9) (aged 46) Florida State Prison , Raiford, Florida , U.S.",,Executed by lethal injection,Executed by lethal injection,Weapon(s): High Standard .22 revolver,"Categories; 1956 births; 2002 deaths; 20th-century American LGBTQ people; 21st-century American LGBTQ people; 21st-century executions of American people; 21st-century executions by Florida; 1989 murders in the United States; 1990 murders in the United States; American female serial killers; 20th-century American murderers; American female prostitutes; American adoptees; American people of Finnish descent; American people convicted of robbery; Crimes against sex workers in the United States; People from Rochester, Michigan; People with antisocial personality disorder; People with borderline personality disorder; People convicted of murder by Florida; Criminals from Michigan; Criminals from Florida; Incidents of violence against men; LGBTQ people from Michigan; LGBTQ people from Florida; LGBTQ prostitutes; Executed people from Michigan; Executed American serial killers; Executed American women; Executed female serial killers; People executed by Florida by lethal injection; Violence against men in the United States; American people of English descent",2026-09-27 09:54:55
Hu Daoping,7.0,,,Low (5-14),China,2003,2005,Unknown,True,False,False,https://en.wikipedia.org/wiki/Hu_Daoping,"Hu Daoping(Chinese:胡道平;pinyin:Hú Dàopíng;Wade–Giles:Hu Tao P'ing; 1971 – April 14, 2006), also known by his aliasWu Jun(Chinese:吳軍), was a Chinese criminal andserial killerwho killed seven people during robberies between 2003 and 2005 afterescaping from prison.Hu was latersentenced to deathand executed by shooting in 2006. Hu, originally raised in a poor family fromChongqing, married a woman in 1993 and later fathered a child in 1995.In that same year, he was charged fortheftand then sentenced t",Hu Daoping,Wu Jun,7,"Three years into his sentence, Hu escaped prison and fled to Sichuan in June 1998, carrying on his criminal escapades. [ 1 ] In May 2000, Hu stole nearly 10,000 yuan from the philatelic store in a Yuechi County Post Office. On December 1, 2003, he robbed a Jintai Jewelry Shop in Yuechi County of more 400,000 yuan, while also murdering the shop owner Fu Jianguo and guard Yang Lin. [ 4 ] [ 3 ] On January 13, 2005, Hu entered the Yuechi County post office and attempted to rob the vault, killing two",2003–2005,2.0,China,,,,,2006-04-14,4) (aged 34–35) China,,,,,Categories; 1971 births; 2006 deaths; 20th-century Chinese criminals; Chinese male criminals; Chinese people convicted of murder; Executed Chinese serial killers; 21st-century Chinese murderers; People convicted of murder by China; People from Chongqing; Male murderers,2026-09-27 09:54:57
Nikos Metaxas,,,,Very Low (<5),Cyprus,,,Unknown,True,False,False,https://en.wikipedia.org/wiki/Mitsero_murders,"TheMitsero murderswere aseries of killingscommitted by Nikos Metaxas, a military officer in theCypriot National Guard, between September 2016 and August 2018. Five of his seven victims were female foreigners he had met on the online dating siteBadoo.The remaining two victims were young children and were the daughters of two of his adult victims. The victims' remains were found over a period of three months in 2019. Unusually heavy floods in April led to the discovery of the first victim, Mary Ro",Mitsero murders,,0,"Metaxas confessed to the murders of five women and two children, all foreigners. All of the adults were migrant workers . At least four bodies had been dumped in lakes, and two were found in an abandoned mine. 36-year-old Romanian woman Livia Florentina Bunea and her eight-year-old daughter Elena, both killed in September 2016, are thought to have been the first victims. Two decomposed bodies, which the police believe to be those of Bunea and her daughter, were found stuffed into suitcases and d",,,Cyprus,Mitsero; Nicosia District; Cyprus,,,,,,,,7 life sentences,,Categories; 2019 in Cyprus; 2010s in Cyprus; 2010s murders in Cyprus; Murder in Cyprus; History of women in Cyprus,2026-09-27 09:55:00
José Misael Roldán Concha,,,,Very Low (<5),,,,Unknown,True,False,False,https://en.wikipedia.org/wiki/The_Jackal_of_Pupunahue,"José Misael Roldán Concha(30 June 1934 –?), better known asThe Jackal of Pupunahue(Spanish:El Chacal de Pupunahue), was aChileancoal minerknown for the brutal murder of a woman and five of her seven children while on probation for an earlier murder.Although he was originallysentenced to death, then-presidentCarlos Ibáñez del Campogranted him presidentialclemency, essentially reducing his sentence tolife in prison. Roldán Concha came from a poor family, being the 10th out of 14 siblings.He droppe",The Jackal of Pupunahue,,0,"In 1954, during his work in coal mining, he got into a fight with a foreman after being fired for arguing with a higher-up over his paycheck. The foreman hit Roldán with a lamp, to which Roldán responded by hitting him in the head with a wooden stick, killing the man. [ 3 ] He subsequently attempted to escape to Argentina, but eventually surrendered to the police after his sister convinced him to do so and was sentenced to five years of prison to be served at a Victoria prison. [ 2 ] Because of ",,,,,,30 June 1934,"Máfil , Valdivia Province , Chile",,,,Died in prison,Died in prison,,Categories; 1934 births; Chilean mass murderers; Chilean people convicted of murder; Chilean prisoners sentenced to death; Necrophiles; People from Valdivia Province; Prisoners sentenced to death by Chile; Prisoners who died in Chilean detention; Chilean serial killers,2026-09-27 09:55:02
Joseph Taborsky,,,,Very Low (<5),,,,Unknown,True,False,False,https://en.wikipedia.org/wiki/Joseph_,"Josephis a common male name, derived from the HebrewYosef(יוֹסֵף). ""Joseph"" is used,along with ""Josef"", mostly in English, French and partially German languages. This spelling is also found as a variant in the languages of the modern-dayNordic countries. InPortugueseandSpanish, the name is ""José"". InCatalanit is ""Josep"". InArabic, including in theQuran, the name is spelledيوسف,Yūsuf. InKurdish (Kurdî), the name isÛsiv or Yûsiv,Persian, the name isYousef, and inTurkishit isYusuf. InPashtothe name",Joseph ,,0,,,,,,,,,,,,,,,Categories; Given names; English-language masculine given names; English masculine given names; German masculine given names; Masculine given names; Hebrew masculine given names; Modern names of Hebrew origin; Given names of Hebrew language origin,2026-09-27 09:55:06
Václav Mrázek,7.0,,,Low (5-14),Czechoslovakia,1951,1956,Unknown,True,False,False,https://en.wikipedia.org/wiki/Václav_Mrázek,"Václav Mrázek(22 October 1925 – 29 December 1957) was a Czechserial killerwho was convicted of killing at least seven people inChomutovfrom 1951 to 1957. While primarily sexually motivated, he also robbed his victims, and at trial, he was convicted of 127 total crimes. For the murders, Mrázek was hanged at thePankrác Prisonin 1957. Mrázek was born on 22 October 1925 inSvinařovas one of 12 children to a poor family, four of whom died young.Due to their circumstances, the family had to sleep in a ",Václav Mrázek,,7,"During walks around Chomutov, Mrázek often came across lonely young women, which secretly made him feel a compulsion to sexually assault them. Apparently, his desire was so strong that it gave him an intense headache, and to alleviate it, he decided to act out on his desires. [ 4 ] On 22 August 1951, Mrázek came across 15-year-old cow herder Hana Chloubová, who was grazing cows in the forest near Drahonice , whom he killed by beating her to death with a stick. [ 2 ] He then dragged the body to a",1951–1956,5.0,Czechoslovakia,,,22 October 1925,"Svinařov , Czechoslovakia",1957-12-29,"9) (aged 32) Pankrác Prison , Prague , Czechoslovakia",,,,,Categories; 1925 births; 1957 deaths; Czech rapists; Czech serial killers; Executed Czech serial killers; Czechoslovak people convicted of murder; Executed Czechoslovak serial killers; Necrophiles; People convicted of murder by Czechoslovakia; People executed by the Czechoslovak Socialist Republic by hanging; People from Kladno District; Violence against women in Czechoslovakia,2026-09-27 09:55:09
Anatoly Slivko,7.0,,,Low (5-14),Soviet Union,1964,1985,Unknown,True,False,False,https://en.wikipedia.org/wiki/Anatoly_Slivko,"Anatoly Yemelianovich Slivko(Russian: Анатолий Емельянович Сливко; 28 December 1938 – 16 September 1989) was aSovietserial killerandnecrophilewhosexually assaulted, murdered, and mutilated seven boys in and aroundNevinnomyssk,Stavropol Krai,Russian SFSR, between 1964 and 1985. He is also known to have sexually assaulted at least 36 other victims. Slivko's murder victims were aged between 11 and 15. All were deceived into participating in home movies ostensibly reenacting the scene of apartisanso",Anatoly Slivko,,7,"Over the course of 22 years, Slivko persuaded forty-three boys to take part in this contrived experiment. In thirty-six cases, following his established ritual of photography , filming and repeated masturbation, Slivko revived these boys. [ 26 ] Cautioned by Slivko into silence, these individuals resumed their lives unaware of what had happened to them whilst they had been unconscious. [ 27 ] However, in seven cases, Slivko's behaviour became violent: once these victims were unconscious, he exte",2 June 1964 – 23 July 1985,21.0,Soviet Union,,,28 December 1938,"Izerbash , Dagestan ASSR , Russian SFSR , USSR",16 September 1989,"age 50) Novocherkassk prison, Novocherkassk , Russian SFSR, USSR",,Executed,Executed,,Categories; 1938 births; 1989 deaths; 20th-century Russian LGBTQ people; Capital punishment in the Soviet Union; Child abduction; Child sexual abuse in the Soviet Union; Executed people from Dagestan; Executed Soviet people from Russia; Executed Soviet serial killers; Filmed killings in Europe; Incidents of violence against boys; Necrophiles; People convicted of murder by the Soviet Union; People executed by the Soviet Union by firearm; People from Izberbash; People with antisocial personality disorder; Russian murderers of children; Russian people convicted of murder; Russian people executed by the Soviet Union; Soviet murderers of children; Soviet people convicted of murder; Violence against men in Russia,2026-09-27 09:55:12
Cincinnati Strangler,7.0,,,Low (5-14),United States,1965,1966,Unknown,True,False,False,https://en.wikipedia.org/wiki/Cincinnati_Strangler,"TheCincinnati Stranglerwas the name given to an Americanserial killerresponsible for the murder of seven women inCincinnati,Ohio, between December 1965 and December 9, 1966. During the investigation, a local resident,Posteal Laskey Jr.(June 18, 1937 – May 29, 2007), was declared the main suspect in the killings and was arrested on December 9, 1966, for one of the murders for which he was subsequently convicted. Although he was never charged with the other murders, the media and police blamed him",Cincinnati Strangler,,7,"The perpetrator chose as victims women between the ages of 31 and 81 living in Cincinnati's various housing complexes, which were inhabited by poor residents of the city. In five of the seven murders, the victims were sexually assaulted. The first victim was 56-year-old Emogene Harrington, who was strangled to death on December 2, 1965. Four months later, on April 4, 1966, 58-year-old Lois Dant was found strangled, raped and beaten in her ground floor apartment. She was talking to a friend on th",1965–1966,1.0,United States,,,"June 18, 1937","Cincinnati , Ohio, U.S.","May 29, 2007","aged 69) Pickaway Correctional Institution , Scioto Township, Pickaway County, Ohio , U.S.",Cab driver (formerly),,,,Categories; 1938 births; 2007 deaths; 20th-century African-American people; American people convicted of murder; American people who died in prison custody; American prisoners sentenced to death; American rapists; Crimes in Cincinnati; Criminals from Cincinnati; People convicted of murder by Ohio; Prisoners sentenced to death by Ohio; Prisoners who died in Ohio detention; Serial killers from Ohio; Serial killers who died in prison custody,2026-09-27 09:55:15
Émile Louis,,,,Very Low (<5),,,,Unknown,True,False,False,https://en.wikipedia.org/wiki/Émile_Louis,"Émile Louis(21 January 1934 – 20 October 2013)was a French bus driver and the prime suspect in thedisappearance of seven young womenin theYonnedepartment,Burgundy, in the late 1970s. He confessed to their murders in 2000, but retracted this confession one month later. Louis was sentenced to life in prison by thecour d'assisesofYonnein 2004. The sentence, which was upheld on appeal in 2006, was confirmed by theCourt of Cassationin 2007. Louis was a prime suspect in thedisappearances in the YonneD",Émile Louis,,0,,,,,,,,,,,,,,,Categories; 1934 births; 2013 deaths; French people convicted of murder; French people convicted of rape; French people who died in prison custody; French prisoners sentenced to life imprisonment; French serial killers; Murder convictions without a body; People convicted of murder by France; People from Yonne; Prisoners sentenced to life imprisonment by France; Prisoners who died in French detention; Serial killers who died in prison custody,2026-09-27 09:55:17
Paul Steven Haigh,7.0,,,Low (5-14),Australia,1978,1991,Unknown,True,False,False,https://en.wikipedia.org/wiki/Paul_Steven_Haigh,"Paul Steven Haigh(born 5 September 1957) is anAustralianconvictedserial killercurrently serving six sentences oflife imprisonmentwithout the possibility ofparolefor the murder of six people in the late 1970s. He also murdered a fellow inmate in 1991. Shortly after getting paroled for armed robbery, 21 year old Haigh in the need for money, Haigh robbed and fatally shot shop employee Evelyn Abraham, 58. He later robbed and killed 45-year-old pizza shop owner Bruno Cingolani in 1978. Getting parano",Paul Steven Haigh,,7,"Shortly after getting paroled for armed robbery, 21 year old Haigh in the need for money, Haigh robbed and fatally shot shop employee Evelyn Abraham, 58. He later robbed and killed 45-year-old pizza shop owner Bruno Cingolani in 1978. Getting paranoid Haigh decided to kill 
people he believed knew about his crimes. He shot and killed his friend Wayne Smith 27 then later shooting Smith's ex-girlfriend Sheryle Gardner 31 as she sat in her car. Discovering  Ms Gardner's son Danny Mitchell, 10, was ",1978–1991,13.0,Australia,,,5 September 1957,age 69),,,,,,,Categories; 1957 births; 20th-century Australian murderers; Australian murderers of children; Australian people convicted of murder; Australian prisoners sentenced to multiple life sentences; Australian serial killers; Criminals from Melbourne; Living people; Murder in Melbourne; People convicted of murder by Victoria (state); Prisoners sentenced to life imprisonment by Victoria (state); Male murderers,2026-09-27 09:55:20
Roberto Succo,7.0,,,Low (5-14),Italy,1981,1988,Unknown,True,False,False,https://en.wikipedia.org/wiki/Roberto_Succo,"Roberto Succo(3 April 1962 – 23 May 1988) was an Italianserial killerwho committed several murders and other violent crimes mostly in Italy and France in the 1980s. Succo was born inMestre. On 12 April 1981, he fatally stabbed his mother Maria 32 times, and his father, a police officer, who had refused to lend him their car. He hid their bodies in the bathtub covered in water and lime to delay the discovery of the murders and fled with his father'sservice pistol. He then fled from Mestre,but an ",Roberto Succo,The Monster of Mestre; The Killer with the Eyes of Ice; The Full Moon Assassin; The Cherubino Nero; Roberto Kurt,7,"Succo was born in Mestre . On 12 April 1981, he fatally stabbed his mother Maria 32 times, and his father, a police officer, who had refused to lend him their car. He hid their bodies in the bathtub covered in water and lime to delay the discovery of the murders and fled with his father's service pistol . He then fled from Mestre, [ 1 ] but an investigation into the murders of the Succo couple immediately connected them to the son, who was arrested two days later at the exit of a pizzeria in San",1981–1988,7.0,Italy; France,,,3 April 1962,"Mestre , Venice , Italy",1988-05-23,"3) (aged 26) Vicenza , Italy",,,,,Categories; 1962 births; 1988 deaths; 1988 suicides; Italian people who died in prison custody; Italian rapists; Italian serial killers; Parricides; People from Venice; People with schizophrenia; Prisoners who died in Italian detention; Serial killers who died by suicide in prison custody; Suicides in Italy; 20th-century Italian murderers; Male suicides; Male murderers,2026-09-27 09:55:22
Walter E. Ellis,18.0,,,Medium (15-29),United States,1974,2009,Unknown,True,False,False,https://en.wikipedia.org/wiki/Walter_E._Ellis,"Walter Earl Ellis(June 24, 1960 – December 1, 2013), known as theMilwaukee North Side Strangler, was an Americanserial killer,rapist, androbberwho raped andstrangledat least seven women in the city ofMilwaukee, Wisconsinbetween 1986 and 2009. Until May 2009, the killings were considered to be independent of one another, but were then linked together viaDNA profiling. Ellis was arrested as a suspect on September 7, 2009, and convicted for the seven murders in February 2011, receiving seven consec",Walter E. Ellis,The Milwaukee North Side Strangler; Wodell,18,,"August 10, 1974 – September 7, 2009",35.0,United States,,,"June 24, 1960","Milwaukee, Wisconsin , U.S.","December 1, 2013","aged 53) Sioux Falls, South Dakota , U.S.",,,,,"Categories; 1960 births; 1986 murders in the United States; 2013 deaths; 20th-century African-American people; 21st-century African-American people; 21st-century American criminals; American male criminals; American people convicted of assault; American people convicted of drug offenses; American people convicted of murder; American people convicted of robbery; American people convicted of theft; American people who died in prison custody; American prisoners sentenced to life imprisonment; American rapists; Deaths from diabetes in the United States; Crime in Milwaukee; Crimes against sex workers in the United States; People convicted of murder by Wisconsin; People from Holmes County, Mississippi; Prisoners sentenced to life imprisonment by Wisconsin; Prisoners who died in Wisconsin detention; Serial killers from Wisconsin; Serial killers who died in prison custody; 20th-century American murderers; Violence against African-American women in Wisconsin; Women in Milwaukee; Male murderers",2026-09-27 09:55:24
Harrison Graham,7.0,,,Low (5-14),United States,1986,1987,Unknown,True,False,False,https://en.wikipedia.org/wiki/Harrison_Graham,"Harrison Frank""Marty""Graham(born September 9, 1959) is an Americanserial killerwho murdered seven women inPhiladelphia, Pennsylvaniabetween mid-1986 to mid-1987, keeping their remains in his apartment. In 1988, he was found guilty on all charges andsentenced to death, but his sentences were later commuted to life imprisonment. Graham lived less than a mile and a half away from the home of another murderer,Gary M. Heidnik, who was also arrested during the same time period for similar crimes. Harr",Harrison Graham,Marty; “Frank” “junior”,7,,1986–1987,1.0,United States,,,"September 9, 1959","age 67) Philadelphia , Pennsylvania , U.S.",,,,,,,Categories; 1959 births; 20th-century African-American people; 20th-century American criminals; American male criminals; American people convicted of murder; American people with disabilities; American prisoners sentenced to life imprisonment; American prisoners sentenced to death; Living people; North Philadelphia; People with intellectual disabilities; Prisoners sentenced to life imprisonment by Pennsylvania; Prisoners sentenced to death by Pennsylvania; Serial killers from Philadelphia; Violence against African-American women in Pennsylvania,2026-09-27 09:55:26
Guy Georges,7.0,,,Low (5-14),France,1991,1997,Unknown,True,False,False,https://en.wikipedia.org/wiki/Guy_Georges,"Guy Georges(bornGuy Rampillon, 15 October 1962) is a Frenchserial killerandserial rapist, dubbedle tueur de l'Est Parisien(""the East Paris killer"") orthe Beast of the Bastille(la bête de la Bastille). He was convicted on 5 April 2001, of murdering seven women between 1991 and 1997. He was sentenced to life in prison without the possibility of parole for 22 years. Guy Georges was born Guy Rampillon on 10 or 15 October 1962 to a French mother and anAfrican Americanfather (George Cartwright, U.S. m",Guy Georges,The Beast of the Bastille,7,"From 1991 to 1997, Guy Georges assaulted, tortured, raped and killed seven women in the neighbourhood of the Bastille , the Bourbon-era Parisian prison. [ 7 ] Georges was arrested on 26 March 1998 and admitted his guilt to police. Described by psychiatrists as a "" narcissistic psychopath "", [ 8 ] he was sentenced in April 2001 to life imprisonment , without the possibility of parole after 22 years. [ 9 ] [ 10 ] [ 11 ] 24 January 1991– Pascale Escarfail, 19 (raped and murdered) 7 January 1994 – C",24 January 1991 – 16 November 1997,6.0,France,,,15 October 1962,"age 63) Vitry-le-François , France",,,,Incarcerated,Incarcerated,,Categories; 1962 births; French people convicted of murder; French people of African-American descent; French prisoners sentenced to life imprisonment; French people convicted of sexual assault; French people convicted of rape; French serial killers; Living people; People convicted of murder by France; People from Vitry-le-François; People with antisocial personality disorder; People with narcissistic personality disorder; Prisoners sentenced to life imprisonment by France,2026-09-27 09:55:28
Motta Navas,7.0,,,Low (5-14),India,2012,,Unknown,True,False,False,https://en.wikipedia.org/wiki/Motta_Navas,"Motta Navas(born 1966) is an Indianserial killerwho operated in the city ofKollam,Keralabetween June and August 2012. Pavement dwellers were bludgeoned to death while they slept. All the murders took place at night and were committed by using stones or hard, blunt objects. Navas had already been convicted twice for murder. In 1996 he was arrested on charges of murdering Rajasekaran at Mundakkal in Kollam and was jailed for four years. He was acquitted because there were no witnesses. In 2007 he ",Motta Navas,,7,Navas had already been convicted twice for murder. In 1996 he was arrested on charges of murdering Rajasekaran at Mundakkal in Kollam and was jailed for four years. He was acquitted because there were no witnesses. In 2007 he was arrested again on charges of murdering one Shamir at Karikode in the city following which he was arrested and convicted. [ 1 ] A series of brutal murders in the city of Kollam and nearby areas rocked the city in June 2012. Pavement and hutment dwellers were bludgeoned t,June – August 2012,,India,,,,"Kollam , India",,,,Incarcerated,Incarcerated,,Categories; 1966 births; Indian people convicted of murder; 21st-century Indian murderers; Indian serial killers; Living people; People convicted of murder by India; People from Kollam; Male murderers,2026-09-27 09:55:31
Paul Dennis Reid,7.0,1.0,,Low (5-14),United States,1997,,Unknown,True,False,False,https://en.wikipedia.org/wiki/Paul_Dennis_Reid,"Paul Dennis Reid Jr.(November 12, 1957 – November 1, 2013), known asThe Fast Food Killer,was an Americanserial killer, convicted andsentenced to deathfor seven murders during three fast-food restaurantrobberiesin MetropolitanNashville, TennesseeandClarksville, Tennesseebetween the months of February and April 1997. Originally fromRichland Hills, Texas, asuburbofFort Worth,Reid went to Nashville to pursue a career as acountry musicsinger. At the time of the murders, Reid was onparolefrom a 1983 c",Paul Dennis Reid,The Fast Food Killer; Justin Parks,7,"For a time, Reid was considered a prime suspect in the 1993 Brown's Chicken massacre in Palatine, Illinois due to the similar nature of the crime in relation to the two incidents in Nashville and Reid's similarity to the described suspect. [ 5 ] However, Juan Luna and James Degorski were later convicted for these crimes and sentenced to life without parole. [ 19 ] Reid was reportedly also considered a suspect in the Houston-area killings of three people in a bowling alley for which Max Soffar wa","February 16 – April 23, 1997",,United States,,,"November 12, 1957","Richland Hills , Texas , U.S.",2013-11-01,"1) (aged 55) Nashville, Tennessee , U.S.",,,,,"Categories; 1957 births; 2013 deaths; American people convicted of murder; American people who died in prison custody; American prisoners sentenced to death; Attacks on restaurants in the United States; Fugitives; People convicted of murder by Tennessee; People from Tarrant County, Texas; Criminals from Fort Worth, Texas; People from Nashville, Tennessee; Prisoners sentenced to death by Tennessee; Prisoners who died in Tennessee detention; Serial killers from Tennessee; Serial killers who died in prison custody",2026-09-27 09:55:33
Samuel Sidyno,7.0,,,Low (5-14),South Africa,1998,1999,Unknown,True,False,False,https://en.wikipedia.org/wiki/Samuel_Sidyno,"Samuel Sidyno(born 1962) is a South Africanserial killerwho was convicted in 2000 of seven murders and sentenced to sevenlife sentencesin prison.His victims all came from thePretoriaarea ofGauteng. Sidyno undertook a murderous rampage starting in November 1998 and culminating with his arrest on 6 January 1999. He killed and disposed of his victims in the Capital Park hills ofPretoria, a deserted area of hills near the city centre andPretoria Zoo. His victims included two adult women; Paulinah Le",Samuel Sidyno,Capital Park Serial Killer,7,"His victims included two adult women; Paulinah Ledwaba and Elizabeth Senwamadi. He also killed five youths, only two of whom could be identified; Ronald Maoka and Emmanuel Mavuka. Sidyno assaulted and strangled his victims before re-clothing them and covering their bodies with brush. He was noted for removing his victim's shoes and placing them neatly next to their bodies. [ 2 ]",1998–1999,1.0,South Africa,,,,South Africa,,,,,,,Categories; 1962 births; Living people; People convicted of murder by South Africa; People with antisocial personality disorder; Prisoners sentenced to life imprisonment by South Africa; South African people convicted of murder; South African prisoners sentenced to life imprisonment; South African serial killers,2026-09-27 09:55:35
Ripper Jayanandan,7.0,,,Low (5-14),India,2003,2006,Unknown,True,False,False,https://en.wikipedia.org/wiki/Ripper_Jayanandan,"K. P. Jayanandan, infamously known asRipper Jayanandan(born 1968), is an allegedserial killerfromThrissur, who is accused of seven murders committed during a span of 35 robberies, in and aroundThrissurErnakulamborder areas. For the seven murders committed by Jayanandan, including the double murder atPerinjanamin October 2004, Thrissur Principal Sessions judge sentenced him todeathbyhangingin June 2008 which was later overturned by the Supreme Court.  He was sent toPoojapura Central Jailto await ",Ripper Jayanandan,Ripper,7,"Jayanandan's first alleged major offence was burgling the house of 45-year-old Jose in Mala Police Station limits in September 2003. During the robbery, he struck Jose, who was sleeping, with a crowbar and killed him and decamped with Rs 17,000 and a video cassette player. [ 2 ] His second burglary was in March 2004, in which he forced his way into a house in Mala Police Station limits itself, killing 51-year-old Nabeesa who woke up hearing the noise and came out. Upon entering the house, he kil",2003–2006,3.0,India,,,1968,"68 ) (age 58) Thrissur , Kerala , India",,,,,,,Categories; 1968 births; Crime in Kerala; Escapees from Indian detention; Indian escapees; Indian people convicted of murder; 21st-century Indian murderers; Indian prisoners sentenced to death; Indian robbers; Indian serial killers; Living people; People convicted of murder by India; People from Thrissur; People murdered in Kerala; Prisoners sentenced to death by India; Male murderers,2026-09-27 09:55:38
Sibusiso Duma,7.0,,,Low (5-14),South Africa,2007,,Unknown,True,False,False,https://en.wikipedia.org/wiki/Sibusiso_Duma,"Sibusiso Derrick Duma(born 6 May 1984) is a South Africanserial killerwho was convicted of two murders in 2007 and five murders in 2009 and sentenced to 8life sentencesin prison.He was mostly active around the City ofPietermaritzburg,KwaZulu Natal. Duma partook intheft,kidnapping,torture,rapeandmurder. He worked as ataxi driverand used his vehicle as a weapon on occasion, as well as to obtain his victims. Duma's reasoning, victimology and methodology changed sometimes from victim to victim, indi",Sibusiso Duma,,7,"Duma conducted his first kill on 9 September 2007 when he used his minibus taxi to run over and kill a Department of Education security guard, Mqeku Zondi. Duma had been hired to drive Mr. Zondi to his residence for an agreed-upon fee. The conductor of Duma's taxi, Mlungisi Bhengu, testified that Zondi reneged on paying the fare for some of the journey, at which point ""Duma drove into the old man, ran over him with the wheels of the taxi and then reversed over his body again"". [ 2 ] Duma then ro",9 September – 25 October 2007,,South Africa,,,6 May 1984,age 42) South Africa,,,,,,,Categories; 1984 births; Living people; People convicted of murder by South Africa; Prisoners sentenced to life imprisonment by South Africa; South African mass murderers; South African murderers of children; South African people convicted of murder; South African prisoners sentenced to life imprisonment; South African rapists; South African serial killers; Taxi drivers; Violence against women in South Africa,2026-09-27 09:55:41
Tommy Lynn Sells,2.0,22.0,2.0,Medium (15-29),United States,1979,1999,Unknown,True,False,False,https://en.wikipedia.org/wiki/Tommy_Lynn_Sells,"Tommy Lynn Sells(June 28, 1964 – April 3, 2014) was an Americanserial killerwho became known as theCoast to Coast Killer. Although he was convicted of only two murders, one of which led to his beingsentenced to deathand eventual execution, Sells claimed to have killed up to 70 victims in various states. Investigators have been able to conclusively implicate Sells in at least 22 cases. Sells was born inOakland, California, on June 28, 1964,as one of five children to an unwed mother. Sells's presu",Tommy Lynn Sells,The Coast-to-Coast Killer,22,"Police investigators believe Sells murdered at least 22 people. Retired Texas Ranger John Allen said: ""We did confirm 22 ... I know there's more. I know there's a lot more. Obviously, we won't ever know."" [ 13 ] Sells said he committed his first murder at age 15 in Mississippi after breaking into a house. Sells claimed that, while in the house, he discovered a man performing fellatio on a boy and killed the man in a fit of rage. This confessed crime has not been confirmed. [ 14 ] Sells further c","July 5, 1979 – December 31, 1999",20.0,United States,,,"June 28, 1964","Oakland, California , U.S.",2014-04-03,"3) (aged 49) Huntsville Unit , Texas, U.S.",,Executed by lethal injection,Executed by lethal injection,,"Categories; 1964 births; 2014 deaths; 20th-century American criminals; 21st-century executions by Texas; 21st-century executions of American people; American atheists; American male criminals; American murderers of children; American people convicted of burglary; American people convicted of theft; American rapists; American twins; Executed American serial killers; People convicted of murder by Texas; People executed by Texas by lethal injection; People from Kingsport, Tennessee; People with bipolar disorder; People with personality disorders; People with psychotic disorder; Serial killers from Illinois; Serial killers from Kentucky; Serial killers from Missouri; Serial killers from New York (state); Serial killers from Texas",2026-09-27 09:55:43
Volker Eckert,6.0,19.0,,Medium (15-29),Czech Republic,1974,2006,Unknown,True,False,False,https://en.wikipedia.org/wiki/Volker_Eckert,"Volker Eckert(1 July 1959 – 2 July 2007) was a Germanserial killer, who killed at least six women inEast Germany,FranceandSpain, between 1974 and 2006. Eckert confessed to only sixmurders, five of whom weresex workers, but is believed to have killed at least nine women, and is also accused of committing additional murders of women in several European countries includingItalyand theCzech Republic,but investigations were closed after Eckert committedsuicideduring his criminal proceedings on 2 July",Volker Eckert,,19,"On 7 May 1974, Volker Eckert (then 14 years old) lured his classmate Silvia Unterdörfel into her attic and strangled her with a curtain cord. But when his victim resisted, Eckert strangled her harder, and Silvia died from her injuries. Once his victim was dead, Eckert stroked her hair and disguised her murder as suicide by hanging a cord around her neck and on the doorknob. The case would be classified as suicide and Eckert was not perturbed by the killing. Barely 15 years old, Eckert would live",7 May 1974 – 2 November 2006,32.0,Czech Republic; France; Germany; Italy; Spain,,,1 July 1959,"Oelsnitz , Bezirk Karl-Marx-Stadt (now Saxony ), East Germany",2 July 2007,"aged 48) Bayreuth , Bavaria , Germany",,,,,Categories; 1959 births; 2007 suicides; 2007 deaths; 20th-century German murderers; 21st-century German murderers; German male criminals; German murderers of children; German people who died in prison custody; German serial killers; Male juvenile murderers; People convicted of attempted murder; People from Plauen; Prisoners who died in German detention; Serial killers who died by suicide in prison custody; Serial killers who worked as truck drivers; Suicides by hanging in Germany; Truck drivers; Male suicides,2026-09-27 09:55:45
Lorenzo Gilyard,13.0,,,Low (5-14),United States,1977,1993,Unknown,True,False,False,https://en.wikipedia.org/wiki/Lorenzo_Gilyard,"Lorenzo Jerome Gilyard Jr.(born May 24, 1950), known asThe Kansas City Strangler, is an Americanserial killer. A former trash-company supervisor, Gilyard is believed to haverapedand murdered at least 13 women and girls from 1977 to 1993. He was convicted of six counts offirst-degree murderon March 16, 2007. Lorenzo Jerome Gilyard Jr., was born on May 24, 1950, in Kansas City, Missouri, one of five children born to Lorenzo Gilyard Sr., and his wife Laura (née Brown). From an early age, Lorenzo ex",Lorenzo Gilyard,The Kansas City Strangler,13,"After his arrest, Gilyard was charged with these murders: [ 9 ] Stacie L. Swofford (17): Last seen alive on April 10, 1977, her body was found a week later at a vacant lot, bearing signs of suffocation. The subsequent investigation determined that Swofford, a transient, sex-worker, had recently arrived in Kansas City, . Gwendolyn Kizine (15) was found strangled on January 23, 1980, a day after her father had reported her missing. When found, her neck and wrists were tightly wrapped with wire. It",1977–1993,16.0,United States,,,"May 24, 1950","age 76) Kansas City, Missouri , U.S.",,,,Incarcerated,Incarcerated,,"Categories; 1950 births; 20th-century African-American people; 20th-century American murderers; American male criminals; American murderers of children; American people convicted of child sexual abuse; American people convicted of murder; American prisoners sentenced to life imprisonment; American rapists; Crime in Kansas City, Missouri; Crimes against sex workers in the United States; Living people; People convicted of murder by Missouri; Criminals from Kansas City, Missouri; Prisoners sentenced to life imprisonment by Missouri; Serial killers from Missouri; Violence against African-American women in Missouri; Violence against women in Missouri; Male murderers",2026-09-27 09:55:47
Gong Runbo,6.0,28.0,,Medium (15-29),China,2005,2006,Unknown,True,False,False,https://en.wikipedia.org/wiki/Gong_Runbo,"Gong Runbo(simplified Chinese:宫润伯;traditional Chinese:宮潤伯;pinyin:Gōng Rùnbó; 6 July 1973 – 31 December 2006) was a Chineseserial killerwho, between March 2005 and February 2006, murdered at least six children between the ages of 9 and 16. Forensic evidence led police to believe he may have possibly killed 28 or more. Gong was imprisoned in October 1996 for the rape of a 15-year-old girl. He was released in 2004 after serving an eight-year sentence. Hesexually assaultedand murdered six children i",Gong Runbo,,28,,March 2005 – February 2006,1.0,China,,,6 July 1973,China,2006-12-31,1) (aged 33) China,,,,,Categories; 1973 births; 2004 crimes in China; 2006 deaths; 2006 murders in China; 20th-century Chinese criminals; 21st-century executions by China; Child abuse incidents and cases; Child sexual abuse in China; Chinese male criminals; Chinese murderers of children; Chinese people convicted of child sexual abuse; Chinese rapists; Executed Chinese serial killers; 21st-century Chinese murderers; Executed People's Republic of China people; People executed by China by firearm; People convicted of murder by China; Violence against children; Male murderers; Chinese people stubs; Crime biography stubs,2026-09-27 09:55:50
The Doodler,6.0,16.0,3.0,Medium (15-29),United States,1974,1975,Unknown,True,False,False,https://en.wikipedia.org/wiki/Doodler,"The Doodleris an unidentifiedserial killerbelieved responsible for between 6 and 16 murdersand threeassaultsof men inSan Francisco, California, United States, between January 1974 and September 1975.The nickname was given due to the perpetrator's habit of sketching his victims prior to stabbing them to death.The perpetrator met his victims at gay nightclubs, bars and restaurants. The suspect was described as a black man between 19 and 25 years of age. He was about six feet tall with a slender bu",Doodler,The Black Doodler,16,"At 1:57 a.m. on January 27, 1974, a corpse was found at the water's edge on San Francisco's Ocean Beach. Gerald Earl Cavanagh , 49, a Canadian-American immigrant, had been stabbed multiple times. [ 5 ] Cavanagh's fully clothed body was located lying face-up. [ 10 ] He was determined to have been conscious at the time he was killed and had attempted to resist his killer because he had self-defense wounds. [ 8 ] He initially remained unidentified, being temporarily known as ""John Doe #7"" by the me",January 1974 – September 1975,1.0,United States,,,,,,,,,,,Categories; 1940s births; 1950s births; 20th-century American murderers; 20th-century American LGBTQ people; Serial killers from the San Francisco Bay Area; LGBTQ people from California; Unidentified American serial killers; Unsolved murders in California; Violence against gay men in the United States; Male murderers,2026-09-27 09:55:52
Cristopher Chávez Cuellar,6.0,15.0,,Medium (15-29),Colombia,2015,,Unknown,True,False,False,https://en.wikipedia.org/wiki/Cristopher_Chávez_Cuellar,"Cristopher Chávez Cuellar(born 1973), known asThe Soulless, is a Colombianserial killerresponsible for killing a taxi driver, a woman inIbaguéand 4 minors in 2015. The police believe that he has killed at least 15 people in total. In November 2015, he was sentenced to 40 years imprisonment for the killing of the Vanegas brothers. He began his criminal activity inTolimaat the end of 1990s, when Cuellar was 25 years old.Since then, it is known that one of his victims was a woman whom he met inHuil",Cristopher Chávez Cuellar,The Soulless,15,"He began his criminal activity in Tolima at the end of 1990s, when Cuellar was 25 years old. [ 3 ] Since then, it is known that one of his victims was a woman whom he met in Huila and later kidnapped, raped and butchered. [ 3 ] Because of this act, he was sought after by police, managing to evade his capture and continuing his criminal activities, moving to Ibagué. From 1998 to 2004, he carried out crimes with extreme cruelty. [ 3 ] The police continued with the search and he was eventually capt",1990s–2015,,Colombia,,,,"Puerto Leguízamo , Putumayo Department , Colombia",,,,,,,Categories; 1973 births; 21st-century Colombian criminals; Colombian mass murderers; Colombian murderers of children; Colombian rapists; Colombian serial killers; Escapees from Colombian detention; Living people; People convicted of murder by Colombia; People from Putumayo Department; Prisoners and detainees of Colombia,2026-09-27 09:55:54
András Pándy,6.0,14.0,,Low (5-14),Belgium,1986,1990,Unknown,True,False,False,https://en.wikipedia.org/wiki/András_Pándy,"András Pándy(1 June 1927 – 23 December 2013) was aHungarian-Belgianpastor and aserial killer, convicted for the murder of six family members inBrusselsbetween 1986 and 1990. Originally fromHungary, Pándy is believed to have killed his wife, ex-wife, two biological children, and two step-children who disappeared mysteriously, with the assistance of his daughter, Ágnes. Additionally, he started abusiveincestuousrelationships with Ágnes and a third step-child who survived. In 1992, Belgian and Hung",András Pándy,,14,"After his arrest, further investigations were conducted to determine if Pándy and Ágnes had committed several additional murders of non-relatives, before and during the killing of their family members. On 26 November 1997, a month after his arrest, the Hungarian newspaper Népszava reported that Pándy had fostered an unknown number of Romanian children — orphan refugees from the 1989 revolution that toppled communist dictator Nicolae Ceaușescu — at his home in Brussels. The children were supposed",1986–1990,4.0,Belgium,,,1 June 1927,"Čop , Czechoslovakia (now Chop, Ukraine)",2013-12-23,"3) (aged 86) Bruges, Belgium",,,,,"Categories; 1927 births; 2013 deaths; 20th-century Belgian criminals; 20th-century Lutherans; Belgian Lutherans; Belgian murderers of children; Belgian people convicted of child sexual abuse; Belgian people convicted of murder; Belgian people of Hungarian descent; Belgian prisoners sentenced to life imprisonment; Belgian rapists; Belgian serial killers; Calvinist and Reformed ministers with criminal convictions; Perpetrators of filicide; 20th-century murderers; Hungarian emigrants to Belgium; Identity theft incidents; Incest; Members of the clergy convicted of murder; Murder convictions without a body; People convicted of murder by Belgium; People from Chop, Ukraine; Prisoners sentenced to life imprisonment by Belgium; Serial killers who died in prison custody; Sexual abuse scandals in Protestantism; Perpetrators of uxoricide; Violence against women in Belgium; Male murderers",2026-09-27 09:55:56
John Wayne Glover,6.0,13.0,,Low (5-14),Australia,1989,1990,Unknown,True,False,False,https://en.wikipedia.org/wiki/John_Wayne_Glover,"John Wayne Glover(26 November 1932 – 9 September 2005) was anEnglish-Australianserial killerconvicted of the murders of six elderly women (aged from 60 to 93), over a period of 14 months from 1989 to 1990. The victims included Winifreda, Lady Ashton, widow of the English-Australianimpressionist painterSir Will Ashton, in suburbs located in Sydney'sNorth Shore. Given the advanced age of his victims, the press nicknamed himThe Granny Killer. Following his arrest in 1990, he admitted to the murders",John Wayne Glover,The Granny Killer The Monster of Mosman,13,"No proof has been found of Glover killing before 1989, when he was 56. At this stage, he had been married for 20 years with children, and his wife had no knowledge of his previous criminal offences. [ 9 ] Glover admitted to the killings when confronted with the police evidence. He denied responsibility for other crimes in which he was a prime suspect, including the bashing murder of 78-year-old artist Florence Broadhurst in her Paddington studio in 1977. A number of years after his conviction, G",1989–1990,1.0,Australia,Mosman Belrose Lane Cove Lindfield Neutral Bay,,26 November 1932,"Wolverhampton , England",2005-09-09,"9) (aged 72) Lithgow Correctional Centre , Lithgow, New South Wales , Australia",Sales representative,Deceased,Deceased,,Categories; 1932 births; 2005 suicides; 2005 deaths; 20th-century Australian murderers; Australian gamblers; Australian people convicted of indecent assault; Australian people who died in prison custody; Australian prisoners sentenced to multiple life sentences; Australian serial killers; Criminals from Sydney; English emigrants to Australia; Male suicides; Naturalised citizens of Australia; People convicted of assault occasioning actual bodily harm; People from Wolverhampton; People with personality disorders; Prisoners sentenced to life imprisonment by New South Wales; Prisoners who died in New South Wales detention; Senicide; Serial killers who died by suicide in prison custody; Suicides by hanging in New South Wales; 20th-century British Army personnel; Military personnel from Wolverhampton; Male murderers,2026-09-27 09:55:58
Alexander Sergeychik,6.0,12.0,,Low (5-14),Belarus,2000,2006,Unknown,True,False,True,https://en.wikipedia.org/wiki/Alexander_Sergeychik,"Alexander Vasilyevich Sergeychik(Belarusian:Аляксандар Васільевіч Сяргейчык; 1970 – 26 November 2007) was aBelarusianserial killer. He committed murders between 2000 and 2006 inShchuchyn DistrictandGrodno District. He confessed to killing a total of twelve people; however, the investigation could bring forward only enough evidence to convict him of six murders. He received the death penalty by the court. Sergeychik was born in 1970 in Semyonovka village,Byerastavitsa District,BSSRin a large fami",Alexander Sergeychik,,12,"Sergeychik committed his first crime on 18 September 1992, having stolen a trailer on the collective farm ""Oktyabr"", after which he began to break into garages, stealing cars and other property. He stole a carbine, a Walther PP pistol and several dummy grenades. In 14 years Sergeychik stole property worth 900 thousand dollars. He committed his first murder in April 2000, when he picked up 21-year-old Helen Boltak as a travelling companion, driving her 76 km in the Shchuchyn District forest, wher",2000–2006,6.0,Belarus,,,1970,"70 ) Semyonovka, Byerastavitsa District , BSSR , Soviet Union",2007-11-26,"6) (aged 36–37) Pishchalauski Castle , Minsk , Belarus",,Executed,Executed,,Categories; 1970 births; 2007 deaths; 2000 murders in Belarus; 2003 murders in Belarus; 2000s murders in Belarus; 21st-century executions by Belarus; Belarusian people convicted of murder; Executed Belarusian serial killers; Executed serial killers who worked in law enforcement; People convicted of murder by Belarus; People executed by Belarus by firearm; Violence against women in Belarus,2026-09-27 09:56:02
Adrián Arroyo Gutiérrez,6.0,11.0,,Low (5-14),Costa Rica,2014,2015,Unknown,True,False,False,https://en.wikipedia.org/wiki/Adrián_Arroyo_Gutiérrez,"Adrián Javier Arroyo Gutiérrez(born 1976), known asThe Southern Psychopath, is aCosta Ricanserial killerand rapist who killed between 6 and 11 women in several ofSan José's neighborhoods.He was sentenced to 110 years' imprisonment for his crimes. Arroyo, a scrap collector residing in Barrio Mexico, would typically search for women who exchanged sexual favors for drugs.He would pick up the victim and lure them to a secluded parking lot, where he would subsequently rape and strangle them.After kil",Adrián Arroyo Gutiérrez,The Southern Psychopath; The Indingent Killer; [ 1 ],11,"Arroyo, a scrap collector residing in Barrio Mexico, would typically search for women who exchanged sexual favors for drugs. [ 4 ] He would pick up the victim and lure them to a secluded parking lot, where he would subsequently rape and strangle them. [ 2 ] After killing the woman, Arroyo would cover their private parts with leaves, leaving the bodies sitting with their legs hunched, before fleeing the scene. [ 1 ] Although a total of 11 women were found to have been murdered in this way, all in",2014–2015,1.0,Costa Rica,,,,"San José, Costa Rica",,,,,,,"Categories; 1976 births; 2014 crimes in Costa Rica; 2014 murders in North America; 2015 crimes in Costa Rica; 2015 murders in North America; 2010s murders in Costa Rica; Costa Rican people convicted of murder; Costa Rican people convicted of rape; Costa Rican serial killers; Crimes against sex workers; Living people; People convicted of murder by Costa Rica; People from San José, Costa Rica; Prisoners and detainees of Costa Rica; Violence against women in Costa Rica",2026-09-27 09:56:04
Joseph Naso,10.0,26.0,,Medium (15-29),United States,1974,1994,Unknown,True,False,False,https://en.wikipedia.org/wiki/Joseph_Naso,"Joseph Naso(born January 7, 1934), also known asCrazy Joeor theDouble Initial Killer, is an Americanserial killerandserial rapistsentenced to death for the murders of at least four women. Naso was born on January 7, 1934,inRochester, New York. After serving in theUnited States Air Forcein the 1950s, he met his first wife. Their marriage lasted for eighteen years, but after the divorce, Naso continued visiting his ex-wife, who lived in theSan Francisco Bay Area. The couple had a son who later dev",Joseph Naso,Crazy Joe The Double Initial Killer,26,,"January 1974 – August 14, 1994",20.0,United States,,,"January 7, 1934","age 92) Rochester, New York , U.S.",,,,,,,"Categories; 1934 births; 20th-century American criminals; American male criminals; American people convicted of murder; American people convicted of theft; American prisoners sentenced to death; American rapists; Businesspeople from Reno, Nevada; Businesspeople from Rochester, New York; Businesspeople from Sacramento, California; Businesspeople from San Francisco; Crime in California; Criminals from New York (state); Serial killers from the San Francisco Bay Area; History of Marin County, California; Living people; People convicted of murder by California; People from Yuba City, California; Prisoners sentenced to death by California; United States Air Force airmen; Violence against women in California",2026-09-27 09:56:06
John George Haigh,6.0,9.0,,Low (5-14),United Kingdom,1944,1949,Unknown,True,False,False,https://en.wikipedia.org/wiki/John_George_Haigh,"John George Haigh(/heɪɡ/HEYG; 24 July 1909 – 10 August 1949), commonly known as theAcid Bath Murderer, was an Englishserial killerconvicted for the murders of six people, although he claimed to have killed nine. Haigh battered to death or shot his victims and disposed of their bodies usingsulphuric acidbefore forging their signatures so he could sell their possessions and collect large sums of money. His actions were the subject of the television filmA Is for Acid. John Haigh was born inStamford",John George Haigh,Acid Bath Murderer,9,"Haigh was freed from prison in 1943 and became an accountant with an engineering firm. Soon after, by chance, he encountered his former employer William McSwan in a Kensington pub. McSwan introduced Haigh to his parents, Donald and Amy. [ 9 ] McSwan worked for them by collecting rents on their London properties, and Haigh became envious of his lifestyle. [ 6 ] On 6 September 1944, McSwan disappeared. Haigh later admitted he had lured McSwan into a basement on Gloucester Road, hit him over the he",1944–1949,5.0,United Kingdom,,,24 July 1909,"Stamford, Lincolnshire , England",1949-08-10,"0) (aged 40) Wandsworth Prison , London, England",,,,"Weapon(s): Lead pipe, .38 calibre Webley revolver","Categories; 1909 births; 1936 crimes in the United Kingdom; 1949 deaths; Collection of the Crime Museum; 1949 murders in the United Kingdom; 20th-century British murderers; 20th-century English businesspeople; 20th-century English criminals; 20th-century evangelicals; 20th-century executions by England and Wales; British people convicted of fraud; British Plymouth Brethren; British confidence tricksters; English evangelicals; English fraudsters; English people convicted of murder; English serial killers; Executed British serial killers; Executed people from Lincolnshire; Fugitives; Murder convictions without a body; People convicted of murder by England and Wales; People educated at Queen Elizabeth Grammar School, Wakefield; People executed by the United Kingdom by hanging; People from Stamford, Lincolnshire; People from Wakefield; Male murderers",2026-09-27 09:56:08
Jack the Stripper,,,,Very Low (<5),,,,Unknown,True,False,False,https://en.wikipedia.org/wiki/Jack_the_Stripper,"TheHammersmith nude murderswere a series of sixmurdersinWest London, England, in 1964 and 1965.The victims, allprostitutes, were found undressed in or near theRiver Thames, leading the press to nickname the killerJack the Stripper(a reference toJack the Ripper).Two earlier murders, committed in West London in 1959 and 1963, have also been linked by some investigators to the same perpetrator. Despite ""intense media interest and one of the biggest manhunts inScotland Yard's history"" the case is un",Jack the Stripper,Ann Phillips [ 9 ],0,,,,,,,24 March 1938,"[ 8 ] Bebington , Cheshire , England",1959-06-17,"7) (aged 21) London, England",Prostitute,,,,Categories; 1950s murders in London; 1959 murders in the United Kingdom; 1960s murders in London; 1963 murders in the United Kingdom; 1964 murders in the United Kingdom; 1965 murders in the United Kingdom; Female murder victims in the United Kingdom; Fugitives; London crime history; Murder in London; Serial murders in the United Kingdom; Unidentified British serial killers; Unsolved murders in London; Crimes against sex workers in the United Kingdom; Violence against women in London,2026-09-27 09:56:11
Morris Solomon Jr.,7.0,6.0,,Low (5-14),United States,1986,1987,Unknown,True,False,False,https://en.wikipedia.org/wiki/Morris_Solomon_Jr.,"Morris Solomon Jr.(March 15, 1944 – August 1, 2024), known asThe Sacramento Slayer, was an American convictedserial killerondeath rowinSan Quentin, Californiafor the murders of six women. Solomon was born on March 15, 1944.Relatives and friends described Solomon's upbringing in rural Georgia asabusive. He was raised primarily by his grandmother, Bertha, who beat him and his brother daily for infractions such as bed wetting, mispronouncing words, or crying during a beating. Sometimes, she hit the",Morris Solomon Jr.,The Sacramento Slayer,7,"Yolanda Johnson (22) – found June 18, 1986. Angela Polidore (25) – found July 20, 1986. Maria Apodaca (18) – found March 19, 1987. Cherie Washington (26) – found April 20, 1987. Linda Vitela (24) – found April 22, 1987. She had been dead for about a year. Sheila Jacox (17) – also found April 22, 1987, and had likewise been dead for about a year. Sharon Massey (29) – found April 29, 1987, and had been dead for around 6 months.",June 1986 – April 1987,1.0,United States,,,"March 15, 1944","Albany, Georgia , U.S.",2024-08-01,"1) (aged 80) Stockton, California U.S.",,,,,"Categories; 1944 births; 2024 deaths; 20th-century American criminals; 21st-century African-American people; African-American military personnel of the Vietnam War; African-American United States Army personnel; American kidnappers; American male criminals; American murderers of children; American people convicted of child sexual abuse; American people convicted of murder; American people convicted of sodomy; American prisoners sentenced to death; American people convicted of rape; American war criminals; Crimes against sex workers in the United States; Criminals from Georgia (U.S. state); People convicted of murder by California; People from Albany, Georgia; Prisoners sentenced to death by California; Serial killers from California; United States Army personnel of the Vietnam War; United States Army soldiers; United States war crimes in the Vietnam War",2026-09-27 09:56:14
Mack Ray Edwards,6.0,,,Low (5-14),United States,1953,1970,Unknown,True,False,False,https://en.wikipedia.org/wiki/Mack_Ray_Edwards,"Mack Ray Edwards(October 17, 1918 – October 30, 1971) was an Americanchild molesterandserial killerwhomolestedandmurderedat least six children inLos Angeles County, California, between 1953 and 1970.Sentenced todeath, he hanged himself in his prison cell. Edwards was born inMontgomery County, Arkansas, on October 17, 1918,and moved toLos Angeles County, California, in 1941.The year following his arrival in Los Angeles County he joined theUnited States Army Corps of Engineersand, trained in the u",Mack Ray Edwards,,6,"Edwards was convicted of murdering three children: Stella Darlene Nolan, 8, who disappeared while at a refreshment stand at a flea market in Norwalk , on June 20, 1953. Edwards confessed to kidnapping her, taking her to his then-home in Azusa, then raping her before he then drove her to the Angeles Forest and manually strangled the child before throwing her tiny body over a bridge. The next day, Mack returned to the crime scene and was surprised to find Stella alive, around 100 yards from where ",1953–1970,17.0,United States,,,"October 17, 1918","Montgomery County, Arkansas , U.S.","October 30, 1971","aged 53) San Quentin State Prison , California, U.S.",,Deceased,Deceased,Weapon(s): .22 caliber handgun,"Categories; 1918 births; 1971 deaths; 1971 suicides; 20th-century American engineers; 20th-century American murderers; American male criminals; American military engineers; American murderers of children; American people convicted of murder; American people convicted of kidnapping; American people who died in prison custody; American prisoners sentenced to death; American rapists; Criminals from Arkansas; Criminals from Los Angeles; People convicted of murder by California; People from El Monte, California; People from Montgomery County, Arkansas; People from Pico Rivera, California; People from Sylmar, Los Angeles; Prisoners sentenced to death by California; Prisoners who died in California detention; Serial killers from California; Serial killers who died by suicide in prison custody; Suicides by hanging in California; United States Army personnel of World War II; Violence against women in California; 20th-century military engineers; Male suicides; Male murderers",2026-09-27 09:56:16
Terry Peder Rasmussen,6.0,,,Low (5-14),United States,1978,2002,Unknown,True,False,False,https://en.wikipedia.org/wiki/Terry_Peder_Rasmussen,"Terry Peder Rasmussen(December 23, 1943 – December 28, 2010) was an American convicted murderer and suspectedserial killerwho was convicted of one murder, and linked to at least six more in a series of crimes that stretched across thecontiguous United Statesbetween 1978 and 2002. Due to his use of many aliases, most notably ""Bob Evans"", Rasmussen is known as theChameleon Killer. Rasmussen is theprime suspectin theBear Brook murders, which took place inNew Hampshiresometime between 1978 and 1980.",Terry Peder Rasmussen,Robert; Bob; Evans Curtis Mayo Kimball Gordon Jensen Lawrence; Larry; William Vanner Gerald; Gerry; Mockerman,6,"Since Rasmussen's connection to the Bear Brook murders was revealed in 2017, he has been investigated for other crimes. New Hampshire State Police are interested in the gaps of time in which Rasmussen's whereabouts are not known, particularly from 1974 to 1985. [ 8 ] Det. Sgt. Christopher Elphick stated that it is ""highly unlikely that [Rasmussen] stopped doing what he was doing,"" commenting that it is ""certainly possible"" that additional victims will be discovered. [ 9 ] Rasmussen lived a mile ",c. 1978–2002,24.0,United States,,,"December 23, 1943","Denver , Colorado , U.S.","December 28, 2010","aged 67) High Desert State Prison , Susanville, California , U.S.",,,15 years to life,,"Categories; 1943 births; 2010 deaths; 20th-century American murderers; 21st-century American murderers; Allenstown, New Hampshire; American people of Danish descent; American kidnappers; American male criminals; American murderers of children; American people convicted of murder; American people who died in prison custody; American prisoners sentenced to life imprisonment; Child abuse incidents and cases; Child filicides in the United States; Perpetrators of filicide; Criminals from the San Francisco Bay Area; Deaths from lung cancer in California; Deaths from pneumonia in California; Fugitives; Infanticide; Child murder in the United States; North High School (Phoenix, Arizona) alumni; People convicted of murder by California; People from Manchester, New Hampshire; Prisoners sentenced to life imprisonment by California; Prisoners who died in California detention; Serial killers from California; Serial killers from Colorado; Serial killers from New Hampshire; Serial killers who died in prison custody; United States Navy sailors; Uxoricides in the United States; Violence against women in California; Violence against women in New Hampshire; Perpetrators of uxoricide; Criminals from Colorado; Criminals from New Hampshire; Military personnel from Denver; American people of English descent; Male murderers",2026-09-27 09:56:18
Robert Berdella,6.0,,,Low (5-14),United States,1984,1987,Unknown,True,False,False,https://en.wikipedia.org/wiki/Robert_Berdella,"Robert Andrew Berdella Jr.(January 31, 1949–October8, 1992) was an Americanserial killerwhokidnapped, raped, tortured, and murdered at least six young men after forcing his victims to endure periods of up to six weeks of captivity.His crimes took place inKansas City, Missouri, between 1984 and 1987. Describing his murders as being ""some of my darkest fantasies becoming my reality"",:264Berdella pleaded guilty and was sentenced tolife imprisonmentwithout the possibility of parole for thefirst-degr",Robert Berdella,The Kansas City Butcher The Collector,6,"Berdella is believed to have killed his first victim on July 5, 1984: 19-year-old Jerry Howell. [ 6 ] Berdella had promised to drive the youth to attend a dancing contest in Merriam . [ 4 ] : 80 According to Berdella, he plied Howell with alcohol, diazepam , and acepromazine both in his car and at his house until he became unconscious. He then injected Howell with a heavy tranquilizer before binding him to his bed. [ 17 ] Howell was restrained to Berdella's bed for approximately 28 hours. Throug",1984–1987,3.0,United States,,,"January 31, 1949","Cuyahoga Falls, Ohio , U.S.",1992-10-08,"8) (aged 43) Missouri State Penitentiary , Missouri, U.S.",,,,,"Categories; 1949 births; 1984 murders in the United States; 1985 murders in the United States; 1986 murders in the United States; 1987 murders in the United States; 1988 murders in the United States; 1992 deaths; 20th-century American LGBTQ people; 20th-century American murderers; American gay men; American male criminals; American people convicted of murder; American people convicted of sexual assault; American people convicted of sodomy; American people of Italian descent; American people who died in prison custody; American prisoners sentenced to life imprisonment; American rapists; Crime in Kansas City, Missouri; Crimes against sex workers; Criminals from Ohio; Former Roman Catholics; Human trophy collecting; Kansas City Art Institute alumni; LGBTQ people from Ohio; People convicted of murder by Missouri; People from Cuyahoga Falls, Ohio; People with personality disorders; People with sexual sadism disorder; Prisoners sentenced to life imprisonment by Missouri; Prisoners who died in Missouri detention; Rape of males in the United States; Serial killers from Missouri; Serial killers who died in prison custody; Violence against gay men in the United States; Violence against men in the United States",2026-09-27 09:56:21
Juan Chavez,6.0,,,Low (5-14),United States,1986,1990,Unknown,True,False,False,https://en.wikipedia.org/wiki/Juan_Chavez,"Juan Chavez(1965 – September 9, 1999) was a Mexicanserial killerwho, between 1986 and 1990, killed at least sixgay menin three cities inLos Angeles County, California. In 1999, he was sentenced to five consecutivelife sentenceswithout the possibility ofparole, buthanged himselfatFolsom State Prisonjust two months later. Juan Chavez was born in 1965 inCiudad Juarez, Mexico. Not long after, he and his half-brother were left on the doorstep of his grandmother's home for her to care for. After she a",Juan Chavez,Job Rocha [ 1 ],6,"After moving to Los Angeles, Chavez racked up multiple arrests for petty crimes. [ 4 ] On July 17, 1986, Chavez met up with 46-year-old Alfred Rowswell at a well-known pickup spot for male ""street hustlers"". After an exchange, Rowswell brought Chavez back to his apartment in LaFayette Park to perform sex, but when they got there, Chavez held Rowswell at knifepoint and forced him on the bed, where he tied him up and strangled him to death. After the killing, Chavez took belongings and money from ",1986–1990,4.0,United States,,,,,1999-09-09,"9) (aged 33–34) Folsom State Prison , California, U.S.",,Dead,Dead,,Categories; 1965 births; 1986 murders in the United States; 1989 murders in the United States; 1990 murders in the United States; 1990s crimes in California; 1999 deaths; 1999 suicides; 20th-century American murderers; American male criminals; American people convicted of murder; Male suicides; People convicted of murder by California; Prisoners sentenced to life imprisonment by California; Serial killers from California; Serial killers who died by suicide in prison custody; Suicides by hanging in California; Violence against gay men in the United States; Male murderers,2026-09-27 09:56:23
David Berkowitz,,,,Very Low (<5),,1975,1977,Unknown,True,False,False,https://en.wikipedia.org/wiki/David_Berkowitz,"David Richard Berkowitz(bornRichard David Falco; June 1, 1953), also known as theSon of Sam, the.44 Caliber Killerand thePhantom of the Bronx, is an Americanserial killer,serial arsonist, and formerUnited States Armysoldier who committed a stabbing and a series of shootings inNew York Citybetween 1975 and 1977, killing six people and wounding eleven others.Armed with a.44 caliberBulldog revolverduring most of his crimes, Berkowitz terrorized New York City with letters mocking police and promisin",David Berkowitz,The Son of Sam The .44 Caliber Killer Mr. Monster,0,"During the mid-1970s, Berkowitz began committing violent crimes. He bungled his first attempt at murder using a knife, then switched to a handgun and began a lengthy crime spree throughout the New York City boroughs of the Bronx, Brooklyn and Queens , seeking young female victims. All but one of the crime scenes involved two victims; he infamously committed some of his attacks while the women sat with boyfriends in parked cars. [ 33 ] Berkowitz exhibited an enduring enjoyment of his activities, ","December 24, 1975 – July 31, 1977",2.0,,,,"June 1, 1953","age 73) Brooklyn , New York, U.S.",,,,,,Weapon(s): .44 Special caliber Bulldog revolver,"Categories; David Berkowitz; 1953 births; 20th-century American murderers; 20th-century American Jews; American adoptees; American arsonists; American male criminals; American people convicted of attempted murder; American people convicted of murder; American prisoners sentenced to life imprisonment; Bronx Community College alumni; Converts to evangelical Christianity; Crimes involving Satanism or the occult; Crime in New York (state); Crime in New York City; Criminals from Brooklyn; Criminals from the Bronx; Former Satanists; Living people; People convicted of murder by New York (state); People from Co-op City, Bronx; People with schizophrenia; Prisoners sentenced to life imprisonment by New York (state); Serial killers from New York City; United States Army soldiers; United States Postal Service people; Manhunts; People from Soundview, Bronx; American Satanists; Violence against women in New York (state); SUNY Sullivan alumni",2026-09-27 09:56:26
Richard Chase,6.0,1.0,,Low (5-14),United States,1977,1978,Unknown,True,False,False,https://en.wikipedia.org/wiki/Richard_Chase,"Richard Trenton Chase(May 23, 1950–December 26, 1980) was an Americanserial killer,cannibal, andnecrophileknown as theVampire of Sacramento, theDracula Killer, and theVampire Killer, who killed six people between December 1977 and January 1978 inSacramento, California. All of Chase's victims were chosen at random. His first victim was killed in adrive-by shooting; his subsequent victims were murdered inside their own homes, with the primarymotivebehind these murders being the mutilation of their",Richard Chase,The Dracula Killer The Vampire of Sacramento The Vampire Killer,6,"Chase was repeatedly interrogated throughout the late afternoon and evening of January 28. [ 134 ] He freely admitted to having killed numerous animals and to drinking their blood and consuming their viscera, but denied any culpability in the recent murders. He remained steadfast in this assertion when confronted with the physical evidence upon his person at the time of his arrest and the discoveries within his apartment, on one occasion stating to detectives: ""My parents didn't bring me up that","December 29, 1977 – January 27, 1978",1.0,United States,,,"May 23, 1950","Santa Clara County, California , U.S.",1980-12-26,"6) (aged 30) San Quentin State Prison , California, U.S",,,,,"Categories; 1950 births; 1980 suicides; 1980 deaths; 20th-century American murderers; American cannibals; American male criminals; American mass murderers; American murderers of children; American people convicted of murder; American people who died in prison custody; American prisoners sentenced to death; Drug-related suicides in California; Hypochondriacs; Necrophiles; People convicted of murder by California; People from Sacramento, California; People with schizophrenia; Prisoners sentenced to death by California; Prisoners who died in California detention; Serial killers who died by suicide in prison custody; Vampirism (crime)",2026-09-27 09:56:28
Alfredo Galán,6.0,2.0,,Low (5-14),Spain,2003,,Unknown,True,False,False,https://en.wikipedia.org/wiki/Alfredo_Galán,"Alfredo Galán Sotillo(born 5 April 1978)is a Spanishserial killerwho killed six people and wounded two from 4 January - 18 March 2003. Alfredo Galán was born inPuertollano,province of Ciudad Real,Castile-La Mancha,Spain. Galán became class president in high school but was remembered as unremarkable and introverted. In September 1998, he joined theSpanish Armyand became acorporalin the 31st Mech Regiment ""Asturias"" ofMadridand participated in humanitarian missions inBosnia. He was sent back to Sp",Alfredo Galán,The Playing Card Killer The Deck of Cards Killer The Tokarev Killer,6,"On 24 January 2003, Galán shot 50-year-old Juan Francisco Ledesma in the head in front of his 2-year-old son. [ 1 ] On 5 February, the body of 28-year-old airport cleaner Juan Carlos Martín Estacio was found shot in the head. An ace of cups was left nearby. [ 2 ] Later the same day, Galán entered Bar Rojas in Alcalá de Henares and shot 3 people: the bar owner, 38-year-old Teresa Sánchez García survived multiple gunshots; her 18-year-old son Mikel Jiménez Sánchez and 57-year-old customer Juana Do",24 January – 18 March 2003,,Spain,,,5 April 1978,"age 48) [ 1 ] Puertollano , province of Ciudad Real , Castile-La Mancha , Spain [ 1 ]",,,Security guard,,,,Categories; 1978 births; 2003 murders in Spain; 21st-century Spanish criminals; Living people; Military personnel convicted of murder; People convicted of murder by Spain; People from Puertollano; Prisoners sentenced to life imprisonment by Spain; Security guards convicted of crimes; Spanish people convicted of murder; Spanish serial killers; Spanish soldiers,2026-09-27 09:56:30
Friedrich Schumann,9.0,25.0,,Medium (15-29),Germany,1909,1920,Unknown,True,False,False,https://en.wikipedia.org/wiki/Friedrich_Schumann,"Friedrich Schumann(1 February 1893–27 August 1921) was a Germanserial killer. He is also known as ""Massenmörder vom Falkenhagener See"" (""Terror of Falkenhagen Lake""). Schumann murdered at least seven people and raped 11 women. He was 28 years old when he was executed in 1921. Schumann was born in 1893 inSpandau. His father had a long criminal record and suffered from alcoholism, and his grandfather had been convicted of pedophilia. He bought his first gun at a young age, practising by shooting a",Friedrich Schumann,Terror of Falkenhagen Lake,25,"Schumann was born in 1893 in Spandau . His father had a long criminal record and suffered from alcoholism, and his grandfather had been convicted of pedophilia. He bought his first gun at a young age, practising by shooting at the local wildlife. When he was sixteen, he killed his female cousin, claiming that the gun accidentally went off while he was playing with it, spending some time at a correctional institution as a result. After completing his locksmith apprenticeship, he was conscripted i",1909–1920,11.0,Germany,,,1 February 1893,"[ 1 ] Spandau , German Empire [ 1 ]",1921-08-27,"7) (aged 28) Plötzensee Prison , Berlin, Weimar Republic",,Executed by beheading,Executed by beheading,,"Categories; 1893 births; 1921 deaths; Executed German serial killers; German Army personnel of World War I; German people convicted of attempted murder; German people convicted of rape; People convicted of murder by Germany; People executed by the Weimar Republic; People executed by Germany by decapitation; People from Spandau; Recipients of the Iron Cross (1914), 2nd class; Violence against women in Germany",2026-09-27 09:56:32
Eugen Weidmann,6.0,,,Low (5-14),France,1937,,Unknown,True,False,False,https://en.wikipedia.org/wiki/Eugen_Weidmann,"Eugen Weidmann(5 February 1908 – 17 June 1939) was aGerman-born criminal andserial killerwho was executed byguillotineinFrancein June 1939, the lastpublic executionin France, an execution witnessed by the 17-year-oldChristopher Leewho was visiting Paris at the time. Weidmann was born inFrankfurt am Mainto aGermanCatholicfamily of anexportbusinessman and went to school there. He was sent to live with his grandparents at the outbreak ofWorld War I. During this time he began stealing. Later in his ",Eugen Weidmann,,6,"His first kidnapping attempt ended in failure because his victim struggled too hard, forcing him to let him go. In July 1937, he made a second attempt, Weidmann having made the acquaintance of Jean De Koven , a 22-year-old New York City dancer visiting her aunt Ida Sackheim in Paris. Impressed by the tall, handsome German, De Koven wrote to a friend: ""I have just met a charming German of keen intelligence who calls himself Siegfried. Perhaps I am going to another Wagnerian role – who knows? I am",July – November 1937,,France,,,5 February 1908,"Frankfurt , German Empire",1939-06-17,"7) (aged 31) Versailles , France",,Executed by guillotine,Executed by guillotine,,Categories; 1908 births; 1939 deaths; Executed German serial killers; Executed people from Hesse; Filmed executions; Emigrants from Nazi Germany to France; German people executed abroad; People convicted of murder by France; People executed by the French Third Republic by guillotine; People from Frankfurt; People executed by public decapitation,2026-09-27 09:56:34
Rhonda Belle Martin,6.0,,,Low (5-14),United States,1937,1951,Female,True,False,False,https://en.wikipedia.org/wiki/Rhonda_Belle_Martin,"Rhonda Belle Martin(néeThomley;November 4, 1906 – October 11, 1957) was an Americanserial killerwho was executed by the state ofAlabamafor the murder of Claude Carroll Martin, her fourth husband, in 1951. Martin's method of murder wasrat poison; she was also accused of poisoning and murdering her own mother, as well as five of her seven children, all of whom were below the age of 12 at their deaths. Only one of her victims, her former stepson and fifth husband, Ronald Martin, was known to have s",Rhonda Belle Martin,,6,"Rhonda Belle Thomley was born in 1906 in Alabama. Before her arrest, she worked as a waitress. [ 3 ] At the time of her arrest, she lived in Montgomery, Alabama . She confessed in March 1956 to poisoning her mother, two husbands, and three of her children. She denied killing two other children. According to a LIFE Magazine article published at the time, she loved getting the get-well cards, and later the sympathy cards, that came when the victims died.  She took great care to have them buried si",1937–1951,14.0,United States,,,"November 4, 1906","Alabama , U.S.",1957-10-11,"1) (aged 50) Kilby Correctional Facility , Alabama, U.S.",Waitress,Executed by electrocution,Executed by electrocution,,"Categories; 1900s births; 1957 deaths; 20th-century executions by Alabama; 20th-century executions of American people; American female serial killers; 20th-century American murderers; American murderers of children; Female murderers of children; Executed American serial killers; Executed American women; Executed female serial killers; Executed people from Alabama; Child filicides in the United States; Perpetrators of filicide; Perpetrators of mariticide; Perpetrators of matricide; People convicted of murder by Alabama; People executed by Alabama by electric chair; People from Montgomery, Alabama; Poisoners; Serial killers from Alabama",2026-09-27 09:56:36
Lemuel Smith,6.0,,,Low (5-14),United States,1958,1981,Unknown,True,False,False,https://en.wikipedia.org/wiki/Lemuel_Smith,"Lemuel Warren Smith(born July 23, 1941) is an Americanconvictedserial killerwho was the first convict to kill an on-duty femalecorrections officer. Smith was already in prison for the murders of at least five people when he murdered prison guard Donna Payant atGreen Haven Correctional Facilityin 1981. The murder of a guard in a maximum security prison was considered shocking at the time and brought scrutiny upon theNew Yorkprison systems. Smith is considered one of the most dangerous living inma",Lemuel Smith,,6,"Smith was paroled from prison in October 1976 after having served a little more than four years incarceration after having pleaded guilty to first-degree attempted rape. [ 3 ] A little more than a month after Smith's release, on November 24, 1976, the day before Thanksgiving, Robert Hedderman, 48, and Hedderman's secretary, Margaret Byron, 59, were found brutally murdered in the back of Hedderman's religious store in Albany . Human feces was found on evidence nearby, which later proved valuable.","January 21, 1958 – May 15, 1981",23.0,United States,,,"July 23, 1941","age 85) Amsterdam, New York , U.S.",,,,,,,"Categories; 1941 births; 20th-century African-American people; 20th-century American criminals; American male criminals; American people convicted of murder; American people convicted of attempted murder; American people convicted of attempted rape; American people convicted of assault; American people convicted of rape; American people convicted of kidnapping; American prisoners sentenced to death; American prisoners sentenced to life imprisonment; Living people; People convicted of murder by New York (state); People from Amsterdam, New York; Prisoners sentenced to death by New York (state); Prisoners sentenced to life imprisonment by New York (state); Serial killers from New York (state); Violence against women in New York (state)",2026-09-27 09:56:38
Freeway Phantom,6.0,,,Low (5-14),United States,1971,1972,Unknown,True,False,False,https://en.wikipedia.org/wiki/Freeway_Phantom,"TheFreeway Phantomis the pseudonym of an unidentifiedserial killerwho murdered five girls and a woman inWashington, D.C., between April 1971 and September 1972. On the evening of April 25, 1971, 13-year-old Spinks from Southeast was sent by an older sister to buy groceries at a7-Elevenlocated a half-mile away from her home, just across the border inMaryland.On her way home from the store, Spinks was abducted; her body was found six days later at 2:46 pm behindSt. Elizabeths Hospitalon a grassy e",Freeway Phantom,,6,,"April 25, 1971 – September 5, 1972",1.0,United States,,,,,,,,,,,"Categories; 20th-century American murderers; American murderers of children; American rapists; Child abduction in the United States; Child sexual abuse in the United States; Crimes in Washington, D.C.; Fugitives; Serial killers from Washington, D.C.; Unidentified American rapists; Unidentified American serial killers; Unsolved murders in Washington, D.C.; Violence against women in Washington, D.C.; Violence against African-American women",2026-09-27 09:56:40
Dayton Leroy Rogers,7.0,8.0,,Low (5-14),United States,1983,1987,Unknown,True,False,False,https://en.wikipedia.org/wiki/Dayton_Leroy_Rogers,"Dayton Leroy Rogers(born September 30, 1953) is an Americanserial killerwho has been tied to the murders of at least eight women. He preferred ""street"" women, usually addicts, sex workers, and runaways. The bodies of six of the women were found at a dump site located on privately owned forest lands outsideMolalla, Oregon, and thus he was dubbed the ""Molalla Forest Murderer"". Rogers was convicted in 1988 for the murder of his last victim, Jennifer Lisa Smith, whom he killed on August 7, 1987,and ",Dayton Leroy Rogers,The Molalla Forest Killer,8,"Rogers was convicted in 1988 for the murder of his last victim, Jennifer Lisa Smith, whom he killed on August 7, 1987, [ 1 ] [ 2 ] and in 1989 for a further six murders [ 3 ] for which he was sentenced to death. [ 4 ] Jennifer Lisa Smith  was in Rogers' truck parked in a lot located off of SE McLoughlin Blvd in Oak Grove in unincorporated Clackamas County when he stabbed her 11 times in the breasts, abdomen, and back. She fell out of the truck and was attended to by witnesses from a nearby Denny",1983–1987,4.0,United States,,,"September 30, 1953","age 72) Moscow, Idaho , U.S.",,,,,,,"Categories; Living people; 1953 births; 20th-century American murderers; American male criminals; American murderers of children; American people convicted of murder; American prisoners sentenced to death; Crimes against sex workers in the United States; People convicted of murder by Oregon; People from Moscow, Idaho; Prisoners sentenced to death by Oregon; Recipients of gubernatorial clemency in Oregon; Serial killers from Oregon; Criminals from Oregon; Criminals from Idaho; Serial killers from Idaho; Femicide in the United States; Male murderers",2026-09-27 09:56:42
Norbert Poehlke,6.0,,,Low (5-14),West Germany,1984,1985,Unknown,True,False,True,https://en.wikipedia.org/wiki/Norbert_Poehlke,"Norbert Hans Poehlke(15 September 1951 – 22 October 1985), also known asThe Hammer-Killer(Der Hammermörder), was a Germanpolice officerandserial killerwho committed four bank robberies and three related murders between 1984 and 1985. His nickname was derived from hismodus operandiof using a sledgehammer in bank robberies in which he would use his victims' cars as getaway vehicles. Wrongly believing that he was about to be exposed as a criminal, Poehlke killed his wife and eldest son before fleei",Norbert Poehlke,The Hammer-Killer,6,"After Cordula's death, Poehlke began a series of murders and bank robberies, three of which proceeded in the same pattern: First, he lured a random victim in a remote rest area to get into his vehicle. He killed his victims with his service weapon, a Walther P5 , by shooting them in the head. After the crime, he would drive with the stolen vehicle to a bank to rob them. Masked, he smashed the windows of the ticket counter with a sledgehammer, robbed cash, and then escaped with the victim’s vehic",1984–1985,1.0,West Germany; Italy,,,15 September 1951,"Stuttgart , West Germany",1985-10-22,"2) (aged 34) Torre Canne , Brindisi , Italy",,,,Weapon(s): Walther P5 pistol,Categories; 1951 births; 1985 deaths; 1985 suicides; 20th-century German murderers; 20th-century German police officers; Child murder in Germany; Child murder in Italy; Deaths by firearm in Germany; Familicides in Germany; German bank robbers; German serial killers; Murder–suicides in Europe; People from Stuttgart; Perpetrators of filicide; Perpetrators of uxoricide; Police misconduct in Germany; Serial killers who worked in law enforcement; Suicides by firearm in Italy; Male suicides; Male murderers,2026-09-27 09:56:46
Cleophus Prince Jr.,,,,Very Low (<5),,1990,,Unknown,True,False,False,https://en.wikipedia.org/wiki/Cleophus_Prince_Jr.,"Cleophus Prince Jr.(born July 24, 1967) is an Americanserial killerandburglarwho was convicted andsentenced to deathin 1993for therapeandmurderof six women inSan Diego County,California. The killings occurred between January and September 1990 and became known as theClairemontserial killingsas most of the murders took place there. Before these crimes and while serving in theUnited States Navy, Prince was court-martialed in 1989 due to larceny. Upon being convicted, he was recommended to be disch",Cleophus Prince Jr.,The Clairemont Killer The Clairemont Ripper,0,"Cleophus Prince was court-martialed in October 1989 and convicted of larceny . After serving a brief sentence, he was recommended for discharge from the Navy. Two months later, he moved into the Buena Vista Gardens apartment complex, [ 3 ] which was close to the location of the first three murders. He lived at the Buena Vista complex until May 2, 1990. [ 4 ] Before his arrest, police characterized the then-unknown serial killer as a ""disorganized opportunist"" [ citation needed ] for the common p","January 12 – September 13, 1990",,,Clairemont Mesa and University City neighborhoods of San Diego,,"July 24, 1967","age 59) Birmingham, Alabama , U.S.",,,Former Navy mechanic,In prison,In prison,,Categories; 1967 births; 20th-century African-American people; 20th-century American criminals; American male criminals; American people convicted of murder; American people convicted of rape; American prisoners sentenced to death; Criminals from San Diego; Living people; People convicted of murder by California; Prisoners sentenced to death by California; Serial killers from California; Violence against women in California,2026-09-27 09:56:49
Nathaniel White,6.0,3.0,1.0,Low (5-14),United States,1991,1992,Unknown,True,False,False,https://en.wikipedia.org/wiki/Nathaniel_White,"Nathaniel White(born July 28, 1960) is an Americanserial killer. Active in theHudson Valleyregion, in and nearOrange County, New York, during the early 1990s, White confessed to beating and stabbing six women to death while onparole. Raised inPoughkeepsie, New York, as a teen, he graduated from Poughkeepsie High School in 1979 and later served a brief stint in the US Army from 1980 to 1983. He was residing in theTown of Wallkill, just outside ofMiddletown, New York, during his 16-month murder sp",Nathaniel White,,6,"White claimed to have found inspiration for his first murder while watching RoboCop 2 : ""The first girl I killed was from a 'RoboCop' movie... I seen him cut somebody's throat then take the knife and slit down the chest to the stomach and left the body in a certain position. With the first person I killed I did exactly what I saw in the movie."" [ 3 ] This first killing took place on March 25, 1991 — after White had been convicted of abducting a 16-year-old girl, but before he started his prison ","March 25, 1991 – July 30, 1992",1.0,United States,,,"July 28, 1960",age 66) [ 1 ],,,,,,,"Categories; 1960 births; 20th-century African-American people; American murderers of children; American people convicted of murder; American prisoners sentenced to life imprisonment; American rapists; Living people; People convicted of murder by New York (state); People from Orange County, New York; Prisoners sentenced to life imprisonment by New York (state); Serial killers from New York (state); Violence against African-American women in New York (state); RoboCop (franchise)",2026-09-27 09:56:52
Samuel Bongani Mfeka,6.0,,,Low (5-14),South Africa,1993,1996,Unknown,True,False,False,https://en.wikipedia.org/wiki/Samuel_Bongani_Mfeka,"Samuel Bongani Mfekais a South Africanserial killer, who was arrested on 8 September 1996, inKwaZulu-Natalfor rape. While imprisoned he gave the locations of six places, where he had hidden six bodies of women he had strangled and killed.He was sentenced to life in prison. His first murder was in 1993. The last body was found on 8 September 1996, in a state of advanced decomposition. According to police, four bodies were found between his home and around KwaZulu-Natal. Mfeka was also questioned ",Samuel Bongani Mfeka,,6,,1993–1996,3.0,South Africa,,,,,,,,,,,Categories; Living people; People convicted of murder by South Africa; Prisoners sentenced to life imprisonment by South Africa; South African serial killers; South African rapists; South African people convicted of murder; South African prisoners sentenced to life imprisonment; Violence against women in South Africa; South African people stubs; Crime biography stubs,2026-09-27 09:56:54
Gary Ray Bowles,6.0,,,Low (5-14),United States,1994,,Unknown,True,False,False,https://en.wikipedia.org/wiki/Gary_Ray_Bowles,"Gary Ray Bowles(January 25, 1962 – August 22, 2019)was an Americanserial killerwho wasexecutedin 2019 for the murders of six men in 1994. He is sometimes referred to asThe I-95 Killersince most of his victims lived close to theInterstate 95highway.He wasexecutedbylethal injectionfor his crimes in 2019. Bowles was born inClifton Forge, Virginia, and was raised inRupert, West Virginia.His father Frank, who worked as a coal miner, died fromblack lung diseasesix months before Bowles was born, and hi",Gary Ray Bowles,The I-95 Killer,6,"On March 15, 1994, in Daytona Beach, Florida , Bowles killed his first known victim, John Hardy Roberts, age 59, who had offered him a temporary place to live. Bowles beat and strangled him to death, and then stole his credit card which he later used in Kingsland, Georgia , and Nashville, Tennessee . [ 6 ] Police soon considered him a suspect after finding his fingerprints and probation records at the crime scene. [ 7 ] : 4 Over the next six months, Bowles murdered four other men: [ 9 ] 39-year-",March – October 1994,,United States,,,"January 25, 1962","Clifton Forge, Virginia , U.S.",2019-08-22,"2) (aged 57) Florida State Prison , Florida, U.S.",,Executed by lethal injection,Executed by lethal injection,,"Categories; 1962 births; 2019 deaths; 1994 murders in the United States; 20th-century American murderers; American male criminals; 21st-century executions by Florida; 21st-century executions of American people; American male prostitutes; American people convicted of rape; American people convicted of robbery; Executed American serial killers; Executed people from Virginia; FBI Ten Most Wanted Fugitives; People convicted of murder by Florida; People from Clifton Forge, Virginia; People executed by Florida by lethal injection; Violence against gay men in the United States; Violence against men in the United States; Serial killers from Florida; Serial killers from Georgia (U.S. state); Serial killers from Maryland; Male murderers",2026-09-27 09:56:57
Rory Enrique Conde,6.0,,,Low (5-14),United States,1994,1995,Unknown,True,False,False,https://en.wikipedia.org/wiki/Rory_Enrique_Conde,"Rory Enrique Conde(born June 14, 1965), known asThe Tamiami Trail Strangler, is aColombian–Americanserial killerwho killed six prostitutes inMiami, Florida, over a span of five months from September 1994 to January 1995, most of them on theTamiami Trail. Conde wassentenced to deathfor one of the murders, and received multiplelife termsfor the remaining five. His death sentence was overturned followingHurst v. Florida, and he is currently awaiting resentencing. Conde was born on June 14, 1965, in",Rory Enrique Conde,The Tamiami Trail Strangler,6,"On September 17, 1994, police combing the area around Flagami found the body of 27-year-old Lazaro Comesana, a cross-dressing prostitute and former hairdresser known by the monikers ""Vanessa"" and ""Jessica"". [ 3 ] He was last seen the previous night at the nearby Tradewinds Motel, where a search of his room led to the discovery of drug paraphernelia. [ 3 ] Conde would later claim that he killed Comesana after finding out he was a man during sex . [ 4 ] Approximately three weeks later, on October ","September 17, 1994 – January 12, 1995",1.0,United States,,,"June 14, 1965","age 61) Barranquilla , Atlántico Department, Colombia",,,,,,,Categories; 1965 births; 1994 murders in the United States; 1995 murders in the United States; American people convicted of murder; American prisoners sentenced to death; Colombian emigrants to the United States; Colombian people convicted of murder; Colombian prisoners sentenced to death; Crimes against sex workers in the United States; Living people; Necrophiles; People convicted of murder by Florida; Prisoners sentenced to death by Florida; Serial killers from Florida; Violence against women in Florida; 20th-century American murderers; American male criminals; Male murderers; Tamiami Trail; Violence against LGBTQ people in Florida,2026-09-27 09:56:59
Daniel Blank,6.0,2.0,,Low (5-14),United States,,,Unknown,True,False,False,https://en.wikipedia.org/wiki/Daniel_Blank,"Daniel Joseph Blank(born June 28, 1962) is an American convictedserial killersentenced to death in Louisiana. DubbedThe River Parishes serial killer, Blank had killed a total of six elderly people between 1996 and 1997 within the perimeters ofRiver ParishesinLouisiana. Blank was found guilty of the April10, 1997 murder of 71-year-old Lillian Philippe, and sentenced to death on December9, 1999. Blank was also givenmultiple life sentencesfor the other cases that were taken to trial, including one ",Daniel Blank,The River Parishes serial killer,6,"Daniel Joseph Blank, who was a mechanic residing in Louisiana , committed a total of six murders between October 1996 and May 1997 in River Parishes , Louisiana. According to the police, Blank had committed these murders in the course of robberies to finance his gambling habit. [ 1 ] On October 27, 1996, Blank murdered his employer, 41-year-old Victor Rossi, at his home in St. Amant . Based on sources, prior to his murder, Rossi has hired Blank as his new employee of his auto repair shop in Prai",,,United States,River Parishes; Louisiana,,"June 28, 1962","age 64) Paulina, Louisiana , U.S.",,,,Incarcerated on death row in Louisiana,Incarcerated on death row in Louisiana,,"Categories; 1962 births; Living people; American people convicted of murder; American prisoners sentenced to death; American prisoners sentenced to life imprisonment; People convicted of murder by Louisiana; Prisoners sentenced to life imprisonment by Louisiana; Prisoners sentenced to death by Louisiana; Senicide; Serial killers from Louisiana; People from St. James Parish, Louisiana",2026-09-27 09:57:02
Nicholas Lungisa Ncama,6.0,,,Low (5-14),South Africa,1997,,Unknown,True,False,False,https://en.wikipedia.org/wiki/Nicholas_Lungisa_Ncama,"Nicholas Lungisa Ncamais a South Africanserial killerwho was convicted in 1997 of three murders and sentenced tolifein prison. His victims all came from thePort Elizabetharea of theEastern Cape. Ncama raped and strangled his victims, some of whom were related to notable personalities in theEastern Cape. His first victim was a local policewoman, Constable Luyanda Ngcizela (21) whom he strangled with electrical wire. Her body was found at a bus stop in Empa, nearMthathaon 28 May 1997. Ncama went o",Nicholas Lungisa Ncama,,6,,May – October 1997,,South Africa,,,1968,"968 Port Elizabeth , South Africa",,,,,,,Categories; 1968 births; Living people; People convicted of indecent assault; People convicted of murder by South Africa; People from Gqeberha; South African people convicted of murder; South African people convicted of rape; South African serial killers; Violence against women in South Africa,2026-09-27 09:57:05
Aleksandr Rubel,6.0,7.0,,Low (5-14),Estonia,1997,1998,Unknown,True,False,False,https://en.wikipedia.org/wiki/Aleksandr_Rubel,"Aleksandr Andreevich Rubel(born 25 December 1980) is a Ukrainian-born Estonianserial killerconvicted of six murders inTallinn, Estonia. Sentenced as aminorto the maximum punishment allowed by law (eight years of imprisonment), he was released fromTartu Prisonon 8 June 2006. Although it has been speculated that Rubel currently lives in Ukraine, multiple sources have seen him back in Estonia with a changed name. Rubel, a solvent abuser, had huffedgasolinevapours before committing his crimes. On 19",Aleksandr Rubel,,7,"Rubel, a solvent abuser, had huffed gasoline vapours before committing his crimes. On 19 September 1997, Rubel killed Tõnu Põld (born 1952), a disabled neighbour. According to Rubel's testimony, he had the desire to kill anybody at that time, and had picked Põld as his first victim because he knew Põld could not mount a spirited defense. On 7 November 1997, Rubel's second victim, Aleksei Pavlov, was first stabbed four times by Rubel's father Andrei Rubel. According to his testimony, Pavlov had b",1997–1998,1.0,Estonia,,,25 December 1980,"age 45) Ukrainian SSR , Soviet Union",,,,,,,Categories; 1980 births; 1997 crimes in Estonia; 1997 murders in Europe; 1998 crimes in Estonia; 1998 murders in Europe; 1990s murders in Estonia; Estonian expatriates in Ukraine; Estonian people of Ukrainian descent; Estonian people convicted of murder; Estonian serial killers; Living people; People convicted of murder by Estonia; People from Tallinn,2026-09-27 09:57:07
Céline Lesage,6.0,,,Low (5-14),France,2000,2007,Female,True,False,False,https://en.wikipedia.org/wiki/Céline_Lesage,"Céline Lesage(born 1971) is a French woman found guilty in 2010 of murdering six of her newborn babies between 2000 and 2007.She suffocated four and strangled two.On October 19, 2007, a new boyfriend, Luc Margueritte, found the six bodies in the basement of the apartment he and Lesage were sharing.She was sentenced to 15 years in prison for the murders. Thiscrime-related article is astub. You can help Wikipedia byadding missing information.",Céline Lesage,,6,,2000–2007,7.0,France,,,,France,,,,,,,Categories; 1971 births; Perpetrators of filicide; 21st-century French murderers; French female serial killers; French serial killers; French people convicted of murder; Living people; People convicted of murder by France; Crime stubs,2026-09-27 09:57:10
Filiberto Hernández Martínez,6.0,,,Low (5-14),Mexico,2010,2014,Unknown,True,False,False,https://en.wikipedia.org/wiki/Filiberto_Hernández_Martínez,"Filiberto Hernández Martínez(born 1971) was aMexicanserial killeractive between 2010 and 2013.His crimes took place inTamuín, in the south ofSan Luis Potosí, where he allegedly murdered four children and a woman,before anotherfemicidewas attributed to him. In 1971, Filiberto Hernández was born alongside 3 brothers and 2 sisters inEbano, San Luis Potosí, to an impoverished family. According to his father, Marcelino Hernández, he was a normal boy, had worked from a young age, only studied to a hig",Filiberto Hernández Martínez,The Tamuin Monster; the Beast Tamuin; or; the Tamuin Strangler,6,,2010–2014,4.0,Mexico,,,,"Ebano , San Luis Potosi , Mexico",,,,,,,Categories; 1971 births; Living people; Mexican murderers of children; Mexican people convicted of murder; Mexican rapists; Mexican serial killers; People convicted of murder by Mexico; People from San Luis Potosí,2026-09-27 09:57:12
Zodiac Killer,,,,Very Low (<5),United States,1968,1969,Unknown,True,False,False,https://en.wikipedia.org/wiki/Zodiac_Killer,"TheZodiac Killer(also known by thepseudonymThe Zodiac) is an unidentifiedserial killerwho murdered at least five people in theSan Francisco Bay Areabetween December 1968 and October 1969. The Zodiac attacked three couples and a cab driver inBenicia,Vallejo, unincorporatedNapa County, and thecity of San Francisco.Two of the Zodiac's seven victims survived. In a series of letters mailed to Bay Area newspapers, the Zodiac took credit for the murders, described details known only to police, threaten",Zodiac Killer,,0,"Police and investigators concur The Zodiac attacked seven people on four occasions in California . Five victims died; two survived: [ 3 ] David Arthur Faraday (17) and Betty Lou Jensen (16) were shot and killed on December 20, 1968, on Lake Herman Road in Benicia . Michael Renault Mageau (19) and Darlene Elizabeth Ferrin (22) were shot around midnight between July 4 and 5, 1969, in the parking lot of Blue Rock Springs Park in Vallejo . Mageau survived the attack; Ferrin died at Kaiser Foundation",1968–1969,1.0,United States,San Francisco Bay Area Napa Valley,,,,,,,Unidentified,Unidentified,Weapon(s): 9 mm pistol (2 different weapons) .22 caliber pistol 10–12-inch knife [ 1 ],"Categories; Zodiac Killer; 20th-century American letter writers; 20th-century pseudonymous writers; 20th-century American murderers; American cryptographers; American murderers of children; American robbers; Crimes adapted into films; History of Napa County, California; Modern cryptographers; Murder in Riverside County, California; Murder in the San Francisco Bay Area; Nicknames in crime; Serial killer epithets; Serial killers from the San Francisco Bay Area; Undeciphered historical codes and ciphers; Unidentified American serial killers; Unsolved murders in California; Vallejo, California",2026-09-27 09:57:15
Carl Panzram,,,,Very Low (<5),United States,1903,1930,Unknown,True,False,False,https://en.wikipedia.org/wiki/Carl_Panzram,"Charles""Carl""Panzram(June 28, 1891– September 5, 1930) was an Americanrapist,serial killer, andhabitual offender. In prison confessions and in his autobiography, Panzram confessed to having murdered twenty-one boys and men, only five of which could be corroborated. He is suspected of having killed more than a hundred boys and men in the United States alone, and several more inPortuguese Angola. Panzram also confessed to having committed more than a thousand acts ofrapeagainst males of all ages. ",Carl Panzram,Jefferson Baldwin Cooper John II Harry Panzram Jack Allen Jefferson Davis Jefferson Rhodes John King John O'Leary John Ape Teddy Bedard,0,"In the summer of 1906, Panzram was arrested for burglary in Butte, Montana , and sentenced to one year's imprisonment at Montana State Reform School in Miles City . He later claimed that after a guard named Bushart punished him, Panzram assaulted and critically injured him with a wooden board. As punishment, Panzram had to spend some time in solitary confinement . In 1907, Panzram and a safecracker, James Benson, escaped from Montana State Reform School and stole guns in Terry, Montana . In the ",1899; 1903–1930,27.0,United States,United States : Minnesota; Montana; Kansas; California; Texas; Oregon; Idaho; New York; Washington; D.C.; Rhode Island; Connecticut; Maryland; Philadelphia Portuguese Angola : Luanda Province,,"June 28, 1891","near East Grand Forks, Minnesota , U.S.",1930-09-05,"5) (aged 39) USP Leavenworth , Kansas, U.S.",,Executed by hanging,Executed by hanging,,"Categories; 1891 births; 1930 deaths; 20th-century American memoirists; 20th-century executions by the United States federal government; 20th-century executions of American people; American arsonists; American autobiographers; American escapees; American male criminals; American murderers of children; American people convicted of assault; American people convicted of burglary; American people convicted of robbery; American people convicted of sodomy; American people convicted of theft; American people of Prussian descent; American rapists; Child sexual abuse in the United States; Escapees from Oregon detention; Executed American mass murderers; Executed American serial killers; Executed people from Minnesota; Inmates of Sing Sing; Inmates of United States Disciplinary Barracks; Nihilists; People convicted of murder by the United States federal government; People executed by the United States federal government by hanging; People from East Grand Forks, Minnesota; Rape of males in the United States; Serial killers from Kansas; Serial killers from Massachusetts; Serial killers from New York (state); Strikebreakers; Violence against men in Africa; Writers from Minnesota; American serial rapists",2026-09-27 09:57:18
Sean Lannon,5.0,16.0,5.0,Medium (15-29),United States,2021,,Unknown,True,False,False,https://en.wikipedia.org/wiki/Sean_Lannon,"Sean M. Lannon(born March 3, 1974) is an Americanserial killerwho killed at least five people in New Mexico and New Jersey, including his ex-wife, but has claimed to have killed 16. On March 5, 2021, the bodies of four people were found in a vehicle at theAlbuquerque International Sunportparking garage. They were identified as Jennifer Lannon (née Whitman), 39, who was Lannon's ex-wife, Matthew Miller, 21, Jesten Mata, 40, and Randall Apostalon, 60, three of whom were reported missing in January",Sean Lannon,,16,"On March 5, 2021, the bodies of four people were found in a vehicle at the Albuquerque International Sunport parking garage. They were identified as Jennifer Lannon (née Whitman), 39, who was Lannon's ex-wife, Matthew Miller, 21, Jesten Mata, 40, and Randall Apostalon, 60, three of whom were reported missing in January. [ 3 ] Three days later, 66-year-old Michael Dabkowski was found bludgeoned to death at his home in East Greenwich Township, New Jersey . Lannon was arrested two days later in Mis",January – March 2021,,United States,,,"March 3, 1974",age 52) [ 1 ],,,,,,,Categories; 1974 births; Living people; American people convicted of murder; People convicted of murder by New Jersey; People convicted of murder by New Mexico; Serial killers from New Jersey; Serial killers from New Mexico,2026-09-27 09:57:20
Stephen Akinmurele,5.0,7.0,,Low (5-14),United Kingdom,1995,1998,Unknown,True,False,False,https://en.wikipedia.org/wiki/Stephen_Akinmurele,"Stephen Oladimeji K. Akinmurele(16 March 1978 – 28 August 1999) was a Nigerian-Englishserial killerwho was charged with murdering five elderly people between 1995 and 1998. Initially, he was charged with the murder of an elderly couple, Eric Boardman and Joan Boardman. His third suspected crime was the murder of Jemimah Cargill. After Cargill, he was also charged with the murders of Dorothy Harris and Marjorie Ashton. Akinmurele was born inNigeriato a Nigerian father and a white British mother. ",Stephen Akinmurele,The Cul-De-Sac Killer,7,"The victims in the case were all senior citizens; the lead investigator in the case noted that Akinmurele had a ""pathological hatred"" of old people. He was dubbed the ""Cul-de-Sac Killer"" due to his choice of elderly victims living in quiet suburban streets. His first two known victims were Eric Boardman, 77, and his wife Joan Boardman, 74. Both were murdered at their home in Blackpool on 30 October 1998. One of their daughters discovered their bodies. Eric, who had been beaten to death, was foun",1995–1998,3.0,United Kingdom,,,16 March 1978,Nigeria [ 1 ],1999-08-28,"8) (aged 21) Manchester Prison , Manchester, England",,,,,Categories; 1978 births; 1999 suicides; 1999 deaths; 20th-century English criminals; Manx murderers; English people of Nigerian descent; English people who died in prison custody; English serial killers; History of Blackpool; Murder in Lancashire; Nigerian serial killers; Prisoners who died in England and Wales detention; Senicide; Serial killers who died by suicide in prison custody; Suicides by hanging in England; 20th-century British murderers; Male suicides; Male murderers,2026-09-27 09:57:22
Joe Metheny,2.0,13.0,,Low (5-14),United States,1976,1996,Unknown,True,False,False,https://en.wikipedia.org/wiki/Joe_Metheny,"Joseph Roy Metheny(March 2, 1955 – August 5, 2017) was an Americanmurdererandrapist, and suspectedserial killerfrom theBaltimore, Marylandarea. While he claimed to have killed 13 people, sufficient evidence was only found to convict him of two murders. Metheny's attorneys said his mother neglected her six children while she worked double shifts outside the home, that his father was analcoholicwho was killed in a car accident when Metheny was six, and that he suffered from depression.Metheny said",Joe Metheny,,13,"Metheny was given the ironic nickname ""Tiny"" in the 1990s, as he was 6 ft 1 in (185 cm) and very large. [ 1 ] [ 3 ] He spent much of his time drinking in bars and lived with groups of homeless men in makeshift camps in South Baltimore ; nearly all of his money was spent on crack cocaine , heroin , and liquor. [ 2 ] However, he held a steady job as a forklift driver and was described as intelligent, well-spoken, and very well-mannered [ 2 ] and as a ""practical joker"" who would brighten people's d",1976–1996,20.0,United States,,,"March 2, 1955","Baltimore , Maryland, U.S.",2017-08-05,"5) (aged 62) Western Correctional Institution , Cumberland, Maryland , U.S. [ 1 ]",,,,,Categories; 1955 births; 2017 deaths; American people convicted of kidnapping; American people convicted of murder; American people convicted of rape; American people who died in prison custody; American prisoners sentenced to death; Criminals from Baltimore; Prisoners sentenced to death by Maryland; Prisoners who died in Maryland detention; Serial killers from Maryland; Serial killers who died in prison custody,2026-09-27 09:57:24
Stephen A. Nash,5.0,11.0,,Low (5-14),United States,,,Unknown,True,False,False,https://en.wikipedia.org/wiki/Stephen_A._Nash,"Stephen A. Nash(1924 – August 21, 1959) was an Americanserial killerexecuted in California. Between 1955 and 1956, at varied locations inCalifornia, Nash claimed to have killed a total of 11 men and boys, all by stabbing. Police confirmed at least five victims through investigations. Nash's self-proclaimed motive(s) behind the murders were reportedlyout of thrilland for sexual gratification. Nash was found guilty and sentenced to death for two of the murders, and he was executed in thegas chambe",Stephen A. Nash,,11,"Between 1955 and 1956, Stephen Nash committed multiple murders across different locations in California . While the police were able to confirm at least five victims, Nash himself had confessed to murdering a total of 11 men and boys. [ 3 ] In December 1955, 23-year-old Santa Cruz resident William C. Burns encountered Nash, who battered him to death with a pipe in the hills of Hayward, California . Nash, who confessed to the killing, took off Burns's clothes and disposed of them at a ravine from",,,United States,,,1924,"24 ) New York , U.S.","August 21, 1959","aged 35) San Quentin State Prison , California, U.S.",,Executed in the gas chamber,Executed in the gas chamber,,Categories; 1924 births; 1959 deaths; 20th-century American criminals; 20th-century executions by California; 20th-century executions of American people; Executed American serial killers; Executed people from New York (state); People convicted of murder by California; People executed by California by gas chamber; Serial killers from New York (state); Violence against men in the United States; Incidents of violence against boys,2026-09-27 09:57:27
Michel Peiry,5.0,11.0,,Low (5-14),Switzerland,1981,1987,Unknown,True,False,False,https://en.wikipedia.org/wiki/Michel_Peiry,"Michel Peiry(born 28 February 1959), known asThe Sadist of Romont, is aSwissserial killerwho killed at least  5 people between 1981 and 1987. Described as the worst serial killer known in Switzerland since theSecond World War, 11 murders were attributed to him, all of them carried out in the same way: he would take young teenagehitchhikers, tie them up, violate or sexually abuse them, then finally kill them and burn the corpses afterwards. These crimes upset all of Switzerland for many months an",Michel Peiry,The Sadist of Romont,11,"The first crime attributed to Michel Peiry dates back to 1 September 1981, when the then 22-year-old travelled to the United States . There he met a young Canadian named Sylvestre, who soon disappeared without a trace. Peiry initially confessed to the murder, then retracted his claim, and finally reacknowledged it. Subsequently, he would go back and forth between confessions and retractions for all his other crimes. On 4 February 1984, Peiry murdered a young man named Frédéric in the Annecy regi",1981–1987,6.0,Switzerland; France; United States; Yugoslavia; Italy,,,28 February 1959,"age 67) Romont , Switzerland",,,,,,"Peiry corresponds perfectly to the typical portrait of an organized psychopath . Despite having an unhappy childhood and a violent father, he managed to lead a normal life, and was appreciated by everybody in his social life and work. However, behind the ""mask of normality"", he was tortured, first by his repressed homosexuality , then by violent fantasies, which he acquired early. By his own admission, he discovered his sexuality through a review of bondage : in his mind, sexuality and violence became inseparable. In France, he is often compared with Pierre Chanal, as there were similarities. [ 1 ]",Categories; 1959 births; Swiss gay men; Living people; People from the canton of Fribourg; People with antisocial personality disorder; Swiss people convicted of murder; Swiss serial killers; Violence against men in Europe,2026-09-27 09:57:30
Hubert Pilčík,5.0,1.0,,Low (5-14),Czechoslovakia,1948,1951,Unknown,True,False,False,https://en.wikipedia.org/wiki/Hubert_Pilčík,"Hubert Pilčík(14 October 1891 – 9 September 1951) was a Czechserial killer. After the Second World War, Pilčík started smuggling people across the border fromCzechoslovakiaintoWest Germany. He started killing his customers in 1948, when he was in his fifties. After his capture, Pilčík killed himself in a prison inPlzeň. He was accused of five murders, although the exact number of his victims is unknown.It is possible he killed tens of people. Hubert Pilčík was born on 14 October 1891 inNový Hroz",Hubert Pilčík,,5,,1948–1951,3.0,Czechoslovakia,,,14 October 1891,"Nový Hrozenkov , Bohemia , Austria-Hungary",1951-09-09,"9) (aged 59) Plzeň , Czechoslovakia",,,,,Categories; 1891 births; 1951 deaths; 1951 suicides; Czech serial killers; Czech rapists; Czech kidnappers; Czechoslovak serial killers; People from Vsetín District; Prisoners who died in Czechoslovak detention; Serial killers who died by suicide in prison custody; Suicides by hanging in Czechoslovakia; Male suicides,2026-09-27 09:57:32
Melvin Rees,5.0,9.0,,Low (5-14),United States,1957,1959,Unknown,True,False,False,https://en.wikipedia.org/wiki/Melvin_Rees,"Melvin David Rees(1928 – October 26, 1995) was an Americanserial killerwho committed five murders inVirginiaandMarylandbetween 1957 and 1959.He murdered andsexually assaulted(in that order) Margaret Harold, the girlfriend of US Army soldier Sgt. Roy D. Hudson,during a highway encounter nearAnnapolis. Two years later, he tortured and murdered the four members of the Jackson family nearFredericksburg, Virginia.After his conviction for the killings, Rees confessed to two other murders, and authorit",Melvin Rees,The Sex Beast,9,,26 June 1957 – 11 January 1959,2.0,United States,,,,,"July 10, 1995","aged 66) MCFP Springfield , Springfield, Missouri , U.S.",,,,,Categories; 1928 births; 1995 deaths; 20th-century American murderers; American mass murderers; American murderers of children; American people convicted of murder; American people convicted of kidnapping; American people who died in prison custody; American prisoners sentenced to death; American prisoners sentenced to life imprisonment; American rapists; Criminals from Maryland; Family murders in the United States; Necrophiles; People convicted of murder by Maryland; People convicted of murder by Virginia; People convicted of murder under the Federal Kidnapping Act; People with schizophrenia; Prisoners sentenced to death by Virginia; Prisoners sentenced to life imprisonment by Maryland; Prisoners sentenced to life imprisonment by the United States federal government; Prisoners who died in United States federal government detention; Serial killers from Maryland; Serial killers from Virginia; Serial killers who died in prison custody; Male murderers,2026-09-27 09:57:35
David Maust,5.0,,,Low (5-14),Germany,1974,2003,Unknown,True,False,False,https://en.wikipedia.org/wiki/David_Maust,"David Edward Maust(April 5, 1954 – January 20, 2006) wasan Americanserial killerwho targeted predominantly male teenagers. His murders occurred in Germany and the United States. In 1984, he was sentenced to 35 years in prison; he was released under probation in June 1999. Once released and off of probation he continued murdering, leading to his final arrest and sentencing to three life terms without the possibility of parole. In January 2006, about a month after his last sentencing, Maust killed",David Maust,Crazy Dave,5,"In 1974, while stationed in Germany, Maust killed a 13-year-old boy, James McClister, [ 3 ] the child of American expatriates, and was court-martialed and convicted of involuntary manslaughter and larceny (he claimed that the boy's death was the result of an accident on a moped which he had stolen.) He was sentenced to four years of prison at Fort Leavenworth . Maust requested not to be paroled, but was nevertheless released in 1977. In 1979, in his apartment in Chicago, Maust stabbed a friend w","1974 – September 10, 2003",29.0,Germany; United States,,,"April 5, 1954","Connellsville, Pennsylvania , U.S.",2006-01-20,"0) (aged 51) Crown Point, Indiana , U.S.",,,,,"Categories; 1954 births; 2006 deaths; 20th-century American LGBTQ people; 20th-century American murderers; 21st-century American LGBTQ people; 21st-century American murderers; American gay men; American murderers of children; American people convicted of murder; American people convicted of manslaughter; American people who died in prison custody; American rapists; Inmates of United States Disciplinary Barracks; LGBTQ people from Pennsylvania; People convicted of murder by Indiana; People extradited within the United States; People convicted by United States military courts; People from Connellsville, Pennsylvania; Prisoners sentenced to life imprisonment by Indiana; Prisoners who died in Indiana detention; Serial killers from Illinois; Serial killers from Indiana; Serial killers from Texas; Serial killers who died by suicide in prison custody; Suicides by hanging in Indiana; United States Army personnel who were court-martialed; Violence against men in Germany; Violence against men in the United States; Male murderers",2026-09-27 09:57:38
William Patrick Fyfe,5.0,9.0,,Low (5-14),Canada,1979,1999,Unknown,True,False,False,https://en.wikipedia.org/wiki/William_Patrick_Fyfe,"William Patrick Fyfe(born February 27, 1955) is a Canadianserial killerconvicted of killing five women in theMontrealarea ofQuebec, although he claims to have killed four others. He allegedly killed his first victim in 1979 at the age of 24. Billy Fyfe was born inToronto,Ontario. He was raised by an aunt and in 1958 moved from central Canada to  theParc Extensionarea ofMontreal. He lived as a normal child, although friends did have suspicions about the boy as he grew up.[citation needed]As an ad",William Patrick Fyfe,The Killer Handyman,9,"DNA evidence on the door frame at Mary Glen's house led police to charge Fyfe for the murders. The Ontario Provincial Police (OPP) arrested him on 22 December 1999, while he was returning to his pick-up truck after eating at a Husky Truck Stop near Barrie, Ontario. He has confessed to only a portion of the crimes that he is suspected of committing. [ citation needed ] Fyfe's preliminary hearing began on 6 November 2000. Jean Lecours was the crown prosecutor heading up the case against Fyfe. He i",17 October 1979 – 15 December 1999,20.0,Canada,,,"February 27, 1955","age 71) Toronto , Ontario , Canada",,,,,,,Categories; 1955 births; Canadian people convicted of murder; Canadian people of Scottish descent; Canadian prisoners sentenced to life imprisonment; Canadian rapists; Canadian serial killers; Living people; People convicted of murder by Canada; Criminals from Toronto; Prisoners sentenced to life imprisonment by Canada; Violence against women in Canada,2026-09-27 09:57:42
Willem van Eijk,5.0,8.0,,Low (5-14),Kingdom of the Netherlands,1971,2001,Unknown,True,False,False,https://en.wikipedia.org/wiki/Willem_van_Eijk,"Willem van Eijk(13 August 1941 – 19 June 2019) was a convictedDutchserial killerknown as""Het Beest van Harkstede""(The Beast ofHarkstede). He was convicted twice for a total of five murders. Willem van Eijk was born in 1941 in the small village ofKorteraar,South Holland, then under theGerman occupation of the Netherlands. He grew up in a working-class family. His parents had a lot of kids (8 including Willem), which wasn't unusual at the time.During his time at an elementary school inTer Aar, he ",Willem van Eijk,,8,"Cora Mantel – In 1971 he picked up the 15-year-old Cora Mantel from Uithoorn . Having missed her bus ride home after meeting with her boyfriend in Amsterdam , van Eijk found her hitchhiking. He strangled her with her own shawl and raped her, before dumping her body in a ditch near Uithoorn. Later on, he would explain he felt regretful about his actions because 'she had only lived for such a short period of time,' 'but, I finally had my chance and I took it'. He said, giving more light to his int",1971–2001,30.0,Kingdom of the Netherlands,,,13 August 1941,Korteraar ( Nieuwkoop ),2019-06-19,"9) (aged 77) Vught , Netherlands",,,,,Categories; 1941 births; 2019 deaths; 20th-century Dutch criminals; 21st-century Dutch criminals; Dutch people convicted of murder; Dutch prisoners sentenced to life imprisonment; Dutch rapists; Dutch serial killers; People convicted of murder by the Netherlands; People from Nieuwkoop; Prisoners sentenced to life imprisonment by the Netherlands; Serial killers who died in prison custody; Violence against women in the Netherlands,2026-09-27 09:57:44
Danny Rolling,8.0,,,Low (5-14),United States,1989,1990,Unknown,True,False,False,https://en.wikipedia.org/wiki/Danny_Rolling,"Daniel Harold Rolling(May 26, 1954 – October 25, 2006), known as theGainesville Ripper, was an Americanspree killerwho murdered five college students inGainesville, Florida, over four days in August 1990. Danny Rolling recorded himself playing guitar and singing acoustic songs he had written himself in a motel room inSarasota, Floridaon August 4, 1990, before committing the murders. The recording, which includes 11 demo songs, also features notes about his family and songs such as ""Mystery Rider",Danny Rolling,The Gainesville Ripper Michael Kennedy Jr.,8,"In August 1990, Rolling murdered five students (one student from Santa Fe College and four from the University of Florida ) during a burglary and robbery spree in Gainesville, Florida . He mutilated his victims' bodies, decapitating one. He then posed them, sometimes using mirrors. Louisiana police alerted Florida authorities to an unsolved triple murder in Shreveport on November 4, 1989. Detectives noted similarities between the Gainesville murders and those of 55-year-old William Grissom, his ",1989–1990,1.0,United States,,,"May 26, 1954","Shreveport, Louisiana , U.S.",2006-10-25,"5) (aged 52) Florida State Prison , U.S.",,Executed by lethal injection,Executed by lethal injection,,"Categories; 1954 births; 1989 murders in the United States; 1990 murders in the United States; 2006 deaths; 20th-century American murderers; 21st-century executions by Florida; 21st-century executions of American people; American male criminals; American murderers of children; American rapists; Crime in Florida; Executed American serial killers; Executed people from Louisiana; Family murders in the United States; Necrophiles; People convicted of murder by Florida; People executed by Florida by lethal injection; People from Shreveport, Louisiana; People with antisocial personality disorder; People with borderline personality disorder; Serial killers from Florida; Serial killers from Louisiana; Violence against women in Florida; Male murderers",2026-09-27 09:57:46
Allan Joseph Legere,7.0,2.0,,Low (5-14),Canada,1986,1989,Unknown,True,False,False,https://en.wikipedia.org/wiki/Allan_Legere,"Allan Joseph Legere(February 13, 1948 – March 9, 2026), known as theMonster of the Miramichi, was a Canadianrapist,arsonist, andserial killer. In 1986, he participated in ahome invasionagainst an elderly couple that ended with the death of the husband and the sexual assault of the wife, for which he was sentenced to prison. In 1989, he escaped custody while receiving medical treatment and attacked people over the course of months, killing four of them. He was recaptured and convicted of the subs",Allan Legere,Monster of the Miramichi,7,"On the evening of June 21, 1986, Legere and two accomplices, Todd Matchett and Scott Curtis, robbed a home in Black River Bridge, New Brunswick . [ 3 ] After cutting the power, the trio broke into the building where they were met by the owners, an elderly couple, John and Mary Glendenning. The couple was severely beaten and Mary was sexually assaulted . The trio then fled the scene. Mary Glendenning regained consciousness and discovered that her husband had been beaten to death; she crawled up t","June 21, 1986 – November 24, 1989",3.0,Canada,New Brunswick,,"February 13, 1948","Chatham, New Brunswick , Canada",2026-03-09,"9) (aged 78) Edmonton, Alberta , Canada",,,,,"Categories; 1948 births; 2026 deaths; Murder in New Brunswick; Canadian arsonists; Canadian escapees; Canadian male criminals; Canadian people convicted of murder; Canadian prisoners sentenced to life imprisonment; Canadian rapists; Canadian serial killers; 20th-century Canadian murderers; Escapees from Canadian detention; Fugitives; People convicted of murder by Canada; People convicted using DNA evidence; People from Miramichi, New Brunswick; Prisoners sentenced to life imprisonment by Canada; Canadian people who died in prison custody; Male murderers",2026-09-27 09:57:48
Joseph E. Duncan III,5.0,8.0,3.0,Low (5-14),United States,1978,2005,Unknown,True,False,False,https://en.wikipedia.org/wiki/Joseph_E._Duncan_III,"Joseph Edward Duncan III(February 25, 1963 – March 28, 2021)was an American convictedserial killerandchild molesterwho was ondeath rowin federal prison following the 2005 kidnappings and murders of members of the Groene family ofCoeur d'Alene, Idaho. He was also serving 11 consecutive sentences oflife without parolefor the 1997 murder of Anthony Martinez ofBeaumont, California.Additionally, he confessed to—but had not been charged with—the 1996 murder of two girls, Sammiejo White and Carmen Cubi",Joseph E. Duncan III,Jet Jazzi Jet,8,"On May 16, 2005, authorities discovered the bodies of Brenda Groene, 40; her boyfriend, Mark McKenzie, 37; and her son, Slade Groene, 13, [ 17 ] in their home along Lake Coeur d'Alene , outside the city of Coeur d'Alene , Idaho . [ 18 ] Two of Brenda's other children – Dylan, 9, [ 19 ] and Shasta, 8 [ 20 ] – were missing. An Amber alert was issued and searchers combed the area for the missing children while authorities investigated the deaths at the home as homicides. [ 18 ] Autopsies determined","1978 – July 2, 2005 (confirmed)",27.0,United States,,,"February 25, 1963","Fort Bragg, North Carolina , U.S.",2021-03-28,"8) (aged 58) USP Terre Haute , Terre Haute, Indiana , U.S.",,Died in prison,Died in prison,,"Categories; 1963 births; 2000s kidnappings in the United States; 2021 deaths; 20th-century American criminals; 21st-century American murderers; American bloggers; American murderers of children; American people convicted of murder; American people convicted of kidnapping; American people convicted of rape; American people convicted of child sexual abuse; American people who died in prison custody; American prisoners sentenced to death; American prisoners sentenced to life imprisonment; Criminals from Tacoma, Washington; Deaths from brain cancer in the United States; Deaths from glioblastoma; Family murders in the United States; Inmates of ADX Florence; Murder in Riverside County, California; People convicted of illegal possession of weapons; People convicted of murder by California; People convicted of murder by Idaho; People convicted of murder under the Federal Kidnapping Act; People extradited within the United States; People with antisocial personality disorder; People with sexual sadism disorder; Prisoners sentenced to death by the United States federal government; Prisoners sentenced to life imprisonment by California; Prisoners sentenced to life imprisonment by Idaho; Prisoners who died in United States federal government detention; Serial killers from California; Serial killers from Idaho; Serial killers from Washington (state); Serial killers who died in prison custody",2026-09-27 09:57:51
Vincent Johnson,5.0,6.0,,Low (5-14),United States,1999,2000,Unknown,True,False,False,https://en.wikipedia.org/wiki/Vincent_Johnson,"Vincent Johnson(born January 6, 1969) is an Americanserial killerpopularly known asThe Brooklyn Strangler. Between the summers of 1999 and 2000, a series of murders ofprostitutesin theWilliamsburgandBedford-Stuyvesantneighborhoods ofBrooklynled police to arrest a Brooklynhomelessman, one of roughly 30 known associates ofsex workersin the area detained for questioning, on suspicion of the murders. However,DNAtesting definitively excluded the man as the killer. After he was cleared as a suspect, t",Vincent Johnson,The Brooklyn Strangler; The Williamsburg Strangler,6,,"August 26, 1999 – June 7, 2000",1.0,United States,,,"January 6, 1969","age 57) Brooklyn , New York , U.S.",,,,,,,Categories; 1969 births; American people convicted of murder; American prisoners sentenced to life imprisonment; Crimes against sex workers in the United States; Criminals from Brooklyn; Living people; People convicted of murder by New York (state); Prisoners sentenced to life imprisonment by New York (state); Serial killers from New York City,2026-09-27 09:57:54
Vinko Pintarić,5.0,,,Low (5-14),Yugoslavia,1973,1990,Unknown,True,False,True,https://en.wikipedia.org/wiki/Vinko_Pintarić,"Vinko Pintarić(3 April 1941– 25 May 1991) was aCroatianserial killerand outlaw who murdered five people over the course of 17 years and escaped from prisons and police stakeouts on multiple occasions. His violent, vindictive nature and proficiency with firearms struck fear into inhabitants ofHrvatsko Zagorje, a region of northern Croatia where he spent years at large, hiding from law enforcement and engaging in various crimes, until his 1991 death in a shootout with the police. Protracted media ",Vinko Pintarić,,5,"Pintarić committed his first murder on 26 April 1973. On that day, he applied for a job in a local factory but was rejected. Disappointed over his repeated failures to secure a job in the factory and suspecting undue influence of his brothers-in-law, who were already employed there, he went to a local inn and drank heavily. On his way home, he got into a quarrel and physical confrontation with his neighbours. Pintarić went to his home to get a pistol, shot the neighbour dead, and wounded his nei",1973–1990,17.0,Yugoslavia,,,3 April 1941,"Zrinski Topolovac , Banovina of Croatia , Kingdom of Yugoslavia",1991-05-25,"5) (aged 50) Veliko Trgovišće , SR Croatia , SFR Yugoslavia",,,,,Categories; 1941 births; 1991 deaths; Croatian people convicted of murder; Croatian prisoners sentenced to death; Croatian serial killers; Escapees from Yugoslav detention; People convicted of murder by Yugoslavia; People from Zrinski Topolovac; People shot dead by law enforcement officers in Yugoslavia; Prisoners sentenced to death by Yugoslavia; Perpetrators of uxoricide; Yugoslav escapees; Yugoslav people convicted of murder; Yugoslav prisoners sentenced to death,2026-09-27 09:57:57
Thomas Dillon,5.0,,,Low (5-14),U.S.,1989,1992,Unknown,True,False,False,https://en.wikipedia.org/wiki/Thomas_Dillon,"Thomas Lee Dillon(July 9, 1950– October 21, 2011) was an Americanserial killerwho shot and killed at least five men in southeasternOhio, beginning April 1, 1989, and continuing until April 1992.He was nicknamed ""Killer"" for boasting about shooting hundreds of animals. Dillon was born inCanton, Ohioand was a resident of nearbyMagnolia. He had a wife and son and was employed for twelve years as adraftsmanat theCanton OhioWaterworks. He graduated in 1972 fromOhio State Universityin journalism. Betw",Thomas Dillon,Ohio Outdoorsman Killer,5,"Dillon was born in Canton, Ohio and was a resident of nearby Magnolia . He had a wife and son and was employed for twelve years as a draftsman at the Canton Ohio Waterworks. He graduated in 1972 from Ohio State University in journalism. [ 5 ] Between the period of April 1, 1989 to April 5, 1992, Dillon shot and killed five people in Ohio. His fourth victim, Claude Hawkins, was shot on federal property and was the reason the FBI stepped in to join the investigation along with officers from the ot","April 1, 1989 – April 5, 1992",3.0,U.S.,,,"July 9, 1950","Canton, Ohio , U.S.",2011-10-21,"1) (aged 61) Columbus, Ohio , U.S.",,,,Weapon(s): .308 Mauser rifle 6.5×55mm Swedish Mauser Rifle,"Categories; 1950 births; 1989 murders in the United States; 2011 deaths; American criminal snipers; American male criminals; American people convicted of murder; American people who died in prison custody; American prisoners sentenced to life imprisonment; People convicted of murder by Ohio; People from Canton, Ohio; People from Magnolia, Ohio; Prisoners sentenced to life imprisonment by Ohio; Prisoners who died in Ohio detention; Serial killers from Ohio; Serial killers who died in prison custody; Violence against men in the United States; 20th-century American murderers; Male murderers",2026-09-27 09:58:00
Marc Dutroux,4.0,11.0,,Low (5-14),Belgium,,,Unknown,True,False,False,https://en.wikipedia.org/wiki/Marc_Dutroux,"Marc Paul Alain Dutroux(French:[maʁkpɔlalɛ̃dytʁu]; born 6 November 1956) is a Belgian convictedserial killer,serial rapist, andserial child molester. Initially convicted for theabductionandrapeof five young girls in 1989, Dutroux was released onparoleafter just three years' imprisonment.He was arrested again in 1996 on suspicion of having abducted,tortured, andsexually abusedsix girls aged between 8 and 19, four of whom were killed. Dutroux's widely publicized trial ended with his conviction on ",Marc Dutroux,,11,"On 24 June 1995, eight-year-old classmates Julie Lejeune and Mélissa Russo were kidnapped after going for a walk in Grâce-Hollogne , probably by Dutroux, [ 16 ] and taken to his house in Marcinelle . Dutroux kept them imprisoned in the dungeon he had created, repeatedly sexually abused them and produced child pornography videos of the abuse. Two months later, in the early hours of 23 August in Ostend , Dutroux and accomplice Michel Lelièvre kidnapped An Marchal and Eefje Lambrecks, two teenage g",,,Belgium,,,6 November 1956,"age 69) Ixelles , Brussels , Belgium",,,,Imprisoned ( solitary confinement ),Imprisoned ( solitary confinement ),,Categories; Marc Dutroux; 1956 births; Living people; 20th-century Belgian criminals; 20th-century murderers; Belgian escapees; Belgian murderers of children; Belgian people convicted of child sexual abuse; Belgian people convicted of kidnapping; Belgian people convicted of murder; Belgian prisoners sentenced to life imprisonment; Belgian rapists; Belgian serial killers; Drug dealers; People convicted of child pornography offenses; People convicted of murder by Belgium; People convicted of theft; People from Ixelles; People with antisocial personality disorder; Political scandals in Belgium; Prisoners sentenced to life imprisonment by Belgium; Scandals in Belgium; Walloon people; Serial rapists,2026-09-27 09:58:03
William Dathan Holbert,5.0,6.0,3.0,Low (5-14),Panama,,,Unknown,True,False,False,https://en.wikipedia.org/wiki/William_Dathan_Holbert,"William Dathan Holbert(born September 12, 1979), aliasWilliam Adolfo Cortezand nicknamed ""Wild Bill"", is an Americanserial killer/hitman. Originally fromNorth Carolina, he is currently serving a 47-year sentence for the killings of five Americans in Panama. Holbert was born on September 12, 1979, inSaluda, North Carolina. Living in the rural mountains of Western North Carolina, Holbert's family owned and managed a small apple orchard and cattle ranch. Holbert attended high school in the neighbor",William Dathan Holbert,William Adolfo Cortez [ 2 ],6,"Holbert and his partner (later wife), Laura Michelle Reese, were arrested by authorities as they attempted to make their way into Nicaragua from Costa Rica on July 26, 2010, calling themselves William and Jane Cortez. [ 8 ] [ 9 ] [ 10 ] [ 11 ] Prosecutors said that Holbert confessed to killing five American expatriates in Panama. Prosecutors say Holbert befriended the victims, shot them in the head, and then buried their bodies. [ 4 ] One of the victims was ""a career criminal with a hand in drug",,,Panama,,,"September 12, 1979","age 47) [ 1 ] Saluda, North Carolina , U.S.",,,,,,,"Categories; Living people; 1979 births; American expatriates in Panama; American people convicted of murder; American serial killers; American people imprisoned abroad; American white supremacists; People from Hendersonville, North Carolina; People convicted of murder by Panama",2026-09-27 09:58:06
Sek Kim Wah,,,,Very Low (<5),Singapore,,,Unknown,True,False,False,https://en.wikipedia.org/wiki/Sek_Kim_Wah,"TheAndrew Road triple murderwas a case of robbery turnedmurderin abungalowat Andrew Road,Singapore, in 1983. The robbery was committed by two young men,Sek Kim WahandNyu Kok Meng, armed with a rifle and knife. During the robbery, Sek murdered three of the five hostages while the Nyu protected the remaining two hostages from his partner. Eventually both were arrested, with Sek charged with murder andhangedwhile Nyu, who did not take part in the killings, receiving alife sentenceandcaningfor armed",Sek Kim Wah,,0,"Robert Tay Annie Low Jovita Virador Sek later returned with $7,000. After gagging the victims and taking Tay, Low, and Jovita into separate rooms, the robbers continued to ransack the house. Afraid of leaving behind witnesses, Sek secretly decided to murder all the hostages. He first used a raffia string to strangle Tay, before using a wooden stool to repeatedly bludgeon him until he was dead, fracturing his skull. He entered the master bedroom, where he strangled Jovita and Low, again using a w",,,Singapore,Andrew Road; Singapore,,,,,,,,,,Categories; 20th-century mass murders in Singapore; People murdered in Singapore; 1983 murders in Singapore; Capital murder cases; Malaysian people imprisoned abroad; Singaporean people convicted of murder; Life imprisonment in Singapore; 1983 mass murders,2026-09-27 09:58:09
Belize Ripper,5.0,,,Low (5-14),Belize,1998,2000,Unknown,True,False,False,https://en.wikipedia.org/wiki/Belize_Ripper,"TheBelize Ripperis an unidentifiedBelizeanserial killerresponsible for the abduction, rape, and murder of five girls inBelize Citybetween 1998 and 2000. Despite extensive investigation, aided by theFBIandScotland Yard, nobody was ever convicted of the murders, all of which remain unsolved. On September 8, 1998, 13-year-old Sherilee Nicholas, a fifth-grade student at Wesly Upper School in southern Belize City went missing while walking towards her school.The girl's whereabouts remained unclear un",Belize Ripper,Jack the Butcher,5,"On September 8, 1998, 13-year-old Sherilee Nicholas, a fifth-grade student at Wesly Upper School in southern Belize City went missing while walking towards her school. [ 2 ] The girl's whereabouts remained unclear until October 9, when her body was found in a pool of water near the George Price Highway . She had been stabbed more than 40 times in the head and chest, with one of her arms nearly cut off and face cut open. The body also showed signs of rape, but most ominously, Nicholas was found t",1998–2000,2.0,Belize,,,,,,,,,,,Categories; 1998 murders in North America; 1999 murders in North America; 1990s crimes in North America; 2000 murders in North America; 20th-century murderers; Belizean murderers of children; Belizean serial killers; 21st-century Belizean criminals; Stabbing attacks in North America; Fugitives; Murder in Belize; Unidentified serial killers; Unsolved murders in Belize; Male murderers,2026-09-27 09:58:11
Elroy Chester,5.0,5.0,5.0,Low (5-14),United States,1997,1998,Unknown,True,False,False,https://en.wikipedia.org/wiki/Elroy_Chester,"Elroy Chester(June 14, 1969 – June 12, 2013) was an Americanserial killer, rapist, and burglar who committed five murders inPort Arthur, Texas, between 1997 and 1998. During the six-month span of the killings, Chester was also responsible for a string of home invasions and sexual assaults in the same area. Chester was convicted and sentenced to death for one of the murders, and was executed in 2013. The execution was controversial as Chester's family and his defense argued that Chester wasintell",Elroy Chester,,5,"Five months after his parole release, between August 1997 and February 1998, Chester perpetrated at least 25 burglaries, five sexual assaults, and ten shootings in Port Arthur, Texas. [ 8 ] Chester confessed to the killing of five people [ 9 ] and four non-fatal shootings during this timeframe. In every case but one, the victims died in their homes during the night. [ 2 ] [ 7 ] During most home invasions, Chester disabled the telephone landlines, unscrewed outdoor security lights, and wore eithe","August 3, 1997 – February 6, 1998",1.0,United States,,,"June 14, 1969","Port Arthur, Texas , U.S.",2013-06-12,"2) (aged 43) Huntsville Unit , Texas, U.S.",,Executed by lethal injection,Executed by lethal injection,Weapon(s): Lorcin .380 Auto pistol .22 caliber pistol,"Categories; 1969 births; 2013 deaths; 1998 murders in the United States; 21st-century executions by Texas; 21st-century executions of American people; American rapists; People from Port Arthur, Texas; American people convicted of burglary; American people with disabilities; Executed African-American people; 20th-century American murderers; American male criminals; Executed American serial killers; People convicted of murder by Texas; People executed by Texas by lethal injection; People with intellectual disabilities; Racially motivated violence against white Americans in Texas; Serial killers from Texas; Male murderers",2026-09-27 09:58:14
Elisabeth Wiese,5.0,,,Low (5-14),,1902,1903,Female,True,False,False,https://en.wikipedia.org/wiki/Elisabeth_Wiese,"Elisabeth Wiese(1 July 1853 – 2 February 1905) was a Germanserial killerfromHamburg, convicted and executed for the killing of five children. As a young woman, she worked as amidwife. She already had a daughter, Paula, when she married the tradesman Heinrich Wiese. After being convicted of carrying out illegal abortions she was prevented from carrying out her profession, and money grew scarce. Tensions grew between herself and her husband. She tried to murder him on several occasions, firstly by",Elisabeth Wiese,The angel-maker of St. Pauli,5,"Upon release from prison, she offered her services as a child-carer to women who could not raise their children themselves, or who had illegitimate children. Initially, she charged the mothers a one-time fee for handing the children over to adoptive parents, who in turn had to be paid. However, she did not always pay the adoptive parents, who returned the children to her, so they had to be gotten rid of. She then informed the mothers of babies left in her care that she had had the babies adopted",1902–1903,1.0,,,,1 July 1853,"Bilshausen , Kingdom of Hanover",1905-02-02,"2) (aged 51) Hamburg , German Empire",,Executed by guillotine,Executed by guillotine,,Categories; 1853 births; 1905 deaths; 20th-century executions by Germany; Executed female serial killers; Executed German serial killers; Executed German women; Executed people from Lower Saxony; German female serial killers; 19th-century German murderers; German serial killers; German fraudsters; German midwives; German murderers of children; People convicted of fraud; People convicted of murder by Germany; People executed by Germany by guillotine; People executed by the German Empire; People from Göttingen (district); Poisoners,2026-09-27 09:58:16
Phantom Killer,8.0,,,Low (5-14),United States,,,Unknown,True,False,False,https://en.wikipedia.org/wiki/Phantom_Killer,"TheTexarkana Moonlight Murders, a term coined by the contemporary press, was a series of four unsolvedserial murdersand related violent crimes committed in theTexarkanaregion of the United States in early 1946. They were attributed to an alleged unidentified perpetrator known as thePhantom of Texarkana, thePhantom Killer, or thePhantom Slayer.This hypothetical suspect is credited with attacking eight people, five of them fatally, in a ten-week period. The attacks occurred at night on weekends be",Phantom Killer,,8,"The Texarkana Moonlight Murders consisted of four violent attacks which occurred over ten weeks from February to May 1946. The murders occurred in and around Texarkana , twin cities at the border of Miller County , Arkansas , and Bowie County , Texas . All four attacks targeted couples in isolated locations, on weekend nights. The attacks took place at intervals of three to four weeks. Investigators speculated that the attacks were the work of an unidentified serial killer. Over time, there have",,,United States,Miller County; Arkansas; and Bowie County; Texas; U.S.,,,,,,,,,"The modus operandi established for the killer was that he attacked young couples in empty or private areas just outside city limits using a .32 caliber gun. Although the caliber used in the Starks murder was a .22, a .32 was still believed by the majority of lawmen to have been used by the Phantom. He always attacked late at night on weekends, with cooling off periods of about three weeks between attacks.",Categories; 1946 in Arkansas; 1946 in Texas; 1946 murders in the United States; American murderers of children; Deaths by firearm in Texas; Fugitives; Serial killers from Arkansas; Serial killers from Texas; Serial murders in the United States; Texarkana metropolitan area; Unidentified American serial killers; Unsolved murders in Arkansas; Unsolved murders in Texas,2026-09-27 09:58:20
San Mateo slasher,5.0,,,Low (5-14),United States,1976,,Unknown,True,False,False,https://en.wikipedia.org/wiki/Gypsy_Hill_killings,"TheGypsy Hill killingswere a group of fivehomicidesof young women and girls inSan Mateo County, California, during early 1976. The killer became known in the media as the ""San Mateo Slasher."" It was later proven that there were at least two different perpetrators withRodney Halbowerconvicted of the murders of Baxter, Cascio and Michelle Mitchell and Leon Seymour being convicted in the sole murder of Lampe.It is believed Blackwell and Booth were killed by Halbower, but there's no evidence yet to ",Gypsy Hill killings,The San Mateo Slasher,5,"On January 8, 1976, the body of 18-year-old Veronica Cascio was discovered in a creek on the grounds of the Sharp Park Golf Course in Pacifica . She had been stabbed 30 times. [ 3 ] A transient was arrested but was released for lack of evidence. [ 4 ] A few weeks later, 14-year-old Tatiana Blackwell was reported missing after leaving her home in Pacifica to run an errand. A body, later identified as hers, was discovered off Sharp Park Road in the Gypsy Hills section of the city on June 6. [ 5 ] ",January – March 1976,,United States,San Mateo County,,,,,,,,,Weapon(s): Knives,Categories; 1976 in California; 1976 murders in the United States; American murder victims; 1970s crimes in California; Female murder victims; Fugitives; Violence against women in California; Incidents of violence against women; Murder in the San Francisco Bay Area; Child murder in California; Serial killers from California; Serial murders in the United States; Sexual violence in the United States; Unidentified American serial killers; Unsolved murders in California,2026-09-27 09:58:22
Honolulu Strangler,5.0,,,Low (5-14),United States,1985,1986,Unknown,True,False,False,https://en.wikipedia.org/wiki/Honolulu_Strangler,"TheHonolulu Strangler, also known as TheHonolulu Rapist, is the nickname given to an unidentifiedserial killerwho is believed to have killed five women inHawaiifrom 1985 and 1986.He is the second known serial killer active in the state (afterEugene Barrett). The first victim was Vicki Gail Purdy,age 25, a military spouse of Gary Purdy, an army helicopter pilot. She had left to goclubbinginWaikīkīon May 29, 1985, but failed to meet her friends. She was last seen by the taxi driver who drove her t",Honolulu Strangler,The Honolulu Rapist,5,,May 1985 – April 1986,1.0,United States,,,,,,,,,,,Categories; 1985 in Hawaii; 1985 murders in the United States; 1986 in Hawaii; 1986 murders in the United States; American murderers of children; Deaths by strangulation in the United States; History of women in Hawaii; Serial killers from Hawaii; Unidentified American rapists; Unidentified American serial killers; Unsolved murders in Hawaii; 20th-century American murderers; Male murderers,2026-09-27 09:58:25
Anthony Kirkland,5.0,,,Low (5-14),United States,1987,2009,Unknown,True,False,False,https://en.wikipedia.org/wiki/Anthony_Kirkland,"Anthony Wayne Kirkland(born September 13, 1968)is an Americanserial killer. Between 2006 and 2009, Kirkland murdered two women and two girls in theCincinnatiarea, following a 16-year prison term for the 1987 killing of his girlfriend. Kirkland was born in Cincinnati, Ohio, on September 13, 1968, to Carol Yvonne Kirkland, an unwed 17-year-old mother. Hisbirth certificatelists his biological father as Donald Pettijohn.When Kirkland was 18, his mother married Clarence Spencer. His defense attorneys",Anthony Kirkland,,5,"On May 20, 1987, Kirkland raped and murdered his girlfriend, Leola Douglas, after she refused to have sex with him. [ 5 ] He then set her body on fire to conceal evidence of the rape. [ 6 ] Kirkland pleaded guilty to voluntary manslaughter and was sentenced to 10 to 25 years in prison. Kirkland obtained his GED and an associate degree in prison. However, he had multiple infractions in prison. Between 1998 and 2003, Kirkland was placed in solitary confinement 21 times for ""disciplinary control."" ",1987–2009,22.0,United States,,,"September 13, 1968","age 58) Cincinnati , Ohio , U.S.",,,,,,,Categories; 1968 births; 20th-century American criminals; 21st-century American murderers; American male criminals; American murderers of children; American people convicted of murder; American people convicted of rape; American people convicted of attempted rape; American people convicted of child sexual abuse; American prisoners sentenced to death; Living people; People convicted of murder by Ohio; Prisoners sentenced to death by Ohio; Serial killers from Ohio; Violence against African-American women in Ohio; Violence against women in Ohio; Male murderers,2026-09-27 09:58:27
Harry Powers,5.0,2.0,,Low (5-14),United States,1931,,Unknown,True,False,False,https://en.wikipedia.org/wiki/Harry_Powers,"Harry F. Powers(bornHarm Drenth; November 17, 1892– March 18, 1932) was a Dutch-born Americanserial killerwho was hanged inMoundsville, West Virginia. Powers lured his victims through ""lonely hearts"" advertisements, claiming he was looking for love, but ultimatelymurdering themfor their money.Davis Grubb's 1953 novelThe Night of the Hunterand its1955 film adaptationand1991 TV adaptationwere based on these crimes, withPreacher Harry Powellbeing the character inspired by Powers.Preacher was played",Harry Powers,John Schroeder Joseph Gildow Cornelius Orvin Pierson A.R. Weaver,5,"Using the alias ""Cornelius Orvin Pierson"", Powers began writing letters to Asta Eicher, a widowed mother of three residing in Park Ridge, Illinois . Powers went to visit Eicher and her children—Greta, Harry, and Annabel—on June 23, 1931, [ 6 ] and soon left with Eicher for several days. Elizabeth Abernathy cared for the children until she received a letter saying that ""Pierson"" was going to come pick up the children to join him and their mother. [ 7 ] When he arrived, he sent a child to the bank",June – July 1931 (known),,United States,,,"November 17, 1892","Beerta, Groningen , Netherlands",1932-03-18,"8) (aged 39) West Virginia Penitentiary , West Virginia, U.S.",,Executed by hanging,Executed by hanging,,"Categories; 1892 births; 20th-century American murderers; 1932 deaths; 20th-century executions of American people; American lynching survivors; American murderers of children; American people convicted of burglary; Dutch emigrants to the United States; Dutch mass murderers; Dutch people convicted of murder; Executed American mass murderers; Executed American serial killers; Executed Dutch serial killers; Familicides in the United States; 1931 mass murders; 1930s mass murders in the United States; People convicted of murder by West Virginia; People executed by West Virginia by hanging; People from Clarksburg, West Virginia; People with antisocial personality disorder; Serial killers from West Virginia; Violence against women in West Virginia; Male murderers",2026-09-27 09:58:29
Anna Marie Hahn,5.0,,,Low (5-14),United States,1933,1937,Female,True,True,False,https://en.wikipedia.org/wiki/Anna_Marie_Hahn,"Anna Marie Hahn(néeFilser; July 7, 1906 – December 7, 1938) was a German-born Americanserial killer. She murdered 5 elderly men fromCincinnatibypoisonbetween 1933 and 1937. She was convicted of murder and executed byelectric chairin 1938. Anna Hahn was the youngest of twelve children though five of her siblings had died by the time Anna was born.Her father, George Filser, was a furniture manufacturer, and the family was considered to be well-off financially.[citation needed] At age 19, she becam",Anna Marie Hahn,Marie Felser Marie Fisher Arsenic Anna The Blonde Borgia Angel of Mercy,5,"Hahn allegedly began poisoning and robbing elderly men in Cincinnati's German community to support her gambling habit. 73-year-old Ernest Koch [ 3 ] (also Ernst Kohler), [ 4 ] who died on May 6, 1933, was believed to be her first victim. Hahn had befriended him shortly before his death. He left her a house in his will . [ 5 ] Her next alleged victim, Albert Parker, 72, also died soon after she began caring for him. Prior to Parker's death, she signed an I.O.U. for $1,000 that she borrowed from h","May 6, 1933 – August 1, 1937",4.0,United States,,,"July 7, 1906","Füssen , Bavaria, German Empire","December 7, 1938","aged 32) Ohio State Penitentiary , Ohio, United States",,Execution by electrocution,Execution by electrocution,,"Categories; 1906 births; 20th-century American murderers; 1938 deaths; 20th-century executions by Ohio; 20th-century executions of American people; American female serial killers; People from Füssen; Burials at Mount Calvary Cemetery (Columbus, Ohio); Executed American serial killers; Medical serial killers; Executed American women; Executed female serial killers; Executed German serial killers; Executed German women; Executed people from Bavaria; German emigrants to the United States; German female serial killers; 20th-century German murderers; German people executed in the United States; People convicted of murder by Ohio; People executed by Ohio by electric chair; Poisoners; Serial killers from Colorado; Serial killers from Ohio; Violence against men in the United States",2026-09-27 09:58:32
Waneta Hoyt,5.0,,,Low (5-14),United States,1965,1971,Female,True,False,False,https://en.wikipedia.org/wiki/Waneta_Hoyt,"Waneta Ethel (Nixon) Hoyt(May 13, 1946 – August 13, 1998) was an Americanserial killerwho was convicted of killing all five of her biological children. Hoyt was born inRichford, New York. She attended Newark Valley High School until she was in 10th grade then dropped out to marry Tim Hoyt on 11 January 1964. After Hoyt married Tim, the couple would go on to have seven children (five biological; one permanently adopted; and one temporarily adopted). All biological children of Hoyt died before rea",Waneta Hoyt,,5,,1965–1971,6.0,United States,,,"May 13, 1946","Richford, New York , U.S.",1998-08-13,"3) (aged 52) Bedford, New York , U.S.",,,,,"Categories; 1946 births; 1998 deaths; 20th-century American women; American female serial killers; 20th-century American murderers; American murderers of children; American people convicted of murder; American people who died in prison custody; American prisoners sentenced to life imprisonment; Deaths from pancreatic cancer in New York (state); Filicides in New York (state); Infanticide in the United States; People convicted of murder by New York (state); People from Richford, New York; People with avoidant personality disorder; Perpetrators of filicide; Prisoners sentenced to life imprisonment by New York (state); Prisoners who died in New York (state) detention; Serial killers from New York (state); Serial killers who died in prison custody; Child filicides in the United States",2026-09-27 09:58:34
Janie Lou Gibbs,5.0,,,Low (5-14),United States,1966,1967,Female,True,False,False,https://en.wikipedia.org/wiki/Janie_Lou_Gibbs,"Janie Lou Gibbs(néeHickox; December 25, 1932–February 7, 2010) was an Americanserial killerfromCordele, Georgia, who killed her three sons, a grandson, and her husband, by poisoning them witharsenicin 1966 and 1967. Gibbs was born in Georgia on December 25, 1932. She operated a daycare from her home and was a dedicated member of the local church community. She had been married to her husband Charles for 18 years before she began killing. In 1965, Gibbs committed her first murder, poisoning her h",Janie Lou Gibbs,,5,"In 1965, Gibbs committed her first murder, poisoning her husband Charles by putting arsenic into his dinner. While he was in hospital, she brought him homemade soup containing more poison. After Charles' death on January 21, 1966, doctors decided the cause of death had been a liver disease. After her husband's death, Gibbs was supported by the local church community. She later donated some of her husband's life insurance money to the church. Eight months after the death of Gibbs's husband, she p",1966–1967,1.0,United States,,,"December 25, 1932","Cordele, Georgia , U.S.","February 7, 2010","aged 77) Douglasville, Georgia , U.S.",,,,,"Categories; 1932 births; 2010 deaths; 20th-century American murderers; American female serial killers; American murderers of children; American people convicted of murder; American prisoners sentenced to life imprisonment; Filicides in Georgia (U.S. state); Perpetrators of mariticide; People convicted of murder by Georgia (U.S. state); People from Cordele, Georgia; People paroled from life sentence; People with Parkinson's disease; Poisoners; Prisoners sentenced to life imprisonment by Georgia (U.S. state); Serial killers from Georgia (U.S. state); Child filicides in the United States; Perpetrators of filicide; Violence against men in the United States",2026-09-27 09:58:36
Bernard Giles,5.0,,,Low (5-14),United States,1973,,Unknown,True,False,False,https://en.wikipedia.org/wiki/Bernard_Giles,"Bernard Eugene Giles(born April 9, 1953) is an American convictedserial killerand rapist who murdered five girls and women inTitusville, Florida, in late 1973. After his arrest in December of that year, he fully admitted his guilt and was sentenced to serve severallife imprisonmentterms in 1974. Giles was born on April 9, 1953, in a Titusville family with three other children. His parents led a law-abiding lifestyle and were described as not very good at parenting.[clarification needed]Most of h",Bernard Giles,,5,"As victims, Giles would choose young girls, most of whom hitchhiked. Their bodies were found, in some cases raped, in orange groves or wooded areas in Brevard County . [ 4 ] Nancy Gerry , 18, disappeared on September 26, 1973. Her fully clothed body was found in a palmetto thicket, shot in the head, on December 10, 1973. [ 5 ] [ 6 ] Sharon Mary Wimer , 14, disappeared on November 5, 1973. She was found strangled, wearing only a St. Christopher's necklace; her shirt and sweater were found near he",September – November 1973,,United States,,,"April 9, 1953","age 73) Titusville, Florida , U.S.",,,,,,,"Categories; 1953 births; 20th-century American murderers; American escapees; American male criminals; American murderers of children; American people convicted of murder; American people convicted of assault; American people convicted of robbery; American prisoners sentenced to life imprisonment; American rapists; Child sexual abuse in the United States; Escapees from Florida detention; Living people; People convicted of murder by Florida; People from Titusville, Florida; Prisoners sentenced to life imprisonment by Florida; Serial killers from Florida; Violence against women in Florida; Male murderers",2026-09-27 09:58:38
South Dade Killer,12.0,35.0,,High (30+),United States,1975,1976,Unknown,True,False,False,https://en.wikipedia.org/wiki/Flat-Tire_murders,"TheFlat-Tire murderswere a series of unsolved murders inBrowardandDade(now Miami-Dade) County,Florida, occurring between February 1975 and January 1976. The name originated from investigators' belief that offender deflated the tires of the victims' cars when committing two of the murders. The list of suspected victims ultimately included twelve girls and women whose bodies were discovered in or nearSouth Floridacanals. The suspected perpetrator was described as awhite male, aged between 20 and 2",Flat-Tire murders,,35,"The suspected perpetrator was described as a white male , aged between 20 and 25, well-dressed, physically athletic and attractive, possibly married, likely very intelligent with an above-average IQ and a sexual sadist . Using his charm, he won the trust of potential victims whom he would lure to his car. A reward of $1,000 was announced for any information that would lead to his capture. [ 1 ] Law enforcement postulated that the perpetrator possibly committed other murders across several states",1975 – 1976 (Confirmed),1.0,United States,,,,,,,,,,,"Categories; 1975 in Florida; 1976 in Florida; 1975 murders in the United States; 1976 murders in the United States; American murderers of children; Child sexual abuse in the United States; Murder in Florida; Miami-Dade County, Florida; Serial killers from Florida; Serial murders in the United States; Unidentified American serial killers; Unidentified American rapists; Unsolved murders in Florida; Violence against women in Florida",2026-09-27 09:58:40
Gerald Parker,6.0,,,Low (5-14),United States,1978,1979,Unknown,True,False,False,https://en.wikipedia.org/wiki/Gerald_Parker,"Gerald Parker(born 1955), also known as theBedroom Basherand theBludgeon Killer, is an Americanserial killerandsex offenderwho raped and murdered five young women and girls aged 17 to 31 inOrange County, California, from December 1978 through October 1979. During this time, he was a member of theU.S. Marine Corpsstationed inTustin. He was dishonorably discharged in 1980 after his conviction for rape, but he would not be linked to the murders until over a decade later following aDNAmatch. Parker ",Gerald Parker,The Bedroom Basher The Bludgeon Killer,6,"According to his testimony, on December 1, 1978, in Anaheim , Parker entered the apartment of 17-year-old Sandra Fry through an open bedroom window carrying a 2"" × 4"" piece of wood. He hit Fry several times with the board. Parker wanted to rape her but could not get an erection, so he ejaculated on her body. When Fry's roommate returned home, she saw the condition Fry was in and police were contacted. Fry was transported to the emergency room where she was pronounced dead. [ 7 ] Parker's next mu","December 1, 1978 – October 20, 1979",1.0,United States,,,,,,,,,,,Categories; 1955 births; 20th-century African-American people; 20th-century American criminals; American male criminals; American murderers of children; American people convicted of child sexual abuse; American people convicted of murder; American people convicted of rape; Criminals from Los Angeles; Living people; People convicted of murder by California; Prisoners sentenced to death by California; Serial killers from California; Sexual assault in the United States military; Violence against women in California,2026-09-27 09:58:43
Phillip Carl Jablonski,5.0,,,Low (5-14),United States,1978,1991,Unknown,True,False,False,https://en.wikipedia.org/wiki/Phillip_Carl_Jablonski,"Phillip Carl Jablonski(January 3, 1946– December 27, 2019)was an Americanserial killerand rapist convicted of killing five women inCaliforniaandUtahbetween 1978 and 1991. Jablonski's alcoholic father beat and sexually abused his wife and children. Jablonski met his first wife, Alice McGowan, in high school. He enlisted in the Army in 1966. It is unclear whether he served in Vietnam but he often said he did and the Vietnam Service Medal was listed on his discharge papers. They married in 1968 whe",Phillip Carl Jablonski,,5,,1978–1991,13.0,United States,,,"January 3, 1946","Joshua Tree , California , U.S.",2019-12-27,"7) (aged 73) San Quentin State Prison , San Quentin , California , U.S.",,,,,"Categories; 1946 births; 2019 deaths; 20th-century American criminals; American male criminals; American people convicted of murder; American people convicted of rape; American people who died in prison custody; American prisoners sentenced to death; Criminals from Los Angeles; Serial killers from the San Francisco Bay Area; Military personnel from San Bernardino County, California; Necrophiles; People convicted of murder by California; People from Joshua Tree, California; People paroled from life sentence; Prisoners sentenced to life imprisonment by California; Prisoners sentenced to death by California; Prisoners who died in California detention; Inmates of San Quentin State Prison; Serial killers from Utah; Serial killers who died in prison custody; Uxoricides in the United States; Violence against women in California; Violence against women in Utah; Perpetrators of uxoricide",2026-09-27 09:58:45
Arthur Gary Bishop,5.0,,,Low (5-14),United States,1979,1983,Unknown,True,False,False,https://en.wikipedia.org/wiki/Arthur_Gary_Bishop,"Arthur Gary Bishop(September 29, 1952–June 10, 1988) was an Americanserial killerandsex offenderwho abducted, sexually assaulted, murdered, andmutilatedfive young boys inSalt Lake City, Utah, between 1979 and 1983. He voluntarily led police to the burial sites of his victims upon being questioned in July 1983 for the disappearances of several children.In his confession, he said that he had killed his victims to cover up the fact that he hadmolestedthem. Described as ""scheming, calculating, and c",Arthur Gary Bishop,Lynn Jones; Roger W. Downs,5,"Alonzo Daniels, age 4, October 14, 1979 Claude Kimley Peterson, age 11, November 8, 1980 Danny Davis, age 4, October 20, 1981 Troy Ward, age 6, June 22, 1983 Graeme Cunningham, age 13, July 14, 1983","October 14, 1979 – July 14, 1983",4.0,United States,,,"September 29, 1952","Hinckley, Utah , U.S.",1988-06-10,"0) (aged 35) Utah State Prison , Utah, U.S.",,Executed by lethal injection,Executed by lethal injection,,"Categories; 1952 births; 20th-century American murderers; 1988 deaths; 20th-century executions by Utah; 20th-century executions of American people; 20th-century American LGBTQ people; American Mormon missionaries in the Philippines; American gay men; American murderers of children; American people convicted of child sexual abuse; American people convicted of kidnapping; American rapists; Executed American serial killers; Executed people from Utah; Incidents of violence against boys in the United States; Necrophiles; People convicted of embezzlement; People convicted of murder by Utah; People executed by Utah by lethal injection; People excommunicated by the Church of Jesus Christ of Latter-day Saints; People from Millard County, Utah; Serial killers from Utah; Rape of males in the United States; Male murderers",2026-09-27 09:58:47
Faryion Wardrip,5.0,,,Low (5-14),United States,1984,1986,Unknown,True,False,False,https://en.wikipedia.org/wiki/Faryion_Wardrip,"Faryion Edward Wardrip(born March 6, 1959) is an Americanserial killerwhosexually assaultedandmurderedfive women. Four of the women were killed inWichita Falls, Texas, and the surrounding counties, and one woman was murdered inFort Worth. Wardrip's killing spree began at the end of 1984 and lasted until the middle of 1986. All of his victims were white, were between the ages of 20 and 25, weighed less than120 pounds (54kg), and were under5+1⁄2feet (170cm)tall. With the murders occurring across m",Faryion Wardrip,,5,,1984–1986,2.0,United States,,,"March 6, 1959","age 67) [ 1 ] Salem, Indiana , U.S.",,,,On death row [ 2 ] [ 3 ],On death row [ 2 ] [ 3 ],Weapon(s): Knife [ 2 ],"Categories; 1959 births; 20th-century American criminals; American male criminals; American people convicted of murder; American prisoners sentenced to death; American rapists; Living people; People convicted of murder by Texas; People from Salem, Indiana; Prisoners sentenced to death by Texas; Serial killers from Texas; Violence against women in Texas",2026-09-27 09:58:49
Timothy Wilson Spencer,5.0,,,Low (5-14),United States,1984,1988,Unknown,True,False,False,https://en.wikipedia.org/wiki/Timothy_Wilson_Spencer,"Timothy Wilson Spencer(March 17, 1962 – April 27, 1994), also known asThe Southside Strangler, was an Americanserial killerwho committed three rapes and murders inRichmond, Virginia, and one inArlington, Virginia, in the fall of 1987.In addition, Spencer committed a previous murder in 1984, for which a different man, David Vasquez, was wrongfully convicted.He was known to police as a prolific home burglar. Spencer became the first murderer in the United States to be convicted on the basis ofDNAe",Timothy Wilson Spencer,The Southside Strangler The Southside Slayer The Southside Rapist The Masked Rapist,5,"Spencer carefully chose his victims by spying and following them around the local shopping mall. He repeated the same pattern with all of his victims; climbing in through the windows of women's homes at night, raping and torturing them by strangling them until they were unconscious, and then killing them after they had been strangled. Spencer used a belt and a stocking as his murder weapons. Investigators were amazed by his meticulousness; he left no trace of himself at the crime scene except fo",1984–1988,4.0,United States,,,"March 17, 1962","Green Valley, Virginia , U.S.",1994-04-27,"7) (aged 32) Greensville Correctional Center , Virginia, U.S.",,Executed by electrocution,Executed by electrocution,,"Categories; 1962 births; 1994 deaths; 20th-century African-American people; 20th-century executions by Virginia; 1984 murders in the United States; 1987 murders in the United States; 1988 murders in the United States; American murderers of children; American people convicted of rape; American people convicted of robbery; American people convicted of burglary; Crime in Richmond, Virginia; Executed African-American people; Executed American serial killers; Executed people from Virginia; People convicted of murder by Virginia; People convicted using DNA evidence; People executed by Virginia by electric chair; Serial killers from Virginia; Violence against women in Virginia; 20th-century American murderers; American male criminals; Male murderers",2026-09-27 09:58:51
Elias Abuelazam,2.0,17.0,4.0,Medium (15-29),U.S.,2009,2010,Unknown,True,False,False,https://en.wikipedia.org/wiki/Elias_Abuelazam,"Elias Abuelazam(/əˌbʊələˈzæm/;Arabic:الياس أبو العظام;Hebrew:אליאס אבו אל עזאם; born August 29, 1976), also known asElias Abullazam, is an Arab-Israeli convicted murderer, and a suspect ofserial killingsand stabbings with aracial motive.He is suspected in a string of eighteen stabbing attacks from May to August 2010 which resulted in five deaths. Most of the alleged attacks occurred inGenesee County, Michigan(particularly in and aroundFlint). Five stabbings occurred elsewhere: three inLeesburg, ",Elias Abuelazam,Elias Abullazam,17,"Police and prosecutors claim that between May and August 2010, Abuelazam would drive around late at night, approach small-framed men who were walking alone, ask for directions or help fixing his vehicle, a green-colored Chevrolet TrailBlazer , and then stab them, usually in the chest or stomach. [ 7 ] Abuelazam's alleged victims have been mostly black, and police in Leesburg suspect the attacks may have been racially motivated. Genesee County prosecutors, however, have declined to speculate on h",March 2009 – August 2010,1.0,U.S.,,,"August 29, 1976","age 50) Ramla , Israel",,,,,,,Categories; Living people; 1976 births; 21st-century Israeli criminals; Clerks; Israeli Arab Christians; Israeli emigrants to the United States; Israeli people convicted of murder; Israeli prisoners sentenced to life imprisonment; People convicted of murder by Michigan; People from Ramla; People with personality disorders; Prisoners sentenced to life imprisonment by Michigan; Suspected serial killers; Racially motivated violence against African Americans in Michigan,2026-09-27 09:58:54
Joachim Knychała,5.0,,,Low (5-14),Poland,,,Unknown,True,False,False,https://en.wikipedia.org/wiki/Joachim_Knychała,"Joachim Knychała(8 September 1952 – 28 October 1985) was aPolishserial killer, known as ""The Vampire of Bytom"" or ""Frankenstein"", who murdered five women between 1975 and 1982 in theUpper Silesian industrial region. He was apprehended, sentenced todeathandhanged. The list contains names of the victims of Knychała, the place of murder and the date of the murder This Polish biographical article is astub. You can help Wikipedia byadding missing information. This biographical article related to crim",Joachim Knychała,,5,"The list contains names of the victims of Knychała, the place of murder and the date of the murder Elżbieta Mikułowa – Piekary Śląskie ; November 1975 Mirosława Sarnowska – Chorzów ; 6 May 1976 Teresa Ryms – Bytom ; 30 October 1976 Halina Syda – Piekary Śląskie; 23 June 1979 Bogusława Ludyga – Piekary Śląskie; 8 May 1982",,,Poland,,,8 September 1952,"Bytom , Polish People's Republic",1985-10-28,"8) (aged 33) Montelupich Prison , Kraków , Polish People's Republic",,Executed,Executed,,Categories; 1952 births; 20th-century Polish murderers; 1985 deaths; Executed people from Silesian Voivodeship; Executed Polish serial killers; People convicted of murder by Poland; People executed by the Polish People's Republic by hanging; People from Bytom; Polish people convicted of murder; Polish people of German descent; Violence against women in Poland; Male murderers; Polish people stubs; Crime biography stubs,2026-09-27 09:58:56
Colin Ireland,5.0,,,Low (5-14),United Kingdom,1993,,Unknown,True,False,False,https://en.wikipedia.org/wiki/Colin_Ireland,"Colin Ireland(16 March 1954– 21 February 2012) was a Britishserial killerknown as theGay Slayer, because his victims were gay men. Ireland suffered a severely dysfunctional upbringing.He committed various crimes from the age of 16 and had served time inborstalsand prisons.While living inSouthend, he started frequenting theColeherne, agay pubinEarl's Court, London.Ireland sought men who liked the passive role andsado-masochism, so he could readily restrain them as they initially believed it was a",Colin Ireland,Gay Slayer,5,,8 March – 12 June 1993,,United Kingdom,,,16 March 1954,"Dartford , Kent , England",2012-02-21,"1) (aged 57) HM Prison Wakefield , West Yorkshire , England",,,,,Categories; 1954 births; 1993 in London; 1993 murders in the United Kingdom; 2012 deaths; 20th-century English criminals; 20th-century British murderers; Criminals from Kent; English male criminals; English people convicted of murder; English people who died in prison custody; English prisoners sentenced to life imprisonment; English serial killers; Murder in London; People convicted of murder by England and Wales; People from Dartford; Prisoners sentenced to life imprisonment by England and Wales; Prisoners who died in England and Wales detention; Serial killers who died in prison custody; Violence against gay men; Violence against men in the United Kingdom; Violence against LGBTQ people in the United Kingdom; People with antisocial personality disorder; Male murderers; Gay-related controversies; Perpetrators of anti-LGBTQ violence,2026-09-27 09:58:59
Claude Lastennet,5.0,,,Low (5-14),France,1993,1994,Unknown,True,False,False,https://en.wikipedia.org/wiki/Claude_Lastennet,"Claude Lastennet(January 19, 1971 – December 19, 2023) was a Frenchserial killerwho was convicted of murdering five elderly women in severalParisiansuburbs between August 1993 and January 1994. He was convicted and sentenced tolife imprisonmentwith the possibility of parole for these crimes, and died behind bars. Lastennet was born on January 19, 1971, inBrest, just a few minutes after his older brother Frédéric. The son of a sailor who never interacted with the family, and the two boys were rai",Claude Lastennet,,5,"On August 24, 1993, a woman living at 51 Avenue du Président-Franklin-Roosevelt in Chevilly-Larue noticed Lastennet standing motionless on the opposite sidewalk. After a while, she called out to him and asked what he was doing, with the young man replying that he was looking for number 52. After being given instructions to where it is, he realized that it is a public park and instead went to number 49, where there was a bungalow occupied by 87-year-old Marcelle Cavilier. Lastennet broke the glas",1993–1994,1.0,France,,,"January 19, 1971","Brest , Finistère Department , France",2023-12-19,"9) (aged 52) Poitiers-Vivonne Penitentiary Center, Vivonne , Vienne Department , France",,,,,"Categories; 1971 births; 2023 deaths; French serial killers; French people convicted of murder; French people who died in prison custody; People convicted of murder by France; Serial killers who died in prison custody; Prisoners who died in French detention; Prisoners sentenced to life imprisonment by France; French prisoners sentenced to life imprisonment; Violence against women in France; People from Brest, France; Senicide; 20th-century French murderers; Male murderers",2026-09-27 09:59:03
Metod Trobec,5.0,6.0,,Low (5-14),Slovenia,1967,1979,Unknown,True,False,False,https://en.wikipedia.org/wiki/Metod_Trobec,"Metod Trobec(June 6, 1948 – May 30, 2006) was a Sloveneserial killer. A career criminal with a record dating back to 1967, he gained notoriety for murdering five women in a homestead inDolenja Vas pri Polhovem Gradcufrom 1976 to 1978, whose remains he burned inside a stove. The brutality of the crimes led him to become one of the most infamous Slovenes in the country's history, with one website stating that he was more well-known than most politicians. The last convict to besentenced to deathin ",Metod Trobec,,6,"From 1967 to 1979, Trobec was linked to six different crimes and successfully prosecuted for four of them. Additional charges for other crimes were also brought forward at his first murder trial: 1967: aiding and abetting in the theft of a bicycle and moped . [ 4 ] 1971: auto theft, for which he was put on one month probation . [ 4 ] 1974: one-year imprisonment for fraud and false accusations stemming from an incident in which he hid a car he had rented from West Germany at an outbuilding in Dol",1967–1979,12.0,Slovenia,,,"June 6, 1948","Planina nad Horjulom , Socialist Republic of Slovenia, Socialist Federal Republic of Yugoslavia",2006-05-30,"0) (aged 57) Dob pri Mirni Correctional Facility [ sl ] , Slovenska Vas , Southeast Slovenia Statistical Region, Slovenia",,,,"Trobec's modus operandi consisted of bringing out unfamiliar women to his homestead, where he raped and strangled them, severely beating two of his victims until they were bleeding. [ 9 ] After killing them, he would shove their corpses into a masonry oven and then set them alight with gasoline and firewood, later throwing out the ashes and remaining human bones in a wooden urn or a nearby septic tank. [ 6 ] The victims' personal items and documents were either also burned, or brought to the homestead in Spodnja Bela. [ 9 ] Investigators were unable to determine the exact reason why Trobec did not kill every woman he brought with him, but some speculated that he only targeted victims with health problems, as two of his victims had epilepsy . [ 6 ] Despite this, officers investigating the homestead after his capture found patches of blood in several locations. In addition to this, they also found a novel named ""X-100"", which describes cruel murders and burning corpses, [ 9 ] and another",Categories; 1948 births; 2006 suicides; 2006 deaths; 20th-century murderers; Slovenian serial killers; Slovenian rapists; People convicted of murder by Slovenia; Slovenian people convicted of murder; Slovenian people with disabilities; People convicted of attempted murder; People convicted of assault; People convicted of rape; People convicted of fraud; People convicted of theft; Slovenian prisoners sentenced to death; Prisoners sentenced to death by Slovenia; Prisoners who died in Slovenian detention; Serial killers who died by suicide in prison custody; Slovenian people who died in prison custody; Suicides by hanging in Slovenia; Violence against women in Slovenia; People with psychotic disorder; People from the Municipality of Dobrova-Polhov Gradec; People with antisocial personality disorder,2026-09-27 09:59:06
Romulus Vereş,5.0,,,Low (5-14),Romania,1972,1974,Unknown,True,False,False,https://en.wikipedia.org/wiki/Romulus_Vereş,"Romulus Vereș(23 January 1929 inCluj– 13 December 1993 inȘtei) was a notoriousserial killerfrom Romania, known as ""The Man with the Hammer"". During the 1970s, he was charged with five murders and severalattempted murders, but never imprisoned ongrounds of insanity; he hadschizophrenia,blaming theDevilfor his actions. Instead, he was institutionalised in theȘteipsychiatric facility in 1976, following a three-year-longforensicinvestigation during which four thousand people were questioned. Urban m",Romulus Vereş,The Man with the Hammer,5,"Romulus Vereș was born on 23 January 1929. He worked as a locomotive mechanic and got married at 19 years old to his first wife, which whom he had a son. They divorced after 6 years, and he remarried immediately after. His second marriage lasted 4 years, with his second wife later accusing him of verbal abuse and physical abuse . [ 3 ] Between 1972 and 1974, he attacked 8 women and girls, of whom 3 died, and was convicted only of 5. He attacked victims by hitting them with a hammer , iron bar or",11 September 1972 – 14 February 1974,2.0,Romania,,,23 January 1929,"Cluj , Romania",1993-12-13,"3) (aged 64) Ștei , Romania",,,,,Categories; 1929 births; 1992 deaths; 20th-century murderers; People from Cluj-Napoca; People with schizophrenia; Romanian rapists; Romanian serial killers; Violence against women in Romania; Male murderers,2026-09-27 09:59:09
Akira Nishiguchi,5.0,,,Low (5-14),Japan,1963,1963,Unknown,True,False,False,https://en.wikipedia.org/wiki/Akira_Nishiguchi,"Akira Nishiguchi(西口 彰,Nishiguchi Akira; December 14, 1925 – December 11, 1970)was a Japaneseserial killerandfraudsterwho murdered five people in late 1963. The focus of a nationalmanhunt, Nishiguchi's crime spree came to an end in January 1964 when he was identified by the 10-year-old daughter of a potential victim. He wassentenced to deathupon conviction and washangedin 1970. Nishiguchi's crimes and the circumstances of his capture were the direct catalyst for the creation of the Japanese ""Metr",Akira Nishiguchi,,5,,"October 18, 1963 – December 29, 1963",0.0,Japan,,,"December 14, 1925","Osaka , Osaka Prefecture , Japan",1970-12-11,"1) (aged 44) Fukuoka Detention House , Sawara-ku , Fukuoka Prefecture , Japan",,Executed,Executed,,Categories; 1925 births; 1970 deaths; 20th-century executions by Japan; Executed Japanese serial killers; Japanese fraudsters; People convicted of murder by Japan; People executed by Japan by hanging; People from Osaka Prefecture,2026-09-27 09:59:13
Süleyman Aktaş,5.0,,,Low (5-14),,1986,1994,Unknown,True,False,False,https://en.wikipedia.org/wiki/Süleyman_Aktaş,"Süleyman Aktaşis a Turkishserial killerwho murdered five people. He has been nicknamed ""The Nailing Killer"" due to his signature of nailing his victims' heads post-mortem. Süleyman Aktaş was born in Çambaşı. He was employed as a worker at the Turkish Electricity Company inDenizli, Turkey.He was severely injured by high voltage during work at a 31.5kVelectric power distribution line. After this accident, he killed police superintendent Nuri Keskin inAntalyain 1986.He was arrested, and was placed ",Süleyman Aktaş,The Nailing Killer,5,"Süleyman Aktaş was born in Çambaşı. He was employed as a worker at the Turkish Electricity Company in Denizli , Turkey. [ 1 ] [ 2 ] He was severely injured by high voltage during work at a 31.5 kV electric power distribution line. [ 1 ] [ 2 ] After this accident, he killed police superintendent Nuri Keskin in Antalya in 1986. [ 1 ] [ 2 ] [ 3 ] [ 4 ] He was arrested, and was placed in Manisa Psychiatric Hospital after the court ruled his mental disorder. [ 1 ] [ 2 ] Aktaş stayed four and a half y",1986–1994,8.0,,,,,,,,,,,,"Categories; Living people; People from Bozkurt, Denizli; People with schizophrenia; Turkish escapees; Turkish serial killers; Turkish people with disabilities",2026-09-27 09:59:16
B1 Butcher,5.0,,,Low (5-14),,2005,2007,Unknown,True,False,False,https://en.wikipedia.org/wiki/B1_Butcher,"TheB1 Butcheris an unidentifiedserial killerinNamibia. The B1 Butcher murdered at least five women between 2005 and 2007, with all murders related to theNational Road B1. In 2007, a German-born Namibian was accused of rape, arrested and later linked to these unsolved murders. However, he was, after a long period of imprisonment, acquitted due to a lack of evidence. In 2008, a man who committed suicide was implicated as the series of murders ended in 2007, but the connection could not be conclusi",B1 Butcher,,5,"Body parts were found in June and July 2007 in the Khomas Region along the B1 in the greater Windhoek area between Rehoboth and Okahandja . These body parts were wrapped in garbage bags and belonged to two different women. As far back as 2005, two similar unexplained murders of women occurred, those two murders have subsequently also been attributed to the B1 Butcher. [ 1 ] The head and an arm of the most recent victim were found in August 2007, further north on the B1 between Windhoek, Okahandj",2005–2007,2.0,,,,,,,,,,,,Categories; 2000s murders in Namibia; 21st-century murderers; Unidentified serial killers; Unsolved murders in Namibia; Violence against women in Namibia; Male murderers,2026-09-27 09:59:19
Jeffrey Daugherty,5.0,,,Low (5-14),United States,,,Unknown,True,False,False,https://en.wikipedia.org/wiki/Jeffrey_Daugherty,"Jeffrey Joseph Daugherty(September 26, 1955 – November 7, 1988) was an Americanserial killerwho committed at least five murders in bothPennsylvaniaandFlorida. Between February and March 1976, Daugherty, who was accompanied by his girlfriend Bonnie Heath, robbed and killed four women and one man in both states, and he was arrested on March 12, 1976. Daugherty was sentenced tolife imprisonmentby the Pennsylvania courts for the two homicides committed within the jurisdiction, and while he was also ",Jeffrey Daugherty,,5,"Between February and March 1976, 20-year-old Jeffrey Daugherty embarked on a robbery spree that led to at least five murders in Pennsylvania and Florida. Daugherty was first tried by the Pennsylvania courts for the murders of George Karns and Elizabeth Shanks. Firstly, Daugherty was tried for the murder of Shanks and found guilty by a Blair County jury in December 1976. [ 9 ] [ 10 ] He was sentenced to life in prison for the crime. [ 11 ] Secondly, for the murder of Karns, Daugherty was found gu",,,United States,,,"September 26, 1955","Detroit , Michigan , U.S.",1988-11-07,"7) (aged 33) Florida State Prison , Florida , U.S.",,Executed by electrocution,Executed by electrocution,,Categories; 1955 births; 1988 deaths; 20th-century executions by Florida; 20th-century executions of American people; American people convicted of kidnapping; American people convicted of robbery; Executed American serial killers; Executed people from Michigan; People convicted of murder by Florida; People convicted of murder by Pennsylvania; People executed by Florida by electric chair; Prisoners sentenced to life imprisonment by Pennsylvania; Criminals from Detroit; Serial killers from Florida; Serial killers from Pennsylvania; Violence against women in Florida; Violence against women in Pennsylvania; 20th-century American murderers; Male murderers,2026-09-27 09:59:21
Harold Shipman,250.0,15.0,15.0,High (30+),England,1975,1998,Unknown,True,True,False,https://en.wikipedia.org/wiki/Harold_Shipman,"Harold Frederick Shipman(14 January 1946– 13 January 2004), known to acquaintances asFred Shipman, was an Englishdoctor in general practiceandserial killer. He is considered to be one of themost prolific serial killers in modern history, with an estimated 250 victims over roughly 30 years. On 31 January 2000, Shipman was convicted ofmurdering15 patients under his care. He was sentenced tolife imprisonmentwith awhole life order. On 13 January 2004, one day before his 58th birthday, Shipman commit",Harold Shipman,,250,"In March 1998, Linda Reynolds, a general practitioner at the Brooke Surgery in Hyde, expressed concerns to John Pollard, the coroner for the South Manchester District, about the high death rate among Shipman's patients. In particular, she was concerned about the large number of cremation forms for elderly women that he had asked to have countersigned. The Greater Manchester Police (GMP) were unable to find sufficient evidence to bring charges and closed the investigation on 17 April. [ 12 ] The ",1975–1998,23.0,England,,,14 January 1946,"Nottingham , England",2004-01-13,"3) (aged 57) HM Prison Wakefield, West Yorkshire , England",General practitioner,Deceased,Deceased,,Categories; 1946 births; 2004 deaths; 2004 suicides; 1970s in Manchester; 1980s crimes in Manchester; 1990s crimes in Manchester; 20th century in Manchester; 20th-century English criminals; 20th-century English medical doctors; Alumni of the University of Leeds; British general practitioners; Criminals from Nottinghamshire; English people convicted of murder; English prisoners sentenced to life imprisonment; English serial killers; History of Greater Manchester; History of mental health in the United Kingdom; History of Tameside; Male suicides; Medical scandals in the United Kingdom; Medical doctors struck off by the General Medical Council; Medical doctors convicted of murdering their patients; Medical serial killers; Murder in Greater Manchester; People convicted of murder by England and Wales; People educated at Nottingham High Pavement Grammar School; People from Nottingham; Poisoners; Prisoners sentenced to life imprisonment by England and Wales; Prisoners who died in England and Wales detention; Senicide; Serial killers who died by suicide in prison custody; Suicides by hanging in England,2026-09-27 09:59:24
Niels Högel,85.0,300.0,1.0,High (30+),Germany,2000,2005,Unknown,True,True,False,https://en.wikipedia.org/wiki/Niels_Högel,"Niels Högel(born 30 December 1976)is a Germanserial killerand formernursewho was sentenced tolife imprisonment, initially for the murders of six patients, and later convicted of a total of eighty-five murders.Estimates of Högel's alleged victim count have increased since his first conviction; as of 2020, he was believed to have claimed 300 victims in just over five years, making him the most prolific serial killer in the history of peacetime Germany, and possibly the world. Niels Högel was born ",Niels Högel,,300,,2000–2005,5.0,Germany,,,30 December 1976,"age 49) Wilhelmshaven , Lower Saxony , West Germany",,,,Incarcerated,Incarcerated,,Categories; 1976 births; 20th-century German murderers; 21st-century German murderers; Criminals from Lower Saxony; German male criminals; German nurses; German people convicted of murder; German prisoners sentenced to life imprisonment; German serial killers; Living people; Medical malpractice; Medical serial killers; Nurses convicted of murdering patients; People convicted of murder by Germany; People from Wilhelmshaven; People with personality disorders; Poisoners; Prisoners sentenced to life imprisonment by Germany; Angel of mercy killers; Male murderers,2026-09-27 09:59:27
Baba Anujka,50.0,150.0,,High (30+),Kingdom of Yugoslavia,,,Female,True,False,False,https://en.wikipedia.org/wiki/Baba_Anujka,"Ana di Pištonja,[note 1](néeDrakšinorDraxin)better known asBaba Anujka,[note 2](Serbian Cyrillic:Баба Анујка; c. 1836 or 1838 – 1 September 1938) was a Serbo-Romanian convictedserial killerand amateur chemist from the village ofVladimirovac, which was during her life part of theAustrian Empire,Austria-Hungaryand eventuallyYugoslavia. She poisoned at least 50 people and possibly as many as 150 in the late 19th and early 20th centuries. She was apprehended in 1928 at age 90 and sentenced to 15 yea",Baba Anujka,The Banat Witch The Witch of Vladimirovac,150,"Anujka sold her ""magic water"" to Stana Momirov in January 1924 for 2,300 dinars. [ 6 ] Stana was a previous client and Anujka had provided her with herbal medicines on other occasions. Stana gave the mixture to her husband Lazar Ludoški, and he fell ill and died after a few days. [ 2 ] [ 12 ] Stana later married another man from the same village. A rich uncle of her second husband died under similar circumstances within a few months. [ 2 ] The police questioned Stana, and she incriminated Anujka",,,Kingdom of Yugoslavia,,,1 July 1838,Romania,1 September 1938,"aged 100) Vladimirovac , Yugoslavia",,Deceased,Deceased,,Categories; 1830s births; 1938 deaths; Austrian female serial killers; Yugoslav people; Serbian women centenarians; Romanian women centenarians; People from the Austrian Empire; Criminals from Austria-Hungary; Romanian serial killers; People from Alibunar; Poisoners; Yugoslav murderers; Austrian serial killers; Serbian chemists; Romanian chemists; 19th-century businesswomen,2026-09-27 09:59:29
Louay Omar Mohammed al-Taei,43.0,,,High (30+),Iraq,2005,2006,Unknown,True,True,False,https://en.wikipedia.org/wiki/Louay_Omar_Mohammed_al-Taei,"Louay Omar Mohammed al-Taeiis an Iraqi serial killer andmedical doctoraccused of murdering woundedpolicemen,soldiersandofficialsinKirkukwhile pretending to treat them. According to police, Louay administeredanti-coagulantsto pro-Coalition forces brought into the hospital for treatment, to excaberate their bleeding and causing a number of deaths.A police investigation revealed that he had killed 43 people from October 2005 to March 2006.He claimed to be recruited intoJamaat Ansar al-Sunnain Augus",Louay Omar Mohammed al-Taei,,43,,October 2005 – March 2006,1.0,Iraq,,,,,,,,,,,Categories; Iraqi insurgency (2003–2011); Iraqi serial killers; 21st-century Iraqi criminals; Living people; Medical doctors convicted of murdering their patients; Medical serial killers; Poisoners; Iraqi people stubs,2026-09-27 09:59:31
Donald Harvey,37.0,87.0,,High (30+),United States,1970,1987,Unknown,True,True,False,https://en.wikipedia.org/wiki/Donald_Harvey,"Donald Harvey(April 15, 1952– March 30, 2017) was an Americanserial killerwho claimed to have murdered 87 people, though he has 37 confirmed victims. He was able to do this during his time as a hospitalorderly. His spree took place between 1970 and 1987. Harvey claimed to have begun killing to ""ease the pain"" of patients—mostly cardiac patients—bysmotheringthem with their pillows.However, he gradually grew to enjoy killing and became a self-described ""angel of death"". At the time of his death, H",Donald Harvey,Angel of Death,87,"Harvey began working in hospitals at the age of 18 as an orderly at the Marymount Hospital in London, Kentucky . At Marymount, Harvey committed his first murders. His first victim was 88-year-old Logan Evans, an incontinent stroke victim, whom Harvey smothered with a pillow in May 1970, after the patient smeared feces on him. He later confessed that during the ten-month period he worked at the hospital, he killed at least a dozen patients. Harvey was insistent that he killed purely out of a sens",1970–1987,17.0,United States,,,"April 15, 1952","Hamilton, Ohio , U.S.",2017-03-30,"0) (aged 64) Toledo, Ohio , U.S.",,,,,"Categories; 1952 births; 2017 deaths; 20th-century American criminals; 21st-century American LGBTQ people; American male criminals; American people convicted of murder; American prisoners sentenced to life imprisonment; American gay men; Deaths by beating in the United States; Health care professionals convicted of murdering patients; LGBTQ people from Ohio; Medical serial killers; Murdered American criminals; People convicted of murder by Kentucky; People convicted of murder by Ohio; People from Butler County, Ohio; People murdered in Ohio; People murdered in 2017; Poisoners; Prisoners sentenced to life imprisonment by Kentucky; Prisoners sentenced to life imprisonment by Ohio; Prisoners who died in Ohio detention; Senicide; Serial killers from Kentucky; Serial killers from Ohio; Serial killers murdered in prison custody; United States Air Force airmen; Vigilantism in the United States; Angel of mercy killers",2026-09-27 09:59:34
Jane Toppan,12.0,31.0,100.0,High (30+),U.S.,1901,,Female,True,True,False,https://en.wikipedia.org/wiki/Jane_Toppan,"Jane Toppan(bornHonora Kelley; March 31, 1854– August 17, 1938), nicknamedJolly Jane, was an Americanserial killerwho murdered 12 people inMassachusettsbetween 1895 and 1901, although she confessed to killing 31 and is suspected of killing more than 100. The killings were carried out in Toppan's capacity as anurse, targeting patients and their family members. Toppan, who admitted to having committed the murders to satisfy asexual fetish, was quoted as saying that her ambition was ""to have killed",Jane Toppan,Jolly Jane,100,"In 1883, Toppan began training to be a nurse at Cambridge Hospital . Unlike her early years, where she was described as brilliant and terrible, at the hospital she was well-liked, bright, and friendly, earning her the nickname ""Jolly Jane"". Once she became close with the patients, she picked her favorite ones, who were normally elderly and very sick. During her residency, Toppan used her patients as guinea pigs in experiments with morphine and atropine ; she altered their prescribed dosages to s",1895–1901,,U.S.,,,"March 31, 1854","Boston, Massachusetts , U.S.","August 17, 1938","aged 84) Taunton, Massachusetts , U.S.",,,Involuntary commitment to a mental hospital for life,,"Categories; 1854 births; 1938 deaths; 19th-century American murderers; 19th-century American women; 20th-century American murderers; 20th-century American women; American female serial killers; American people of Irish descent; American women nurses; Female necrophiles; Necrophiles; Medical serial killers; Nurses convicted of murdering patients; Nurses from Massachusetts; People acquitted by reason of insanity; People from Lowell, Massachusetts; People from Taunton, Massachusetts; Poisoners; Serial killers from Massachusetts",2026-09-27 09:59:35
Charles Cullen,29.0,,,Medium (15-29),United States,1988,2003,Unknown,True,True,False,https://en.wikipedia.org/wiki/Charles_Cullen,"Charles Edmund Cullen(born February 22, 1960)is an Americanserial killer. While working as a nurse, Cullen murdered dozens—possibly hundreds—of patients during a 16-year career spanning several New Jersey and Pennsylvania medical centers until finally being arrested in 2003. He confessed to committing as many as 40 murdersat least 29 of which have been confirmed,though interviews with police, psychiatrists and journalists suggest he committed many more.Researchers have suggested that Cullen may ",Charles Cullen,,29,"The first murders to which Cullen later confessed occurred at Saint Barnabas. On June 11, 1988, he administered a lethal overdose of intravenous medication to a patient. [ 19 ] Cullen eventually admitted to killing several other patients at Saint Barnabas, including an AIDS patient who died after Cullen gave him an overdose of insulin . [ 6 ] Cullen left Saint Barnabas in January 1992 when the hospital authorities began investigating contaminated IV bags . [ 20 ] The investigation later determin",1988–2003,15.0,United States,,,"February 22, 1960","age 66) West Orange, New Jersey , U.S.",,,Nurse,,,,"Categories; 1960 births; 1988 murders in the United States; 20th-century American murderers; 21st-century American murderers; American male criminals; 21st-century American nurses; American people convicted of murder; American prisoners sentenced to life imprisonment; Criminals from New Jersey; Criminals from Pennsylvania; Living people; Male nurses; Medical serial killers; Nurses convicted of murdering patients; Nurses from New Jersey; People convicted of murder by New Jersey; People convicted of murder by Pennsylvania; Poisoners; Prisoners sentenced to life imprisonment by New Jersey; Prisoners sentenced to life imprisonment by Pennsylvania; Serial killers from New Jersey; Serial killers from Pennsylvania; United States Navy sailors; United States Navy submariners; West Orange High School (New Jersey) alumni; People from West Orange, New Jersey; 20th-century American nurses; Angel of mercy killers; Male murderers",2026-09-27 09:59:37
Stephan Letter,28.0,29.0,28.0,Medium (15-29),Germany,2003,2004,Unknown,True,True,False,https://en.wikipedia.org/wiki/Stephan_Letter,"Stephan Letter(born 17 September 1978) is a Germanserial killerand former nurse responsible for the murder of at least 29 patients while he worked at a hospital inSonthofen,Bavaria, between January 2003 and July 2004. His murders were described as the largest number of killings in Germany since theSecond World War, until the discovery ofNiels Högel'scrimes. Letter was a nurse at a hospital that treated a large elderly population.During his employment from January 2003 to July 2004, a pattern of ",Stephan Letter,,29,,January 2003 – July 2004,1.0,Germany,,,17 September 1978,"age 48) Herdecke , North Rhine-Westphalia , West Germany",,,,,,,Categories; 1978 births; German people convicted of murder; German prisoners sentenced to life imprisonment; German serial killers; Living people; Male nurses; Medical serial killers; Nurses convicted of murdering patients; People convicted of murder by Germany; People from Herdecke; Poisoners; Prisoners sentenced to life imprisonment by Germany,2026-09-27 09:59:40
Anders Hansson,,,,Very Low (<5),Sweden,,,Unknown,True,False,False,https://en.wikipedia.org/wiki/Malmö_Östra_hospital_murders,"TheMalmö Östra hospital murderswere aSwedishcase of serialsenicidecommitted by the 18-year-old Anders Hansson at a hospital inMalmöbetween October 1978 and January 1979.Hansson poisoned elderly patients during his working hours as anorderlywith the detergentsGevisol[sv](containssodium hydroxide; undiluted solution has apHof 12) andIvisol[sv](containspotassium hydroxide; undiluted solution has a pH of 13). At the long-term care part of the hospital, a total of 27 patients were poisoned to death, ",Malmö Östra hospital murders,,0,,,,Sweden,55°36′40″N 13°03′28″E ﻿ / ﻿ 55.61107°N 13.05775°E ﻿ / 55.61107; 13.05775 Simrisbanvägen 10; Malmö; Sweden,,,,,,,,,Weapon(s): Disinfectant,Categories; 1978 murders in Sweden; 1979 murders in Sweden; 1970s in Malmö; Swedish serial killers; Hospital scandals; Scandals in Sweden; Senicide; Crime in Malmö; Crime stubs; Sweden stubs,2026-09-27 09:59:42
Marcel Petiot,27.0,63.0,,High (30+),German-occupied France,,,Unknown,True,True,False,https://en.wikipedia.org/wiki/Marcel_Petiot,"Marcel André Henri Félix Petiot(17 January 1897 – 25 May 1946) was a French medical doctor andserial killer. He was convicted of multiple murders of Jews after the discovery of the remains of 23 people in the basement of his home inParisduringWorld War II. He is suspected of the murder of about 60 to 200 mostly Jewish victims during his lifetime, although the true number remains unknown.During the Nazi occupation of France in World War II, Petiot set up a fake escape network under the name “Dr. ",Marcel Petiot,Captain Valery; Docteur Satan,63,"On 11 March 1944, Petiot's neighbours in Rue Le Sueur complained to police about a foul stench in the area and large volumes of smoke billowing from a chimney of the house. Fearing a chimney fire, the police summoned firemen, who entered the house and found a great fire in a coal stove in the basement. In the fire, and scattered in the basement, were human remains. [ 3 ] In addition to those found in his basement, human remains were also found in a pit filled partly with quicklime in the backyar",,,German-occupied France,Paris,,17 January 1897,"Auxerre , Yonne , France",1946-05-25,"5) (aged 49) La Santé Prison , Paris , France",General practitioner,Executed,Executed,Weapon(s): Poison (by injection of cyanide ),Categories; 1897 births; 1946 deaths; The Holocaust in France; Burials at Ivry Cemetery; Executed French serial killers; Antisemitic attacks and incidents in Europe; French male criminals; French military personnel of World War I; French murderers of children; French people executed for war crimes; French people of World War II; 20th-century French politicians; Medical doctors convicted of murdering their patients; Medical serial killers; People convicted of murder by France; People executed by the Provisional Government of the French Republic by guillotine; People from Auxerre; Poisoners; Paris in World War II; War criminals of World War II; 20th-century French murderers; Male murderers,2026-09-27 09:59:44
Arnfinn Nesset,22.0,138.0,,High (30+),Norway,1981,1983,Unknown,True,True,False,https://en.wikipedia.org/wiki/Arnfinn_Nesset,"Arnfinn Nesset(25 October 1936 – 2 December 2025) was a Norwegian nurse and nursing home manager who was a convictedserial killer. His crimes include the murders of at least 22 people, as well as attempted murder, document forgery, andembezzlement. He may have murdered up to 138 people. In 1983, he was convicted of poisoning 22 patients and sentenced to 21 years in prison. He served 12 years and 10 years of supervision and was thought to be living under an assumed name. Nesset was born inTrøndel",Arnfinn Nesset,,138,"During the summer and autumn of 1981, a series of suspicious deaths were uncovered at the Orkdal nursing home that Nesset managed. When questioned by police, Nesset initially confessed to the murders of 27 patients, whom he claimed to have killed by injecting them with suxamethonium chloride , a drug to paralyze muscles. He was charged with 25 counts of homicide but later retracted his confession and denied all charges for the rest of his five-month trial. [ 1 ]",1981–1983,2.0,Norway,,,25 October 1936,"Trøndelag , Norway",2025-12-02,2) (aged 89),,,,,Categories; 1936 births; 2025 deaths; 20th-century Norwegian criminals; Medical serial killers; Norwegian male criminals; Norwegian nurses; Norwegian people convicted of murder; Norwegian serial killers; Nurses convicted of murdering patients; People convicted of murder by Norway; Poisoners,2026-09-27 09:59:46
Roger Andermatt,22.0,,,Medium (15-29),Switzerland,1995,2001,Unknown,True,True,False,https://en.wikipedia.org/wiki/Roger_Andermatt,"Roger Andermatt(born 1969), known asThe Death-Keeper ofLucerne, is aSwissserial killer. With 22 claimed victims between 1995 and 2001, he is the most prolific serial killer in Swiss criminal history. Andermatt worked as a nurse in various retirement homes in central Switzerland, including the Eichhof retirement home in Lucerne. All his victims were in need of care. The murders were noticed by an accumulation of deaths in certain homes. The victims in question's bodies were exhumed and autopsied ",Roger Andermatt,The Death-Keeper of Lucerne,22,,1995–2001,6.0,Switzerland,,,,"Lucerne , Switzerland",,,,,,,Categories; 1969 births; 20th-century murderers; Living people; Medical serial killers; Nurses convicted of murdering patients; Poisoners; Swiss serial killers; Swiss people convicted of murder; Swiss prisoners sentenced to life imprisonment; People convicted of murder by Switzerland; Prisoners sentenced to life imprisonment by Switzerland; Male murderers,2026-09-27 09:59:49
Linda Hazzard,,,,Very Low (<5),,,,Female,True,True,False,https://en.wikipedia.org/wiki/Linda_Hazzard,"Linda Laura Hazzard(néeBurfield; December 18, 1867 – June 24, 1938), nicknamed the ""Starvation Doctor"",was an Americanquack,swindler, and convictedserial killernoted for her promotion offasting,pummelingand hours-longenemasas treatments. In 1911, Hazzard was found guilty ofmanslaughterin the state ofWashingtonand was sentenced to 2 to 20 years of hard labor for killing at least 15 people for financial gain at asanitariumshe operated on theKitsap Peninsulain the early 20th century. She was releas",Linda Hazzard,Linda Burfield Hazzard; Starvation Doctor,0,,,,,,,"December 18, 1867","Carver, Minnesota , U.S.",1938-06-24,4) (aged 70),"Confidence trickster , alternative medicine practitioner",Imprisonment (1913–1915) Parole (1915) Pardon (1916),2 to 20 years in prison; Imprisonment (1913–1915) Parole (1915) Pardon (1916),,"Categories; 1867 births; 1938 deaths; American emigrants to New Zealand; American expatriates in New Zealand; American female serial killers; 20th-century American murderers; American people convicted of manslaughter; American prisoners and detainees; Deaths by starvation; Fasting advocates; Medical controversies in the United States; Medical serial killers; Orthopaths; People convicted for health fraud; People from Carver County, Minnesota; Prisoners and detainees of Washington (state); Pseudoscientific diet advocates; Recipients of American gubernatorial pardons; Serial killers from Washington (state)",2026-09-27 09:59:51
Maxim Petrov,11.0,19.0,,Medium (15-29),Russia,1999,2000,Unknown,True,True,False,https://en.wikipedia.org/wiki/Maxim_Petrov,"Maxim Vladimirovich Petrov(Russian:Максим Владимирович Петров, born 1965) is a Russianserial killer, convicted for the killing of 11 people inSt Petersburgbetween 1999 and 2000.Petrov, nicknamedDoctor Deathby the Russian media, was a practicingdoctorwho targeted patients from a local health center, killing them bylethal injectionat their homes thenrobbingthem. Petrov was sentenced tolife imprisonmentand is suspected to have killed up to 19 people until his arrest. Maxim Vladimirovich Petrov work",Maxim Petrov,Doctor Death,19,"Petrov committed his first murder on 2 February 1999 during his thirtieth robbery, when he was interrupted by the daughter of an anaesthetised patient who returned home while he was stealing. He stabbed the daughter with a screwdriver and then strangled the unconscious patient with a stocking . After this, Petrov's modus operandi changed: he began to use a lethal mix of a variety of different drugs to inject into his victims instead of an anaesthetic so that the victim would die, and so the poli",1999–2000,1.0,Russia,,,14 November 1965,"age 60) Kolpino , Leningrad Oblast , RSFSR , Soviet Union",,,,,,,Categories; 1965 births; Inmates of White Swan Prison; Living people; Medical doctors convicted of murdering their patients; Medical serial killers; People convicted of murder by Russia; Poisoners; Prisoners sentenced to life imprisonment by Russia; Emergency medical doctors; 20th-century Russian medical doctors; Russian people convicted of murder; Russian prisoners sentenced to life imprisonment; Russian serial killers; 21st-century Russian medical doctors,2026-09-27 09:59:54
Frédéric Péchier,30.0,,,High (30+),France,2008,2017,Unknown,True,True,False,https://en.wikipedia.org/wiki/Frédéric_Péchier,"TheBesançon poisoningswas a French legal case resulting in the conviction of FrenchanesthesiologistFrédéric Péchier to a life sentence for intentionally poisoning 30 patients and killing 12. The poisonings took place inBesançonbetween 2008 and 2017. A renowned physician in his field, Péchier was found guilty of deliberately inducingcardiac arrestor serious complications in surgical patients by manipulatinganesthetic infusionbags in order to position himself to intervene and appear as a savior, k",Frédéric Péchier,,30,"The Frédéric Péchier case, at the start of his trial, involves 30 alleged victims, 12 of whom are deceased. [ 4 ]",2008–2017,9.0,France,Saint-Vincent clinic and Franche-Comté Polyclinic; Besançon,,22 January 1972,"age 54) Angoulême , France",,,Anesthesiologist,Convicted; imprisoned; appeal planned,Life imprisonment with 22-year minimum term; Convicted; imprisoned; appeal planned,"Weapon(s): Contamination of anesthetic infusion bags with overdoses of potassium , local anesthetics (e.g., mepivacaine ), adrenaline , or heparin",Categories; 2017 crimes in France; Serial murders in France; Medical serial killers; Poisoners; Medical malpractice; Health care professionals convicted of murdering patients; French male criminals; Medical scandals in France; 2000s crimes in France; 2010s crimes in France; History of Besançon; 21st century in Bourgogne-Franche-Comté; Crime in Bourgogne-Franche-Comté,2026-09-27 09:59:56
Joan Vila Dilmé,11.0,,,Low (5-14),Spain,2009,2010,Unknown,True,True,False,https://en.wikipedia.org/wiki/Joan_Vila_Dilmé,"Aida Vila Dilmé(bornJoan Vila Dilmé, 26 September 1965), known asThe Caretaker of OlotandThe Angel of Death, is a Spanishserial killerand nursing assistant.She is responsible for at least 11 murders committed at the Fundació La Caritat inOlotbetween August 2009 and October 2010, with all her victims being elderly patients aged 80–96. In 2014, she was found guilty by theSupreme Court of Spainand sentenced to 127 years and a half imprisonment for her crimes. Vila was born on 26 September 1965, inC",Joan Vila Dilmé,The Caretaker of Olot; The Angel of Death,11,"At the beginning of 2006, after having worked in Banyoles and Salt, Vila was hired as a nursing assistant at the Fundació La Caritat nursing home in Olot, next to the Fluvià River . At the time the home was run by psychologist Joan Sala, who saw no harm in the new employee. [ 4 ] Vila's shifts were divided between holidays and weekends, and thus, she worked during hours when few staff were present at the facility. [ 6 ] After working there for three and a half years without incident, Vila began ",2009–2010,1.0,Spain,,,26 September 1965,"age 61) Castellfollit de la Roca , Catalonia , Spain",,,,,,,Categories; 1965 births; 21st-century Spanish criminals; Medical serial killers; Living people; People from Garrotxa; Poisoners; Prisoners and detainees of Spain; Spanish male criminals; Spanish people convicted of murder; Spanish prisoners and detainees; Spanish prisoners sentenced to life imprisonment; Spanish serial killers; 20th-century Spanish LGBTQ people; 21st-century Spanish LGBTQ people,2026-09-27 09:59:59
Vickie Dawn Jackson,10.0,,,Low (5-14),United States,2000,2001,Female,True,True,False,https://en.wikipedia.org/wiki/Vickie_Dawn_Jackson,"Vickie Dawn Carson Jackson(néeCarson; born February 13, 1966)is an Americanserial killerwho killed at least 10 patients at the Nocona General Hospital inNocona, Texas, between 2000 and 2001, using the muscle paralytic drugmivacurium. Despite protesting her innocence, she was found guilty on all counts and sentenced tolife imprisonment. Born Vickie Dawn Carson on February 13, 1966, inMontague County, Texas, little is publicly known about Jackson's early life. Alicensed vocational nursesince 1989,",Vickie Dawn Jackson,,10,,2000–2001,1.0,United States,,,"February 13, 1966","age 60) Montague County, Texas , U.S.",,,,,,,"Categories; Living people; 1966 births; 21st-century American murderers; American female serial killers; American people convicted of murder; American prisoners sentenced to life imprisonment; Medical serial killers; Nurses convicted of murdering patients; Nurses from Texas; People convicted of murder by Texas; People from Montague County, Texas; Poisoners; Prisoners sentenced to life imprisonment by Texas; Serial killers from Texas",2026-09-27 10:00:02
Ann Arbor Hospital Killer,,,,Very Low (<5),,,,Unknown,True,True,False,https://en.wikipedia.org/wiki/Ann_Arbor_Hospital_Murders,"TheAnn Arbor Hospital murderswere the murders of 10 patients by unauthorized administration in theirIVof thecuraredrugPavulonin anAnn Arbor, Michigan,VA hospitalin 1975. After a vastFBIinvestigation into the deaths, the nurses Filipina Narciso and Leonora Perez were charged with murder but convicted only for the charges ofpoisoningandconspiracy. Public opinion was against prosecution of the nurses on the basis that they could have had only the most trivial of possible motives for conspiring to c",Ann Arbor Hospital Murders,,0,,,,,,,,,,,,,,,"Categories; Medical serial killers; 1975 in Michigan; 1975 murders in the United States; Ann Arbor, Michigan; Anti-Filipino sentiment; Anti-Asian sentiment in the United States; Filipino-American history; History of racism in Michigan; Hospital scandals; Medical controversies in the United States; Overturned convictions in the United States; Serial killers from Michigan; Serial murders in the United States; Unidentified American serial killers; Unsolved murders in Michigan",2026-09-27 10:00:05
Ludivine Chambet,10.0,,,Low (5-14),France,2012,2013,Female,True,True,False,https://en.wikipedia.org/wiki/Ludivine_Chambet,"Ludivine Chambet(born 10 May 1983) is a Frenchserial killerandunlicensed nursing assistant, who murdered people in a retirement home nearChambéry. She was prosecuted for poisoning 13 elderly people between September 2012 and November 2013, resulting in the deaths of 10 victims. On 23 May 2017, she was sentenced to 27 years' imprisonment. Ludivine Chambet, then aged 34, was a former caregiver in the Chambéry hospital, initially working in various nursing homes aroundJacob-BellecombetteinSavoie. D",Ludivine Chambet,The Poisoner of Chambéry,10,"On 27 November 2013, a resident of the Accommodation Facility for Dependent Elderly People ( EHPAD ) suddenly fell into a coma and died quickly after hospitalization. Toxicological tests revealed the presence of drugs such as neuroleptics and antidepressants, which were not part of the treatment. The death of this resident followed other similar cases of elderly people, also residents of the EHPAD, who died quickly for unexplained reasons. Aged from 76 to 96 years, they had no threats to their l",2012–2013,1.0,France,,,10 May 1983,age 43) France,,,,,,,Categories; 1983 births; French female murderers; French female serial killers; French serial killers; Living people; Medical serial killers; People convicted of murder by France; Poisoners; 21st-century French murderers,2026-09-27 10:00:07
Frederick Mors,8.0,,,Low (5-14),United States,1914,1915,Unknown,True,True,False,https://en.wikipedia.org/wiki/Frederick_Mors,"Frederick Mors(bornCarl Menarik, 2 October 1889 – 1918?) was an Austrianserial killer.Mors killed eight elderly patients bypoisonwhile employed in a nursing home inNew York City.He was very cooperative, readily admitting to the murders when questioned by police. After being arrested, Mors was diagnosed as amegalomaniacand committed to aninsane asylum.He laterescaped. Morsimmigratedto New York City from his nativeAustria-Hungaryin June 1914.TheGerman-speakingMors gained employment as a porter for",Frederick Mors,Frederick Maurice Beno,8,"In the four-month period from September 1914 to January 1915, 17 residents—an unusually high number—died at the Home. [ 2 ] Fearing foul play, the administration called the police in to investigate. Mors had used arsenic and chloroform to murder at least eight of the elderly residents. He later claimed he was ""putting them out of their misery"" . [ 2 ] He committed his first murder using arsenic, purchased from a local druggist. [ 2 ] Encountering some difficulties with this method, he later swit",1914–1915,1.0,United States,,,2 October 1889,"Vienna, Austria",1918,"918 (aged 28 – 29) Torrington, Connecticut , U.S.",,,,,Categories; 1889 births; 20th-century American murderers; American male criminals; 1918 suicides; 1918 deaths; American escapees; Austrian serial killers; 20th-century Austrian criminals; Emigrants from Austria-Hungary to the United States; Escapees from New York (state) detention; Fugitives; Medical serial killers; People from Vienna; Poisoners; Serial killers from New York City; Suicides by poison; Suicides in Connecticut; Male suicides; Male murderers,2026-09-27 10:00:09
Elizabeth Wettlaufer,14.0,8.0,6.0,Low (5-14),Canada,2007,2016,Female,True,True,False,https://en.wikipedia.org/wiki/Elizabeth_Wettlaufer,"Elizabeth Tracy Mae ""Bethe"" Wettlaufer(néeParker; born June 10, 1967)is a convicted Canadianserial killerand formerregistered nursewho confessed to murdering eight senior citizens and attempting to murder six other people insouthwestern Ontariobetween 2007 and 2016.With a total of 14 victims either killed or injured by her actions, she is described as one of the deadliest serial killers in Canadian history. Elizabeth Wettlaufer was born and raised inZorra Township, a rural community nearWoodstoc",Elizabeth Wettlaufer,Beth Parker Betty Weston,14,"While she was a nurse at Caressant Care, Wettlaufer began injecting some of the patients she cared for with insulin . In some cases, the amount was not enough to kill the patient; she was charged with, and confessed to, aggravated assault or attempted murder for those cases. Wettlaufer's first assaults occurred sometime between June 25 and December 31, 2007. She confessed that she injected sisters Clotilde Adriano (age 87) and Albina Demedeiros (88) with insulin. While they later died, their dea",2007–2016,9.0,Canada,Southwestern Ontario,,"June 10, 1967","age 59) Zorra , Ontario , Canada",,,,Incarcerated,Incarcerated,Weapon(s): Insulin injection,"Categories; 1967 births; 21st-century Canadian murderers; 21st-century Canadian LGBTQ people; Canadian female serial killers; Canadian nurses; Canadian people convicted of assault; Canadian people convicted of murder; Canadian prisoners sentenced to life imprisonment; Canadian serial killers; Canadian women nurses; Conestoga College alumni; Criminals from Ontario; Heritage College & Seminary alumni; Huron Park Secondary School alumni; Living people; Medical serial killers; Nurses convicted of murdering patients; People convicted of attempted murder; People convicted of murder by Canada; People from Woodstock, Ontario; Poisoners; Prisoners sentenced to life imprisonment by Canada; Senicide; Angel of mercy killers",2026-09-27 10:00:12
Marianne Nölle,,,,Very Low (<5),,1984,1992,Female,True,True,False,https://en.wikipedia.org/wiki/Marianne_Nölle,"Marianne Nölle(1938 – 28 July 2022) was a Germanserial killerfromCologne. She was sentenced tolife imprisonmentin 1993 for seven murders. Nölle was a nurse who between 1984 and 1992 killed patients in her care usingTruxal.Police believe she killed a total of 17 and attempted 18 other murders, but she was convicted of only seven.She never confessed to her crimes. She died on 28 July 2022, at the age of 84. This German biographical article related to crime is astub. You can help Wikipedia byadding",Marianne Nölle,,0,"Nölle was a nurse who between 1984 and 1992 killed patients in her care using Truxal . [ 1 ] Police believe she killed a total of 17 and attempted 18 other murders, but she was convicted of only seven. [ 1 ] She never confessed to her crimes. She died on 28 July 2022, at the age of 84. [ 2 ]",1984–1992,8.0,,,,1938,"38 ) Cologne , Germany",28 July 2022,aged 83–84),Nurse,,Life imprisonment,,Categories; Medical serial killers; 1938 births; 2022 deaths; German female serial killers; 20th-century German murderers; German serial killers; German people convicted of murder; German prisoners sentenced to life imprisonment; German women nurses; 20th-century German nurses; Nurses convicted of murdering patients; People convicted of murder by Germany; Poisoners; Prisoners sentenced to life imprisonment by Germany; People from Cologne; Crime biography stubs; German people stubs,2026-09-27 10:00:14
Lucy Letby,,,,Very Low (<5),England,2015,2016,Unknown,True,True,False,https://en.wikipedia.org/wiki/Lucy_Letby,"Lucy Letby(born 4 January 1990) is a British formerNHSneonatal nurseconvicted ofmurderingseven babies and attempting to murder seven others at theCountess of Chester HospitalinChesterbetween June 2015 and June 2016. She was investigated after an unusual cluster of deaths in the hospital'sneonatal unit. Charged in November 2020 with seven counts of murder and fifteen counts of attempted murder relating to seventeen babies, Letby was prosecuted on the basis of her presence at many of the incidents",Lucy Letby,,0,,June 2015 – June 2016,1.0,England,Cheshire,,4 January 1990,"age 36) Hereford , England",,,Former NHS nurse,"Imprisoned at HM Prison Bronzefield , Surrey","Imprisoned at HM Prison Bronzefield , Surrey",,Categories; 1990 births; 21st-century English women; 21st-century British nurses; Alumni of the University of Chester; British people convicted of attempted murder; British women nurses; English nurses; English prisoners sentenced to life imprisonment; Living people; Nurses convicted of murdering patients; People convicted of murder by England and Wales; People educated at Aylestone School; People from Hereford; Prisoners sentenced to whole life orders by England and Wales; Forensic statistics; 21st-century prisoners and detainees; 21st-century English people; Infanticide in the United Kingdom,2026-09-27 10:00:18
Orville Lynn Majors,6.0,130.0,,High (30+),United States,1993,1995,Unknown,True,True,False,https://en.wikipedia.org/wiki/Orville_Lynn_Majors,"Orville Lynn Majors(April 24, 1961 – September 24, 2017) was alicensed practical nurseandserial killerwho was convicted of murdering his patients inClinton, Indiana. Though he was tried for only seven murders and convicted of six, he was believed to have caused additional deaths between 1993 and 1995, when he was employed by the hospital at which the deaths occurred and for which he was investigated.It was reported that he murdered patients whom he claimed were demanding, whiny, or disproportion",Orville Lynn Majors,,130,,1993–1995,2.0,United States,,,"April 24, 1961","Linton, Indiana , U.S.",2017-09-24,"4) (aged 56) Indiana State Prison , Michigan City, Indiana , U.S.",Licensed practical nurse,,,,"Categories; 1961 births; 2017 deaths; 1993 murders in the United States; 1994 murders in the United States; 1995 murders in the United States; American people convicted of murder; American people who died in prison custody; Male nurses; Medical serial killers; Nurses convicted of murdering patients; People convicted of murder by Indiana; People from Clinton, Indiana; People from Linton, Indiana; Poisoners; Prisoners who died in Indiana detention; Serial killers from Indiana; Serial killers who died in prison custody; Senicide; 20th-century American murderers; Male murderers",2026-09-27 10:00:20
Efren Saldivar,6.0,200.0,,High (30+),United States,1988,1998,Unknown,True,True,False,https://en.wikipedia.org/wiki/Efren_Saldivar,"Efren Saldivar(born September 30, 1969) is an Americanserial killerwho murdered patients while working as arespiratory therapistatAdventist Health Glendale, named at that time Glendale Adventist Medical Center inGlendale, California. Born inBrownsville, Texas, he graduated from the College of Medical and Dental Careers inNorth Hollywood, Californiain 1988. He obtained work as a respiratory therapist employed by theGlendale Adventist Medical Center, working thenight shiftwhen there were fewer sta",Efren Saldivar,,200,"While working at Adventist Health Glendale in Glendale, California, Saldivar killed his patients by injecting a paralytic drug which led to respiratory and/or cardiac arrest . These drugs could have included morphine and suxamethonium chloride as they were found in his locker with fresh and used syringes. [ 1 ] Pancuronium (brand name Pavulon) was used in six murders; [ 2 ] this drug is used to stop a patient's respiration when they are about to be put on a medical ventilator . He was careful in",1988–1998,10.0,United States,,,"September 30, 1969","age 56) Brownsville, Texas , U.S.",,,,,,,"Categories; 1969 births; American male criminals; American people convicted of murder; American people of Mexican descent; American prisoners sentenced to life imprisonment; Health care professionals convicted of murdering patients; People convicted of murder by California; People from Brownsville, Texas; Prisoners sentenced to life imprisonment by California; Living people; Medical serial killers; Poisoners; Serial killers from California; Respiratory therapists; Angel of mercy killers",2026-09-27 10:00:22
Christine Malèvre,,,,Very Low (<5),,,,Female,True,True,False,https://en.wikipedia.org/wiki/Christine_Malèvre,"Christine Malèvre(born 10 January 1970) is a formernursewho was arrested in 1998 on suspicion of having killed as many as 30 patients. She confessed to some of themurders, but claimed she had done so at the request of the patients, who were allterminally ill. France, however, does not recognize aright to die, and Malèvre eventually recanted most of her confessions. The families of several of her victims strongly denied that their relatives had expressed any will to die, much less asked Malèvre t",Christine Malèvre,,0,,,,,François Quesnay Hospital; Mantes-la-Jolie; Paris,,10 January 1970,age 56),,,Nurse,,,,Categories; 1970 births; French female serial killers; French serial killers; French people convicted of murder; French women nurses; French nurses; Living people; Medical serial killers; Nurses convicted of murdering patients; People convicted of murder by France; Poisoners,2026-09-27 10:00:24
Antoinette Scieri,,,,Very Low (<5),,,,Female,True,True,False,https://en.wikipedia.org/wiki/Antoinette_Scieri,"Antoinette Scieri(1890–1968) was a Frenchnurseconvicted ofmurderingher elderlypatients. Scieri was born inItalyand studied nursing atDoullensduringWorld War I.She was arrested and imprisoned for fraud and theft in 1915 for stealing valuables and posing as injured men to receive funds. After her release in 1916, she moved toSaint-Gillesin 1920 with her violent and abusive partner and began work as a private nurse.Deaths began in 1924 and continued through 1926. On April 27, 1926, she was convicte",Antoinette Scieri,,0,,,,,,,,,1969,69 ),nurse,,,,Categories; 1890 births; French female murderers; French female serial killers; French serial killers; Italian emigrants to France; Medical serial killers; People convicted of murder by France; Poisoners; Serial killers who died in prison custody; 1968 deaths; 20th-century French murderers; French medical biography stubs,2026-09-27 10:00:26
Milka Pavlović,6.0,,,Low (5-14),Yugoslavia,1934,,Female,True,False,False,https://en.wikipedia.org/wiki/Milka_Pavlović,"Milka Pavlović(1905 – 18 May 1935) was a Croatianserial killer. A peasant woman living in Stari Pavljani, nearBjelovar, she poisoned family members, relatives and servants witharsenicbetween March and July 1934, succeeding in killing six and wounding ten others so she could acquire their inheritance. After being convicted of the crimes, she wassentenced to deathand subsequently executed. Little documentation of Pavlović's early life exists. She was born in 1905 in the small village of Kokinac, a",Milka Pavlović,,6,,March – July 1934,,Yugoslavia,,,1905,"05 ) Kokinac, Kingdom of Croatia-Slavonia , Austria-Hungary",1935-05-18,"8) (aged 29–30) Bjelovar , Kingdom of Yugoslavia",,,,,Categories; 1905 births; 1935 deaths; Croatian female criminals; Croatian serial killers; Executed Yugoslav people; Executed serial killers; Female serial killers; Perpetrators of mariticide; 20th-century murderers; People convicted of attempted murder; People convicted of murder by Yugoslavia; People executed by Yugoslavia by hanging; People from Bjelovar-Bilogora County; Poisoners; Yugoslav people convicted of murder,2026-09-27 10:00:29
Ahmad Ahmadi,,,,Very Low (<5),Iran,,,Unknown,True,True,False,https://en.wikipedia.org/wiki/Ahmad_Ahmadi,"Ahmad Ahmadi(Persian:احمد احمدی; 1885 – October 1944, known asPezeshk Ahmadimeaning Physician Ahmadi) was anIraniannurse. He was born inMashhadto Mohammad Ali Ahmadi. He worked as a nurse atQasr PrisoninTehran, where he was ordered to killpolitical prisoners; he was laterexecutedfor these crimes. While he was employed atTehran'sQasr prison, he was ordered to kill numerouspolitical prisoners. Many political prisoners died under his notoriousair injections. Some of the more famous wereMirza Mohamm",Ahmad Ahmadi,,0,"While he was employed at Tehran 's Qasr prison , he was ordered to kill numerous political prisoners . Many political prisoners died under his notorious air injections . Some of the more famous were Mirza Mohammad Farrokhi Yazdi , Abdolhossein Teymourtash , Sardar As'ad and his brother Khānbābā Khān As'ad, Taghi Arani , and Ayatollah Mirza Mohammad Najafi Khorasani (Ayatollah Aghazadeh). Ahmadi was generally paid 10 to 15 Iranian tomans for every person he killed. If the victim was more prominen",,,Iran,,,,,,"Toopkhaneh , Tehran, Iran",,Executed by hanging,Executed by hanging,,Categories; 1885 births; 1944 deaths; 20th-century murderers; Executed Iranian serial killers; Iranian nurses; Medical doctors convicted of murdering their patients; Medical serial killers; People convicted of murder by Iran; People executed by Pahlavi Iran; People executed by Iran by hanging; People from Mashhad; Politicide perpetrators; Political repression in Iran; People executed by public hanging; Male murderers,2026-09-27 10:00:32
Brenda Agüero,,,,Very Low (<5),Argentina,2022,2022,Female,True,True,False,https://en.wikipedia.org/wiki/Brenda_Agüero,"Brenda Cecilia Agüero(born 2 June 1995) is an Argentineserial killerand formerneonatal nurseconvicted of the murder of five babies under her care. Between March and June 2022, Agüero deliberately injected healthy babies with overdoses of potassium or insulin (or both), killing five and causingdecompensationsin eight others. Agüero was charged with five counts of ""aggravated murder for applying the insidious method of potassium incompatible with life"".Agüero was later charged with eight other cou",Brenda Agüero,,0,The following list is the cases of either deaths or decompensations for which Agüero was convicted.,18 March 2022 – 6 June 2022,0.0,Argentina,,,2 June 1995,"age 31) [ 1 ] Buenos Aires , Argentina [ 1 ]",,,Nurse,Incarcerated,Incarcerated,,Categories; 1995 births; Living people; 2022 murders in Argentina; Nurses convicted of murdering patients; Medical serial killers; Argentine murderers of children; Prisoners sentenced to life imprisonment by Argentina; People convicted of murder by Argentina; People convicted of attempted murder; People with antisocial personality disorder; Argentine women nurses; Argentine nurses; Argentine female serial killers; 21st-century murderers; Argentine prisoners sentenced to life imprisonment; Child murder in Argentina; Argentine people convicted of murder,2026-09-27 10:00:34
Kristen Gilbert,4.0,,,Very Low (<5),United States,1995,1989,Female,True,True,False,https://en.wikipedia.org/wiki/Kristen_Gilbert,"Kristen Heather Gilbert(néeStrickland; born November 13, 1967) is an Americanserial killerand former nurse who was convicted of four murders and two attempted murders of patients admitted to theVeterans Affairs Medical Center(VAMC) inNorthampton, Massachusetts.She induced cardiac arrest in patients by injecting theirintravenous therapybags with lethal doses ofepinephrine, commonly known as adrenaline, which is an untraceable heart stimulant. She would then respond to the coded emergency, often r",Kristen Gilbert,The Angel of Death,4,"In 1989, Gilbert joined the staff of the Veterans Affairs Medical Center in Northampton. She was featured in the magazine VA Practitioner in April 1990. Although other nurses noticed a high number of deaths on Gilbert's watch, they passed it off and jokingly called her ""The Angel of Death."" In 1996, however, three nurses reported their concern about an increase in cardiac arrest deaths [ 15 ] and a decrease in the supply of epinephrine, and an investigation ensued. Gilbert telephoned in a bomb t",1995 – 1996 (Gilbert is suspected of deaths dating back to 1989),-6.0,United States,,,"November 13, 1967","age 58) Fall River, Massachusetts , U.S.",,,Nurse,Incarcerated,Incarcerated,,"Categories; 1967 births; 20th-century American women; 21st-century American women; American female serial killers; 20th-century American murderers; American people convicted of murder; American people convicted of attempted murder; American people convicted of assault; American prisoners sentenced to life imprisonment; American women nurses; Bridgewater State University alumni; Living people; Medical serial killers; Nurses convicted of murdering patients; People convicted of murder by the United States federal government; People from Fall River, Massachusetts; People from Setauket, New York; Poisoners; Prisoners sentenced to life imprisonment by the United States federal government; Serial killers from Massachusetts; Violence against men in the United States; Nurses from Massachusetts",2026-09-27 10:00:36
Frans Hooijmaijers,5.0,259.0,,High (30+),Netherlands,1970,1975,Unknown,True,True,False,https://en.wikipedia.org/wiki/Frans_Hooijmaijers,"Frans Hooijmaijers(October 24, 1935 – August 20, 2006), known asFat Frans(Dutch:Dikke Frans), was a Dutchserial killerand former nurse who was convicted for killing five patients at a hospital inKerkradefrom 1970 to 1975, but was suspected to have killed approximately 259 people. After serving 18 years for his confirmed murders, he was released in 1987 and lived as a free man until his death in 2006. Frans Hooijmaijers was born on October 24, 1935, in Kerkrade. While little is known of his child",Frans Hooijmaijers,Fat Frans; The Good Samaritan,259,"During his tenure at the Lückerheide Clinic, a total of 325 patients died, with approximately 259 of them being considered doubtful and 112 considered highly suspicious. [ 2 ] The number of deaths was considered highly unusual, as during the same period, only 78 patients died in other wards on which Hooijmaijers was not active. As a murder weapon, he would use syringes filled with either insulin or valium , as those substances were hard to trace and the deaths appeared more natural. When the vic",1970–1975,5.0,Netherlands,,,"October 24, 1935","Kerkrade , Netherlands",2006-08-20,0) (aged 70) Netherlands,,,,,Categories; 1935 births; 2006 deaths; 20th-century Dutch criminals; Dutch Catholics; Dutch people convicted of murder; Dutch prisoners sentenced to life imprisonment; Dutch serial killers; Medical serial killers; People convicted of murder by the Netherlands; People from Kerkrade; Poisoners; Prisoners sentenced to life imprisonment by the Netherlands,2026-09-27 10:00:39
Amy Archer-Gilligan,5.0,,,Low (5-14),United States,1907,1917,Female,True,True,False,https://en.wikipedia.org/wiki/Amy_Archer-Gilligan,"Amy Duggan""Sister""Archer-Gilligan(October 31, 1873– April 23, 1962)was anursing homeproprietor andserial killerfromWindsor, Connecticut. She murdered at least five people by poisoning them. One of her victims was her second husband, Michael Gilligan; the others were residents of her nursing home. It is possible that Archer-Gilligan was involved in more deaths. The authorities counted 48 deaths in her nursing home, the ""Archer Home for the Elderly and Infirm."" The case attracted wide publicity at",Amy Archer-Gilligan,Sister Theresa,5,"Between 1907 and 1917, there were 60 deaths in the Archer Home. Relatives of her clients grew suspicious as they tallied the large number of deaths. Only 12 residents died between 1907 and 1910, but 48 residents died between 1911 and 1916. Among them was Franklin R. Andrews, an apparently healthy man. On the morning of May 29, 1914, Andrews was doing some gardening in the Archer house. His robust physical condition deteriorated in a single day and he was dead by evening. The official cause of de",1907–1917,10.0,United States,,,"October 31, 1873","Milton, Connecticut , U.S.",1962-04-23,"3) (aged 88) Middletown, Connecticut , U.S.",,,,,"Categories; Medical serial killers; 1873 births; 1962 deaths; 20th-century American murderers; 19th-century American businesswomen; 20th-century American businesspeople; 20th-century American businesswomen; American female serial killers; American people convicted of murder; American people who died in prison custody; American prisoners sentenced to death; Criminals from Connecticut; Deaths in psychiatric hospitals; Health care professionals convicted of murdering patients; Perpetrators of mariticide; People convicted of murder by Connecticut; People from Newington, Connecticut; Poisoners; Prisoners sentenced to death by Connecticut; Prisoners who died in Connecticut detention; Serial killers from Connecticut; Women sentenced to death",2026-09-27 10:00:42
Sonya Caleffi,5.0,,,Low (5-14),Italy,2003,2004,Female,True,True,False,https://en.wikipedia.org/wiki/Sonya_Caleffi,"Sonya Caleffi(born 21 July 1970) is an Italian serial killer. She was suspected of killing 15 to 18 people and convicted of five of them. At fifteen, Caleffi began to suffer fromdepressionandanorexia nervosa, but at school, she remained a very quiet girl, with good performance in school. Between 1990 and 1993, she attended courses to become a professional nurse at the Valduce Hospital ofComo. In 1993, she married a carpenter fromCernobbioafter being engaged for six months. Continuous quarrels be",Sonya Caleffi,,5,,2003–2004,1.0,Italy,,,21 July 1970,"age 56) Como , Italy",,,,,,,Categories; 1970 births; Italian female serial killers; Italian serial killers; 21st-century Italian murderers; Italian people convicted of murder; Living people; Medical serial killers; People from Como; Poisoners; Nurses convicted of murdering patients,2026-09-27 10:00:44
Aino Nykopp-Koski,5.0,,,Low (5-14),Finland,2004,2009,Female,True,True,False,https://en.wikipedia.org/wiki/Aino_Nykopp-Koski,"Aino Nykopp-Koski(born November 1950) is aFinnishserial killer. She worked as a nurse and was found guilty of killing five patients and the attempted murder of five more. No motive was established for the murders. Between 2004 and 2009 Nykopp-Koski worked at a range of hospitals, care homes and patients' homes. There she killed five elderly patients usingsedativesandopiates. She was apprehended in March 2009. Nykopp-Koski was tried in Helsinki District Court in December 2010 and pleaded not guil",Aino Nykopp-Koski,,5,"Between 2004 and 2009 Nykopp-Koski worked at a range of hospitals, care homes and patients' homes. There she killed five elderly patients using sedatives and opiates . She was apprehended in March 2009. [ 2 ] Nykopp-Koski was tried in Helsinki District Court in December 2010 and pleaded not guilty, though the court convicted her. She was sentenced to life in prison (minimum of 12 years before likely pardon). During the mental health assessment, psychiatrists found out that Nykopp-Koski is psycho",2004–2009,5.0,Finland,,,,,,,,,,,Categories; 1950 births; Female serial killers; Finnish female murderers; Finnish serial killers; Living people; Medical serial killers; Nurses convicted of murdering patients; People with antisocial personality disorder; Poisoners; Angel of mercy killers,2026-09-27 10:00:47
Kimberly Clark Saenz,10.0,5.0,5.0,Low (5-14),United States,,,Female,True,True,False,https://en.wikipedia.org/wiki/Kimberly_Clark_Saenz,"Kimberly Clark Saenz(born November 3, 1973),also known asKimberly Clark Fowler, is a formerlicensed practical nurseand aconvictedserial killer.She was convicted of killing several patients at a Texasdialysiscenter by injectingbleachinto their dialysis lines. Saenz was born inFall River, Massachusetts, as Kimberly Fowler. Kim attendedCentral ISDinPollok, Texas(suburb of Lufkin, Texas) for at least her junior high and high school years. She was a cheerleader in junior high and part of high school.",Kimberly Clark Saenz,,10,"In the spring of 2008, DaVita's Lufkin clinic had an unusual spike in patients falling seriously ill during treatment. Emergency Medical Services had been called to the clinic 30 times in April, during the previous 15 months there had only been two such calls. [ 7 ] One patient, Thelma Metcalf, had to go to the emergency room several times due to getting too much heparin blood thinner ; other patients were going into cardiac arrest . The spike in Emergency Medical Service calls was especially un",,,United States,,,"November 3, 1973","age 52) Fall River, Massachusetts , U.S.",,,Former licensed practical nurse,,,,"Categories; 1973 births; 2008 murders in the United States; 20th-century American women; 20th-century American people; 21st-century American women; American female serial killers; 21st-century American murderers; American nurses; American people convicted of murder; American people convicted of assault; American prisoners sentenced to life imprisonment; American women nurses; Angelina College alumni; Living people; Medical serial killers; Nurses convicted of murdering patients; People convicted of murder by Texas; People from Lufkin, Texas; Poisoners; Prisoners sentenced to life imprisonment by Texas; Serial killers from Texas; Nurses from Massachusetts; Nurses from Texas; Angel of mercy killers",2026-09-27 10:00:49
Kermit Gosnell,4.0,,,Very Low (<5),United States,2006,2010,Unknown,True,True,False,https://en.wikipedia.org/wiki/Kermit_Gosnell,"Kermit Barron Gosnell(February 9, 1941 – March 1, 2026) was an Americanserial killerandabortion doctor. At his clinic inWest Philadelphia, Gosnell provided illegallate-term abortions, committed post-laborinfanticideafter manylive births, and ran a prescriptionpill millwhich eventually attracted federal attention. Gosnell was convicted of the murders of three infants who were born alive after using drugs to induce labor, themanslaughterof one woman who died of ananestheticoverdose during an abort",Kermit Gosnell,,4,,2006–2010,4.0,United States,,,"February 9, 1941","Philadelphia , Pennsylvania, U.S.",2026-03-01,"1) (aged 85) Huntingdon, Pennsylvania , U.S.",,Deceased,Deceased,,Categories; 1941 births; 2026 deaths; 20th-century African-American people; 20th-century American criminals; 21st-century American murderers; African-American medical doctors; American abortion providers; American murderers of children; American people convicted of drug offenses; American people convicted of manslaughter; American people convicted of murder; American prisoners sentenced to life imprisonment; Central High School (Philadelphia) alumni; Dickinson College alumni; Forced abortion; Infanticide in the United States; Child murder in Pennsylvania; Medical doctors convicted of murdering their patients; Medical serial killers; People convicted of murder by Pennsylvania; People convicted of racketeering; Medical doctors from Philadelphia; Prisoners sentenced to life imprisonment by Pennsylvania; Serial killers from Philadelphia; Thomas Jefferson University alumni; University of Pennsylvania alumni; Serial killers who died in prison custody; Prisoners who died in Pennsylvania detention,2026-09-27 10:00:52
Edson Izidoro Guimarães,4.0,131.0,,High (30+),Brazil,1999,,Unknown,True,True,False,https://en.wikipedia.org/wiki/Edson_Izidoro_Guimarães,"Edson Isidoro Guimarães(born 1957) is a Braziliannursing assistantand convictedserial killer.He confessed to five murders of which he was convicted of four, but is suspected of committing up to 131 in total. He claimed that he chose patients whose conditions were irreversible and who were in pain. Guimarães worked as a nurse in the Salgado Filho Hospital in the Méier district ofRio de Janeiro, Brazil. He was caught in 1999 when a hospital porter saw Guimarães fill asyringewithpotassium chloridea",Edson Izidoro Guimarães,The Nurse of Death,131,"Guimarães worked as a nurse in the Salgado Filho Hospital in the Méier district of Rio de Janeiro , Brazil. He was caught in 1999 when a hospital porter saw Guimarães fill a syringe with potassium chloride and inject a comatose patient who immediately died. The police were informed and a higher than average death rate on his ward increased their suspicions. On his arrest he confessed to five murders. [ 2 ] He told a television reporter prior to his trial, ""I don't regret what I did"", adding ""I d",January – May 1999,,Brazil,,,,Brazil,,,,,,,Categories; 1957 births; 1999 murders in Brazil; Brazilian nurses; Brazilian people convicted of murder; Brazilian serial killers; Living people; Medical serial killers; Male nurses; Nurses convicted of murdering patients; People convicted of murder by Brazil; Poisoners,2026-09-27 10:00:54
Michael Swango,4.0,60.0,,High (30+),United States,1981,1997,Unknown,True,True,False,https://en.wikipedia.org/wiki/Michael_Swango,"Michael Joseph Swango(bornJames Michael Swango,October 21, 1954) is an Americanserial killerand licensed physician who is estimated to have been involved in as many as 60 fatal poisonings of patients and colleagues in the United States and Zimbabwe; he admitted to causing four deaths. He was sentenced in 2000 to three consecutivelife termswithout the possibility of parole and is serving his sentence atADX Florenceat his own request. Michael Swango was born inTacoma, Washington,and raised inQuinc",Michael Swango,David J. Adams; Jack Kirk; Michael Kirk; Michael Swan,60,"Despite a very poor evaluation in his dean's letter from SIU, Swango gained a surgical internship at Ohio State University Medical Center in 1983, to be followed by a residency in neurosurgery . While he worked in Rhodes Hall at OSU, nurses noticed that apparently healthy patients began dying mysteriously with alarming frequency. Each time, Swango had been the floor intern. One nurse caught him injecting some ""medicine"" into a patient who later became strangely ill. [ 4 ] The nurses reported the",1981–1997,16.0,United States; Zimbabwe,,,"October 21, 1954","age 71) Tacoma, Washington , U.S.",,,,Incarcerated,Incarcerated,"Swango rarely changed his murder methods. With non-patients, such as his coworkers at the emergency medical service, he used poisons, usually arsenic , slipping them into foods and beverages. With patients, he sometimes used poisons as well, but usually he administered an overdose of whichever drug the patient had been prescribed, or wrote unnecessary prescriptions for dangerous drugs. [ 4 ]","Categories; 20th-century American criminals; 1954 births; American expatriates in Namibia; American expatriates in Zimbabwe; American people convicted of fraud; American people convicted of murder; American people convicted of making false statements; American prisoners sentenced to life imprisonment; American male criminals; Health in Zimbabwe; Inmates of ADX Florence; Living people; Medical doctors convicted of murdering their patients; Medical serial killers; Military personnel from Tacoma, Washington; Ohio State University people; People from Quincy, Illinois; Medical doctors from Ohio; Poisoners; Prisoners and detainees of Zimbabwe; Quincy University alumni; Serial killers from Illinois; Serial killers from New York (state); Serial killers from Ohio; Southern Illinois University alumni; United States Marines; Medical doctors from Tacoma, Washington; Criminals from Tacoma, Washington; Military personnel from Illinois; Medical doctors from Illinois; Criminals from Illinois; Military personnel from Ohio; Criminals from Ohio; Military personnel from New York (state); Criminals from New York (state); Medical doctors from New York (state); 21st-century prisoners and detainees of the United States federal government; Angel of mercy killers",2026-09-27 10:00:56
Richard Angelo,4.0,1.0,30.0,High (30+),United States,1987,,Unknown,True,True,False,https://en.wikipedia.org/wiki/Richard_Angelo,"Richard Angelo(born August 29, 1962) is an Americanserial killerand former nurse who operated withinLong IslandandWest Islip, New York.In 1989, he was convicted of murdering several of his patients and sentenced to 50-years-to-life in prison. Angelo was born on August 29, 1962, to parents who were both working in education. His mother was an economics teacher, and his father was a high school guidance counselor for theLindenhurstschool district onLong Island. He graduated fromSt. John the Baptis",Richard Angelo,,30,"A total of 32 bodies were exhumed in order to collect tissue samples. The presence of Pavulon was detected in the following seven victims: [ 7 ] [ 8 ] John Stanley Fisher , 75, of Amityville , died on September 8, 1987. Milton Poultney , 75, of Lindenhurst , died on September 16, 1987. Joseph Francis O'Neill , 79, of West Islip , died on September 21, 1987. Frederick LaGois , 65, of Babylon , died on October 9, 1987. Joan Hayes , 53, died on October 5, 1987. Gerolamo Kuchich , 73, from Yugoslavi",April – October 1987,,United States,,,"August 29, 1962","age 64) Long Island, New York , U.S.",,,,,,,Categories; 1962 births; 20th-century American criminals; American male criminals; American nurses; American people convicted of assault; American people convicted of manslaughter; American people convicted of murder; American prisoners sentenced to life imprisonment; Serial killers from New York City; Living people; Male nurses; Medical serial killers; Nurses convicted of murdering patients; People convicted of murder by New York (state); Poisoners; Prisoners sentenced to life imprisonment by New York (state); St. John the Baptist Diocesan High School alumni,2026-09-27 10:00:58
Colin Norris,4.0,10.0,1.0,Low (5-14),England,2002,,Unknown,True,True,False,https://en.wikipedia.org/wiki/Colin_Norris,"Colin Campbell Norris(born 12 February 1976) is a Britishserial killerwho was convicted of themurderof four elderly patients and theattempted murdersof two others in two hospitals inLeeds, England, in 2002. A police investigation showed Norris to be on duty when five patients fell into suddenhypoglycaemic comas. Suspicions were raised when Norris predicted that healthy Ethel Hall would die at 5:15am one morning, which is when she went into cardiac arrest, and tests revealed that she had been inj",Colin Norris,,10,"After the trial, Chris Gregg revealed that he and the other detectives believed Norris had been responsible for up to six other deaths at the hospitals. [ 56 ] [ 57 ] He was the only nurse on duty when three other suspicious deaths occurred, but police felt there was not enough evidence to pursue convictions for them. [ 57 ] Norris had also been arrested for another death of a patient, but the Crown Prosecution Service decided not to charge him in this case because of ""complicating factors"". [ 5",May – November 2002,,England,Leeds General Infirmary and St James's University Hospital; Leeds,,12 February 1976,"age 50) Milton, Glasgow , Scotland",,,,,Life imprisonment with a minimum tariff of 30 years imprisonment,Weapon(s): Overdoses of insulin,Categories; 1976 births; 20th-century Scottish LGBTQ people; 21st-century British murderers; 21st-century Scottish criminals; 21st-century Scottish LGBTQ people; British people convicted of attempted murder; Criminals from Glasgow; Living people; Male nurses; Medical serial killers; Nurses convicted of murdering patients; People convicted of murder by England and Wales; People with antisocial personality disorder; Poisoners; Prisoners sentenced to life imprisonment by England and Wales; Scottish gay men; Scottish nurses; Scottish people convicted of murder; Scottish prisoners sentenced to life imprisonment; Scottish serial killers; Senicide; Angel of mercy killers,2026-09-27 10:01:01
Beverley Allitt,13.0,4.0,,Low (5-14),United Kingdom,1991,,Female,True,True,False,https://en.wikipedia.org/wiki/Beverley_Allitt,"Beverly Gail Allitt(born 4 October 1968) is an Englishserial killerwho was convicted of murdering three infants and an 11-year-old boy, attempting to murder three others, and causinggrievous bodily harmto a six more atGrantham and Kesteven Hospital,Lincolnshire, between February and April 1991.She committed the murders as astate enrolled nurseon the hospital's children's ward. Allitt administered large doses ofinsulinto at least two of her victims and a largeair bubblewas found in the body of an",Beverley Allitt,The Angel of Death,13,,February – April 1991,,United Kingdom,,,4 October 1968,"age 57) Grantham , Lincolnshire, England",,,,Incarcerated,Incarcerated,"Weapon(s): Insulin , unknown toxic substances",Categories; 1968 births; 1991 in England; 1991 murders in the United Kingdom; 1993 in England; 20th-century English criminals; 20th-century British murderers; Alumni of Grantham College; British female serial killers; British serial killers; Criminals from Lincolnshire; English murderers of children; English nurses; English people convicted of murder; English prisoners sentenced to life imprisonment; English serial killers; Living people; Medical serial killers; Nurses convicted of murdering patients; People convicted of murder by England and Wales; People from Grantham; People with factitious disorders; Poisoners; Prisoners sentenced to life imprisonment by England and Wales; 20th-century English women; English female criminals; Angel of mercy killers; Infanticide in the United Kingdom,2026-09-27 10:01:03
Andrés Ulises Castillo Villarreal,3.0,12.0,,Low (5-14),Mexico,2009,2015,Unknown,True,False,False,https://en.wikipedia.org/wiki/Andrés_Ulises_Castillo_Villarreal,"Andrés Ulises Castillo Villarreal(born 1980) is a Mexicanserial killer, who was active in his hometown of Chihuahua City. He raped and murdered at least three men, as well as raping a teenager between 2009 and 2015.He confessed to around 12 murders, earning him the nicknamesThe Chihuahua RipperandThe Urban Development Ripper.He can be classified as an organized, sedentary and hedonistic murderer motivated by sexual compulsion. He was sentenced to 120 years imprisonment in 2017. Castillo, who was",Andrés Ulises Castillo Villarreal,The Chihuahua Ripper; The Urban Development Ripper,12,"Castillo's first identified victim was Lorenzo Ernesto Olivas Barrios, a 22-year-old man from Delicias , who had moved months before his death to the city of Chihuahua to work in a food company. [ 1 ] [ 11 ] [ 12 ] He lived with relatives in Colonia Vista Hermosa before disappearing on November 13, 2015, saying to a relative that he was going to buy ""some dinner"", but never returned. [ 13 ] Three days later, on November 16, his relatives reported his disappearance; they would not hear any news a",2009–2015,6.0,Mexico,,,,"Chihuahua City , Chihuahua , Mexico",,,,,,"Castillo, who was a narcomenudista (a small-time drug dealer [ 5 ] ), attracted his victims (young men who used methamphetamines ) with the promise of giving them drugs. He then drove them to secluded places on the outskirts of town or his own home, [ 6 ] where he would drug and intoxicate them. Afterwards, he would hit them on the head with a blunt object to first incapacitate and rape them, before hitting them on the head to kill them. [ 7 ] The bodies would then always be dismembered with a coping saw . [ 8 ] Castillo would transport the remains in a wheelbarrow and abandon them in vacant places, where he would either hide them partially or bury them completely. [ 7 ] [ 8 ] It is known that at least one of Castillo's victims was buried under the floor of his house. [ 9 ] Additionally, he would always leave toys next to the mutilated bodies as a ""signature"". [ 10 ]",Categories; 1980 births; Living people; Mexican rapists; Mexican serial killers; People from Chihuahua (state); People with antisocial personality disorder; People with sexual sadism disorder; Violence against men in North America,2026-09-27 10:01:05
Elfriede Blauensteiner,3.0,10.0,,Low (5-14),Austria,,,Female,True,True,False,https://en.wikipedia.org/wiki/Elfriede_Blauensteiner,"Elfriede Martha Blauensteiner(22 January 1931 – 16 November 2003), dubbedThe Black Widow,was anAustrianserial killerwho murdered at least three victims bypoison. In each case, she inherited the victim's possessions. Blauensteiner was acompulsive gamblerwho sought out wealthy, elderly men through newspaper personal advertisements, took them into her care, and had her lawyer falsify their wills before poisoning them to inherit their estates. She gambled away the proceeds in casinos, losing 15 mill",Elfriede Blauensteiner,The Black Widow,10,"Blauensteiner was a compulsive gambler who sought out wealthy, elderly men through newspaper personal advertisements, took them into her care, and had her lawyer falsify their wills before poisoning them to inherit their estates. She gambled away the proceeds in casinos, losing 15 million schilling at one casino alone. [ 2 ] [ 3 ] She killed using the diabetes drug Euglucon in combination with an antidepressant , inducing fatal hypoglycemia . Investigators noted that she became practiced enough ",,,Austria,,,22 January 1931,"Vienna , Austria",2003-11-16,6) (aged 72),,,,,Categories; Medical serial killers; 1931 births; 2003 deaths; Austrian female serial killers; Austrian serial killers; 20th-century Austrian criminals; Austrian people convicted of murder; Austrian people who died in prison custody; Austrian prisoners sentenced to life imprisonment; Burials at Feuerhalle Simmering; Deaths from brain cancer in Austria; Perpetrators of mariticide; People convicted of murder by Austria; Poisoners; Prisoners sentenced to life imprisonment by Austria; Prisoners who died in Austrian detention; Serial killers who died in prison custody; Crime biography stubs,2026-09-27 10:01:08
Philadelphia poison ring,,,,Very Low (<5),,,,Unknown,False,False,False,https://en.wikipedia.org/wiki/Philadelphia_poison_ring,"ThePhiladelphia poison ringwas amurder for hiregang led by Italian immigrant cousins, Herman and Paul Petrillo, in 1930sPhiladelphia, where the Italian community had more than doubled in 20 years from 76,734 in 1910 (the year the Petrillos arrived in the country) to over 155,000 by 1930 - just before the murder ring began operations. The activities of the ring came to light in 1938 and the cousins were ultimately convicted of first degree murder and executed byelectric chairin 1941. A Russian-Je",Philadelphia poison ring,,0,"The plan was to steal or buy a car, take Alfonsi out to a dark country road and hit him with the car, thus making the murder look accidental. [ 3 ] Herman Petrillo preferred the idea to steal the car rather than buy one, but Landvoight and Phillips were hoping to convince Petrillo to give them money to buy a car for the murder, as it would give them the opportunity that Phillips had so long prayed for, to arrest him on counterfeit charges. In the end, Petrillo sold them some fake tender, ostensi",,,,,,,,,,,,,,Categories; Crimes in Philadelphia; Italian-American gangs; Poisoners; Secret societies related to organized crime; Serial murders in the United States; Capital murder cases,2026-09-27 10:01:10
Abboud and Khajawa,100.0,,,High (30+),Ottoman Empire (present-day Iraq ),1917,,Female,False,False,False,https://en.wikipedia.org/wiki/Abboud_and_Khajawa,"Abboud al-Tabakh and Khajawa al-Dallah(Arabic: عبود وخجاوة; d. 1917) were Iraqiserial killersandcannibals. They were convicted of murdering and eating the remains of an elderly neighbour and dozens of children inMosulin 1917, luring most of their victims with the help of their young son. Considered some of the worst criminals in the country's history, the pair weresentenced to deathand subsequentlyhangedfor their crimes in 1917. Little information is available about the lives of Abboud and Khaja",Abboud and Khajawa,,100,"The couple committed their first known murder sometime in or before 1917, when they strangled to death an elderly female neighbour who had come to visit them. [ 4 ] They then cannibalized her remains, but because her meat was too tough and contained too much fat, they spent the night vomiting. On the next day, Khajawa suggested that they target children exclusively, as she expected them to taste much better. Abboud immediately agreed, and the couple began devising ways to kidnap potential victim",?–1917,,Ottoman Empire (present-day Iraq ),,,,,,,,,,,Categories; 1917 deaths; 19th-century births; 20th-century executions by Iraq; Animal cruelty incidents; Cannibals; Criminal couples; Executed Iraqi serial killers; 20th-century Iraqi criminals; Female cannibals; Female murderers of children; Female serial killers; Mass murders in Mosul; Iraqi people convicted of murder; Murderers of children; People convicted of murder by Iraq; People executed by Iraq by hanging; People executed by the Ottoman Empire by hanging; People from Mosul; People executed by public hanging; Serial killer duos; 20th century in Mosul,2026-09-27 10:01:11
Delfina and María de Jesús González,,,,Very Low (<5),,,,Female,False,False,False,https://en.wikipedia.org/wiki/Delfina_and_María_de_Jesús_González,"María Delfina González Valenzuela(1912 – 17 October 1968),María del Carmen González Valenzuela(1918–1949),María Luisa González Valenzuela(1920 – 19 November 1984) andMaría de Jesús González Valenzuela(1924–1990), known asLas Poquianchis, were four sisters from the westernMexican stateofJalisco. From 1950 until 1964, the sisters ran ""Rancho El Ángel"", the locus of their large-scaleprostitution ringand the site of the murder of at least 91 people, but it is believed that the four sisters killed mo",Delfina and María de Jesús González,,0,,,,,,,,,,,,,,,Categories; Criminal quartets; Criminal sisters; Female criminals; Female perpetrators of sex trafficking; People convicted of sex trafficking; Forced prostitution; Human trafficking in Mexico; Mexican brothel owners and madams; Mexican crime families; Mexican female gangsters; Mexican gangsters; Mexican female serial killers; Mexican serial killers; Mexican people convicted of murder; Mexican pimps; Mexican sex offenders; Mexican sex workers; People convicted of murder by Mexico; Sister quartets,2026-09-27 10:01:14
Angel Makers of Nagyrév,,,,Very Low (<5),Hungary,1914,1929,Female,True,False,False,https://en.wikipedia.org/wiki/Angel_Makers_of_Nagyrév,"TheAngel Makers of Nagyrév(Hungarian:Tiszazugi méregkeverők, ""Tiszazug poison-mixers"") were a group of 26 women and two menfrom villages in theTiszántúlregion of Hungary, who were suspected of poisoning a confirmed 45–50 people and a speculated but not confirmed 300 more between 1911 and 1929.[a] Eight of the suspects were sentenced to life in prison, two were given shorter sentences, and six were sentenced to death (three were actually executed).They were suppliedarsenicand encouraged to use it",Angel Makers of Nagyrév,,0,"Zsuzsanna Fazekas was a middle-aged midwife who arrived in Nagyrév in 1911, [ 11 ] with her husband already missing without explanation. Between 1911 and 1921, she was imprisoned ten times for performing illegal abortions but was consistently acquitted by judges. [ citation needed ] In Hungarian society at that time, the future husband of a teenage bride was selected by her family, and she was forced to accept her parents' choice. Divorce was rarely granted if the husband was an alcoholic or vio",1914–1929,15.0,Hungary,Location of Nagyrév in Hungary,,,,,,,,"6 death sentences, 3 of which were carried out; 8 others sentenced to life in prison",Weapon(s): Arsenic,Categories; 1914 murders in Hungary; 1919 murders in Hungary; 1920 murders in Hungary; 1929 murders in Hungary; 1910s in Hungary; 1910s murders in Hungary; 1920s in Hungary; 1920s murders in Hungary; Arsenic; Executed female serial killers; Executed Hungarian serial killers; Perpetrators of filicide; 20th-century murderers; Health care professionals convicted of murdering patients; Hungarian female serial killers; Hungarian serial killers; Hungarian people convicted of murder; Perpetrators of mariticide; Parricides; People convicted of murder by Hungary; Poisoners; Violence against men,2026-09-27 10:01:16
Ryno-Skachevsky gang,,,,Very Low (<5),,,,Unknown,False,False,False,https://en.wikipedia.org/wiki/Ryno-Skachevsky_gang,"TheRyno-Skachevsky gangwas aRussian racistserial killer groupcomposed of young men, seven of which in 2008 were convicted of beating and murdering people of ethnicities originated fromCaucasusandMiddle Asia.The band was headed byArtur RynoandPavel Skachevsky.In 2009 both of them were added to thelist of individuals banned from entering the United Kingdom, in the group added to this list for the first time ""for fostering extremism or hatred"".The reason given was that he and Pavel Skachevsky were ",Ryno-Skachevsky gang,,0,,,,,,,,,,,,,,,Categories; Anti-Asian sentiment in Russia; Anti-Caucasus sentiment in Russia; Anti–Central Asian sentiment in Russia; Gangs in Russia; Murder in Moscow; People convicted of murder by Russia; Racism in Russia; 21st-century Russian murderers; Russian people convicted of murder; Russian serial killers; Neo-Nazism in Russia; Racially motivated violence in Europe; Male murderers,2026-09-27 10:01:19
Gang of Amazons,,,,Very Low (<5),,2007,2013,Female,False,False,False,https://en.wikipedia.org/wiki/Gang_of_Amazons,"TheGang of Amazons(Russian:Банда «амазонок»,romanized:Banda ""amazonok"") is a family of serial killers fromStavropol,Russia, who committed a series of murders and robberies over a span of six years. Inessa Tarverdiyeva along with her husband Roman Podkopaev, 35, and two daughters Viktoria, 25, and Anastasiya, 13, began their murder spree in 2007, but some accounts detail offences as far back as 1998. Their spree lasted until their apprehension in 2013. The family was only dubbed the Gang of Amazo",Gang of Amazons,,0,"On 17 July 2008, in the Aksai district on the federal highway, the gang members shot a car in which Rostovites Alexei Sazonov and Julia Vasilyeva were travelling. Sazonov was killed, and Vasilyeva was seriously wounded. The family stole a purse with a driver's licence and a passport. [ 6 ] On 10 March 2009, on the outskirts of Novocherkassk , the family broke into a house and killed the two residents who lived there. They first shot them with the Saiga carbine and then finished them off with a k",2007–2013,6.0,,,,,,,,,,,,Categories; Crime families; Family murders; Female bandits; Bandits; Female criminals; Female mass murderers; Female robbers; Gangs in Russia; History of Rostov Oblast; Russian female serial killers; 21st-century Russian murderers; Russian mass murderers; Russian serial killers,2026-09-27 10:01:21
Borman Gang,29.0,,,Medium (15-29),Kazakhstan,1998,2000,Unknown,True,False,False,https://en.wikipedia.org/wiki/Borman_Gang,"TheBorman Gang(Russian:Банда Бормана) is the nickname given to a gang of Kazakhstaniserial killersand rapists led byAlexander Olegovich ""Borman"" Suvorov(Russian:Александр Олегович Суворов; born 1967), who were responsible for the murders of at least 29 people inAlmatyfrom 1998 to 2000. The majority of the gang's victims were prostitutes, but they were also known to have targeted teenage girls and at least four men in apparent robberies. The gang is considered one of the most unique criminal case",Borman Gang,,29,"As victims, the ""Borman Gang"" chose young women in their 20s and 30s who were engaged in prostitution in the area of the Almaty-1 railway station and Seyfullina Street, leading upwards to Almaty. [ 3 ] After placing the woman in Popikov's car, the gang members would take her to a wooded or suburban area – either the Iliyskiy or Karasayskiy districts – where they would subject the victim to beatings and various physical and sexual abuse, including inserting objects into her body. [ 4 ] Once finis",1998–2000,2.0,Kazakhstan,,,,,,,,,,,Categories; 20th-century criminals; 21st-century murderers; Kazakhstani serial killers; Living people; Kazakhstani people convicted of murder; People convicted of murder by Kazakhstan; Kazakhstani prisoners and detainees; Prisoners and detainees of Kazakhstan; Violence against women in Kazakhstan; History of Almaty; People from Almaty; Male murderers,2026-09-27 10:01:23
Brabant killers,,,,Very Low (<5),France,,,Unknown,False,False,False,https://en.wikipedia.org/wiki/Brabant_killers,"TheBrabant killers[a]are a group of unidentified criminals responsible for a series of violent attacks that mainly occurred in the Belgian province ofBrabantbetween 1982 and 1985.A total of 28 people died and 40 were injured in their attacks. The actions of the gang, believed to consist of a core of three men, made it Belgium's most notorious unsolved crime spree. The active participants were known as theGiant(French:Le Géant; a tall man who may have been the leader); theKiller(Le Tueur; the mai",Brabant killers,,0,,,,France,Brabant (mostly); also in East Flanders; Hainaut; and Namur; Belgium . On one occasion; in the town of Maubeuge; France .,,,,,,,,,"The items taken and paraphernalia they disposed of seemed to indicate that the gang were shooting enthusiasts involved in drug dealing and burglaries, combining their criminal activity with daytime jobs such as food preparation or scrap metal dealing. Under this interpretation, the crimes were largely for material reward and escalated out of bravado. On the other hand, odd elements were also evident: Robbery proceeds were modest relative to the extreme risks. Early raids were often amateurish – for example, the Giant not wearing gloves, and the Killer and the Old Man allowing themselves to be seen without masks while taking a car at gunpoint. The pause in the raids and the killings followed by the escalated resumption in 1985, when a nine-year-old girl and other bystanders were shot dead for no reason in the parking lot before the gang had entered the supermarkets. Firearms were a particular interest; the 12-gauge pump shotguns used were loaded with a rare buckshot similar to that used",Categories; 1982 in Belgium; 1982 murders in Belgium; 1983 in Belgium; 1983 murders in Belgium; 1985 in Belgium; 1985 murders in Belgium; 1980s murders in Belgium; Belgian mass murderers; Belgian serial killers; Conspiracy theories in Belgium; Controversies in Belgium; Gangs in Belgium; History of Walloon Brabant; Nivelles; Political controversies in Belgium; Serial mass murderers; Terrorism in Belgium; Terrorist incidents in Belgium in the 1980s; Unidentified serial killers; Unsolved mass murders; Unsolved murders in Belgium; 20th-century mass murders in Belgium,2026-09-27 10:01:29
Shankill Butchers,,,,Very Low (<5),,,,Unknown,False,False,False,https://en.wikipedia.org/wiki/Shankill_Butchers,"TheShankill Butcherswere anUlster loyalistparamilitary gang – many of whom were members of theUlster Volunteer Force(UVF) – that was active between 1975 and 1982 inBelfast,Northern Ireland. It was based in theShankillarea and was responsible for the deaths of at least 23 people, most of whom were killed insectarianattacks. The gang kidnapped, tortured and murdered random civilians suspected of being Catholics; each was beaten ferociously and had their throat slashed with a butcher's knife. Some ",Shankill Butchers,,0,"On 24–25 November 1975, using the city's sectarian geography to identify likely targets, Murphy roamed the areas nearest the Catholic New Lodge in the hope of finding someone likely to be Catholic to abduct. Francis Crossin [ 5 ] (34), a Catholic man and father of two, was walking down Library Street towards the city centre at approximately 12:40 am when four of the Butchers, in Moore's taxi, spotted him. As the taxi pulled alongside Crossin, Murphy jumped out and hit him on the right side of th",,,,,,,,,,,,,,Categories; Anti-Catholicism in Northern Ireland; Far-right politics in Northern Ireland; Gangs in Northern Ireland; Murder ballads; Shankill Butchers; The Troubles in County Antrim,2026-09-27 10:01:31
Ripper Crew,17.0,6.0,6.0,Medium (15-29),United States,1981,1982,Unknown,False,False,False,https://en.wikipedia.org/wiki/Ripper_Crew,"TheRipper Crewor theChicago Ripperswas anorganized crimegroup ofserial killers,cannibals,rapists, andnecrophiles. The group was composed of Robin Gechtand three associates: Edward Spreitzer and brothers Andrew and Thomas Kokoraleis.They were suspected in the murders of seventeen people by beheading, dismembering, disemboweling and gouging heart and lungs out or skinning inIllinoisin 1981 and 1982, as well as the unrelated fatal shooting of a man in a randomdrive-by shooting.According to one of t",Ripper Crew,The Chicago Rippers The Ripper Crew,17,"The gang's first victim was 28-year-old Linda Sutton, who was abducted on May 23, 1981. Ten days later, her mutilated body, with the left breast amputated, was discovered in a field behind the Moonlit Motel. [ 5 ] [ 6 ] On May 15, 1982, they abducted Lorraine Borowski as she was about to open the realtor's office where she worked. Her body was discovered five months later in a cemetery in Clarendon Hills . [ 5 ] On May 29, they abducted 30-year-old Shui Mak from Hanover Park at night. Mak, a rec","May 23, 1981 – October 6, 1982",1.0,United States,,,"November 30, 1953","age 72) Menard, Illinois , U.S. Andrew Kokoraleis ( 1963-07-18 ) July 18, 1963 Villa Park, Illinois , U.S. Thomas Kokoraleis ( 1960-07-10 ) July 10, 1960 (age 66) Villa Park, Illinois , U.S. Edward Spreitzer ( 1961-01-05 ) January 5, 1961 (age 65) Chicago, Illinois , U.S.",1999-03-17,"7) (aged 35) Tamms Correctional Center , Tamms, Illinois , U.S.",,Robin Gecht and Edward Spreitzer Incarcerated Andrew Kokoraleis Executed Thomas Kokoraleis Released,Robin Gecht and Edward Spreitzer Incarcerated Andrew Kokoraleis Executed Thomas Kokoraleis Released,,Categories; 1981 in Illinois; 1982 in Illinois; 20th-century American murderers; American cannibals; American people convicted of murder; American people convicted of kidnapping; American people convicted of rape; Criminal quartets; Gang rape in the United States; Human trophy collecting; Necrophiles; People convicted of murder by Illinois; Serial killers from Chicago; Violence against women in Illinois; Male murderers,2026-09-27 10:01:34
Death Angels,15.0,73.0,8.0,High (30+),United States,1972,1974,Unknown,True,False,False,https://en.wikipedia.org/wiki/Death_Angels,"TheZebra murderswere a string of racially-motivated murders and attacks committed by a group of fourAfrican-Americanserial killersinSan Francisco, Californiabetween October 1973 and April 1974.The perpetrators killed at least fifteen white people and wounded eight others. The police gave the case the name ""Zebra"" after the special police radio band they assigned to the investigation. Some authorities believe that the ""Death Angels"", as the perpetrators called themselves, may have killed as many ",Death Angels,,73,,1972 (possibly as early as 1970) – 1974,2.0,United States,,,,,,,,,,,Categories; 1973 in San Francisco; 1973 murders in the United States; 1974 in San Francisco; 1974 murders in the United States; Black separatism; Crimes in San Francisco; Criminal quartets; Racially motivated violence against white Americans in California; Serial killers from the San Francisco Bay Area; Serial murders in the United States; Stabbing attacks in the United States,2026-09-27 10:01:36
Vladyslav Volkovich and Volodymyr Kondratenko,16.0,,,Medium (15-29),Ukraine,1991,1996,Unknown,True,False,False,https://en.wikipedia.org/wiki/Nighttime_Killers,"TheNighttime Killers(Ukrainian:Нічний Серійник,romanized:Nichnyi Seriinyk) is the mediaepithetfor the killers responsible for a string of brutal murders inKyiv,Ukraine, between 1991 and 1996. Two men,Vladyslav Volkovich(Ukrainian:Владислав Волкович) andVolodymyr Kondratenko(Ukrainian:Володимир Кондратенко) were arrested and charged with 16 murders.Most victims were shot with a.22sporting rifle and stabbed orbludgeonedwith a wide variety of weapons ranging from stitching awls to bricks and iron b",Nighttime Killers,The Nighttime Killers,16,"On June 18, 1996, a 44-year-old factory worker named Yevheniy Osechkin was found dead near the Karavaevi Dachi railway station in Kyiv. An anonymous tipster called the police and claimed that someone was just shot with a silenced pistol. However forensics uncovered that the victim was actually shot with a .22 round (a single shell casing was recovered), and stabbed multiple times. The tipster was never located. Investigation quickly determined that Osechkin, a factory worker, had no enemies, and",1991–1996,5.0,Ukraine,,,1967,"967 Kyiv , Ukrainian SSR , Soviet Union","May 31, 1997",,,,,,Categories; 1960s births; 1997 suicides; 1997 deaths; Serial killer duos; Drug-related suicides in Ukraine; Serial killers who died by suicide in prison custody; Ukrainian serial killers; Violence against men in Europe; Ukrainian people convicted of murder; 20th-century murderers; Male suicides; Male murderers,2026-09-27 10:01:38
Lainz Angels of Death,,,,Very Low (<5),,1983,1989,Female,True,True,False,https://en.wikipedia.org/wiki/Lainz_Angels_of_Death,"Maria Gruber,Irene Leidolf,Stephanija Meyer, andWaltraud Wagnerwere four Austrian women who worked as nurse's aides at the Geriatriezentrum am Wienerwald inLainz,Vienna, and who murdered scores of patients between 1983 and 1989. The group killed their victims with overdoses of morphine or by forcing water into the lungs. By 2008, all four of the women had been released from prison. Wagner, 23, was the first to kill a patient with anoverdoseofmorphinein 1983. She discovered in the process that sh",Lainz Angels of Death,,0,,1983–1989,6.0,,,,,,,,,,,,Categories; Austrian female serial killers; Austrian serial killers; 20th-century Austrian criminals; Austrian people convicted of murder; Health care professionals convicted of murdering patients; Hospital scandals; Living people; Medical controversies in Austria; Medical serial killers; People convicted of murder by Austria; Poisoners; Criminal quartets; 20th-century Austrian women; 1980s in Vienna; 1980s crimes in Austria,2026-09-27 10:01:41
José Miculax Bux and Mariano Macú Miculax,15.0,,,Medium (15-29),Guatemala,1946,1946,Unknown,True,False,False,https://en.wikipedia.org/wiki/José_Miculax_Bux,"José María Miculax Bux(1925 – July 18, 1946), also known as the ""El Monstruo de Guatemala"" (""The Monster of Guatemala""), was aGuatemalanserial killerwho was executed on July 18, 1946. José Miculax Bux was born in 1925 inPatzicía, Guatemala. From January 1946 to April 1946, Miculax Bux and his cousin Mariano Macú Miculax killed fifteen boys aged ten to sixteen. The victims were sodomized and strangled to death after having their hands and neck bound by a rope. Miculax Bux was arrested on April 26",José Miculax Bux,The Monster of Guatemala,15,"Enrique Sactic Cuyuch, 14, body found on February 23, 1946. Oscar Emilio López, 12, found on March 15. Cesar Augusto Bolfovich, 13, found on March 28. Unidentified, 11, found before April 5. Francisco Juárez Ajvix, found on April 5. Gumersindo Flores, 14, found on April 5. Jesús Reyes, found on April 17. Cecilio Uyú Pirir, 13, found on April 18. Unidentified, 15, found between April 15 and April 18. Unidentified, 13 to 16, found on April 21. Unidentified, found on April 22. Nicolás Antonio Gómez",January 1946 – April 1946,0.0,Guatemala,,,,,"July 18, 1946",aged 21) Guatemala,,,,,Categories; 1925 births; 1946 deaths; Guatemalan people convicted of murder; People convicted of murder by Guatemala; Executed serial killers; 20th-century executions by Guatemala; Executed Guatemalan people; People from Chimaltenango Department; Guatemalan serial killers; 20th-century murderers; Guatemalan rapists; People executed by Guatemala by firing squad; Male murderers,2026-09-27 10:01:43
Briley Brothers,,,,Very Low (<5),,,,Unknown,False,False,False,https://en.wikipedia.org/wiki/Briley_Brothers,"Linwood Earl Briley,James Dyral ""J. B."" Briley Jr., andAnthony Ray Brileywere a sibling trio ofserial/spree killers,rapists, androbberswho were responsible for a murder, rape, and robbery spree that took place inRichmond,Virginia, in 1979. Linwood murdered a woman in 1971 and served a year in a reformatory. In 1979, the three siblings (with help from an accomplice, Duncan Eric Meekins) went on a killing spree in their home city of Richmond, killing at least twelve people. Two would-be victims es",Briley Brothers,,0,"On January 28, 1971, 16-year-old Linwood committed the first killing. While alone at home, Linwood fatally shot Orline Christian, a 57-year old neighbor, with a rifle from his bedroom window as she was hanging laundry on a clothesline. The crime almost went unidentified, but her relatives noticed a small bloody mark under her armpit at the viewing and asked a funeral director to re-examine the body. Upon a second examination, a small caliber bullet wound was discovered under her armpit. Standing",,,,Richmond; Virginia,,"March 26, 1954","Richmond, Virginia , U.S. James ( 1956-06-06 ) June 6, 1956 Richmond, Virginia , U.S. Anthony ( 1958-02-17 ) February 17, 1958 (age 68) Richmond, Virginia , U.S.",1984-10-12,"2) (aged 30) Virginia State Penitentiary , Richmond, Virginia , U.S. James April 18, 1985 (1985-04-18) (aged 28) Virginia State Penitentiary , Richmond, Virginia , U.S.",,"Linwood and James Executed Anthony Incarcerated at Lawrenceville Correctional Center , Lawrenceville, Virginia , U.S.","Linwood and James Executed Anthony Incarcerated at Lawrenceville Correctional Center , Lawrenceville, Virginia , U.S.",Weapon(s): Rifle Fire Cinderblock Baseball bat Knives Scissors Fork Pistol,"Categories; 20th-century African-American people; 20th-century American murderers; 1950s births; American mass murderers; American people convicted of murder; American people convicted of robbery; Crime in Richmond, Virginia; Brother trios; Criminal brothers; Criminal trios; Family murders in the United States; People from Richmond, Virginia; Gang rape in the United States; Serial killers from Virginia; Manhunts; People convicted of murder by Virginia; Violence against African-American women in Virginia; Violence against women in Virginia; Living people",2026-09-27 10:01:45
"John Justin Bunting, Robert Joe Wagner and James Spyridon Vlassakis",12.0,,,Low (5-14),Australia,1992,1999,Unknown,True,False,False,https://en.wikipedia.org/wiki/Snowtown_murders,"TheSnowtown murders(also known as thebodies in barrels murders) were aseries of murderscommitted by John Justin Bunting, Robert Joe Wagner, and James Spyridon Vlassakis between August 1992 and May 1999, in and aroundAdelaide,South Australia. A fourth person, Mark Haydon, was convicted of helping to dispose of the bodies. The trial was one of the longest and most publicised in Australian legal history. Most of the bodies were found inbarrelsin an abandonedbank vaultinSnowtown, South Australia, he",Snowtown murders,,12,"The victims were chosen by Bunting for imagined infractions ; some victims were murdered as Bunting suspected them of being paedophiles , based on flimsy evidence or rumours. Others were killed due to his dislike of obese people, drug users , or because they were homosexual . Most of the victims were friends or acquaintances of at least one member of Bunting's group. Some were family members, occasionally sharing a residence with one of the murderers. Some were befriended for a short time and pu",August 1992 – May 1999,7.0,Australia,,,,,,,,,Bunting: 11 life sentences without parole Wagner: 10 life sentences without parole Vlassakis: four life sentences with 26 year non-parole period Haydon: 25 years with 18 year non-parole period,,Categories; 1992 murders in Australia; 1990s in South Australia; Cannibalism in Oceania; Crimes adapted into films; Fatphobia; Lynching deaths; Murder in Adelaide; People murdered in South Australia; Serial murders in Australia; Violence against gay men; Violence against LGBT people in Australia; Violence against trans women; Vigilantism against sex offenders,2026-09-27 10:01:47
Mailoni Brothers,,,,Very Low (<5),,,,Unknown,False,False,False,https://en.wikipedia.org/wiki/Mailoni_Brothers,"TheMailoni Brotherswere a trio ofserial killersand gang members inZambia, consisting of brothers, Mika, Stephano, and Fabian, alias Tunda. They were suspected to be behind a number of murders around theLuano ValleyofCentral Provinceand were on the run for a number of years. They were gunned down and killed by a team ofZambia ArmyCommandos in 2013.They were stated as officially having killed 12 people since the start of their crime spree on April 27, 2007. The brothers were born to mother Janet N",Mailoni Brothers,,0,"According to their mother, the brothers’ first victim was a man only identified as “Mr. Mwelwa”, who was stabbed to death after attempting to mobilize the villagers and apprehend the brothers when they started to pose as a threat to others. [ 6 ] Terrorizing the Mkushi-Serenje area of Luano Valley, the brothers’ victim count rose over the years to the point where their mother was forced to flee to Kawasaki Village (just outside of Kabwe ) for fear of her own safety with the looming threat of ass",,,,,,,,,,,,,,Categories; 2013 deaths; Deaths by firearm in Zambia; Gang members; Brother trios; Zambian serial killers; Violence against men in Africa,2026-09-27 10:01:49
Bloody Benders,11.0,,,Low (5-14),United States,,,Unknown,True,False,False,https://en.wikipedia.org/wiki/Bloody_Benders,"TheBender family, more well known as theBloody Benders, were a family ofserial killersinLabette County, Kansas, United States, from May 1871 to December 1872.The family supposedly consisted of John Bender, his wife Kate Sr. (or Elvira), their son John Jr. and their daughter Kate Jr. Contemporary newspaper accounts reported that the Benders' neighbors claimed John Jr. and Kate were actually husband and wife, possibly via acommon-law marriage. Estimates report that the Benders killed at least a do",Bloody Benders,John Bender Sr. Kate Bender Sr. Kate Bender Jr. John Bender Jr.,11,"It is conjectured [ by whom? ] that when a guest stayed at the Benders' bed and breakfast inn, the hosts would give the guest a seat of honor at the table that was positioned over a trap door into the cellar. With the victim's back to the curtain, Kate would distract the guest while John Bender or his son came from behind the curtain and struck the guest on the right side of the skull with a hammer. One of the women would cut the victim's throat to ensure death, and the body was then dropped thr",1871–1873,,United States,Labette County; Kansas [ 1 ] (11 km or 7 mi NE of Cherryvale ),,,,,,,,,"It is conjectured [ by whom? ] that when a guest stayed at the Benders' bed and breakfast inn, the hosts would give the guest a seat of honor at the table that was positioned over a trap door into the cellar. With the victim's back to the curtain, Kate would distract the guest while John Bender or his son came from behind the curtain and struck the guest on the right side of the skull with a hammer. One of the women would cut the victim's throat to ensure death, and the body was then dropped through the trap door. Once in the cellar, the body would be stripped and later buried somewhere on the property, often in the orchard. [ 1 ] [ 3 ] Although some of the victims were wealthy, others carried little of value, and it was surmised that the Benders had killed them simply for the sheer thrill. [ 3 ] Testimony from people who had stayed at the Benders' inn and managed to escape before they could be killed appeared to support the presumed execution method of the Benders. William Pickering s","Categories; 1872 in Kansas; 1872 murders in the United States; 1873 in Kansas; 1873 murders in the United States; 19th-century American criminals; American male criminals; American murderers of children; Crime families; Crimes in Kansas; Fugitives; Murder in Kansas; Outlaws of the American Old West; People from Labette County, Kansas; Serial killers from Kansas",2026-09-27 10:01:52
Shen Changyin and Shen Changping,11.0,,,Low (5-14),China,1999,2004,Unknown,True,False,False,https://en.wikipedia.org/wiki/Shen_Changyin_and_Shen_Changping,"The brothersShen Changyin(沈长银, January 26, 1975 – April 27, 2006) andShen Changping(沈长平, March 8, 1983  – April 27, 2006) were Chineseserial killersandcannibalswho murdered and ate the livers of 11prostitutesbetween June 2003 and August 2004. They were aided by Li Chunling and three other female accomplices. In June 2003, the Shen brothers began murdering prostitutes inLanzhou, Gansu, China. Their first victim was Yao Fang, whom they lured to a house and tied up. After forcing her to provide her",Shen Changyin and Shen Changping,,11,"In June 2003, the Shen brothers began murdering prostitutes in Lanzhou , Gansu, China. Their first victim was Yao Fang, whom they lured to a house and tied up. After forcing her to provide her bank account PIN , they strangled and dismembered her. [ 1 ] In late November 2003, the Shens robbed Li Chunling in the same manner as Yao; however, they decided against killing her when she offered to bring them more victims.  When Li brought them a woman several days later, the brothers robbed her then f",1999–2004,5.0,China,,,"January 26, 1976","Shen Changping ( 1983-03-08 ) March 8, 1983 China",2006-04-27,"7) (aged 30) China Shen Changping April 27, 2006 (2006-04-27) (aged 23) China",,Executed by lethal injection [ citation needed ],Executed by lethal injection [ citation needed ],,Categories; 1976 births; 1984 births; 2003 murders in China; 2004 murders in China; 2006 deaths; Cannibals; Chinese male criminals; Chinese people convicted of murder; Criminal brother duos; Criminal sibling duos; Serial killer duos; Executed Chinese serial killers; 21st-century Chinese murderers; People convicted of murder by China; People executed by China by lethal injection; Violence against women in China,2026-09-27 10:01:54
Wolfgang Abel and Marco Furlan,10.0,15.0,,Medium (15-29),Italy,1977,1984,Unknown,True,False,False,https://en.wikipedia.org/wiki/Wolfgang_Abel_and_Marco_Furlan,"Wolfgang Abel(25 March 1959 – 25 October 2024) andMarco Furlan(born 16 January 1960) were a German-Italianserial killerduo who were arrested for a series of murders in northern Italy and one inWest Germanybetween 1977 and 1984. They claimed innocence, saying they were scapegoats for a police force that could not find the real criminals. The two members of theLudwiggroup were both sons of the upperbourgeoisieof the city and came from theVeronahinterland: Marco Furlan, resident of the prestigious ",Wolfgang Abel and Marco Furlan,Ludwig,15,"At each of these crime scenes was a leaflet, written in Italian, headed with the name "" Ludwig "" over a Nazi eagle and swastika . Each had a slogan, such as ""We are the last of the Nazis"" and ""Death comes to those who betray the true god"", and explained the reason for each murder. Abel and Furlan's criminal career together began on 25 August 1977 in Verona, when they burned Roma drug addict Guerrino Spinelli alive with four molotov cocktails in his Fiat 126 . On 17 December 1978, the murder of h",1977–1984,7.0,Italy; West Germany,,,25 March 1959,"Düsseldorf , North Rhine-Westphalia , West Germany Marco Furlan ( 1960-01-16 ) 16 January 1960 (age 66) Padua , Italy",2024-10-25,"5) (aged 65) Negrar di Valpolicella , Italy",,Released (Furlan) Deceased (Abel),Released (Furlan) Deceased (Abel),,Categories; Italian mass murderers; Italian people convicted of murder; Italian serial killers; People convicted of murder by Italy; Serial killer duos; Serial mass murderers; Violence against gay men; Violence against LGBTQ people in Italy; Violence against homeless people; Violence against LGBTQ people in Germany; 20th-century German murderers; Murderer duos; Anti-Romani sentiment in Europe; 20th-century Italian murderers,2026-09-27 10:01:56
Juan Carlos Hernández and Patricia Martínez,10.0,20.0,,Medium (15-29),Mexico,2012,2018,Female,False,False,False,https://en.wikipedia.org/wiki/Monsters_of_Ecatepec,"The""Monsters of Ecatepec""is the name given to a serial killing coupleJuan Carlos Hernández(1985,Lázaro Cárdenas,Michoacán) andPatricia Martínez(1980,Lázaro Cárdenas,Michoacán).The case also received the names of""The House of Horror""or""The Butchers of Ecatepec"".Active inEcatepec de Morelos,State of Mexico, from 2012 to 2018, the pair are suspected to have committed between 10 and 20 murders, and have also confessed tocannibalizingthe bodies of their victims.The pair were apprehended on October 4,",Monsters of Ecatepec,,20,"Their first victim, according to Patricia's declaration, was a 22-year-old woman who Juan Carlos lured with job promises. In their house, Hernández led her to their bathroom where he raped, beheaded and dismembered her. Martínez kept their children outside the house while the murder occurred. After the murder, Martínez partially cooked the body and ate it with her husband. [ 11 ] Their second victim was a teen girl who lived next to them, who suffered an inhalants addiction ; they allegedly lure",2012–2018,6.0,Mexico,Ecatepec de Morelos,,,,,,Clothing seller and serial killer,Convicted,Convicted,,Categories; Cannibals; Criminal couples; Serial killer duos; Ecatepec de Morelos; Female rapists; Fugitives; Living people; Mexican female serial killers; Mexican people convicted of kidnapping; Mexican people convicted of murder; Mexican rapists; Mexican serial killers,2026-09-27 10:01:58
Hillside Stranglers,10.0,,,Low (5-14),United States,1977,1978,Unknown,True,False,False,https://en.wikipedia.org/wiki/Hillside_Strangler,"TheHillside Strangler, later theHillside Stranglers, is the media epithet for one, later discovered to be two, Americanserial killerswho terrorizedLos Angeles,California, between October 1977 and February 1978, with the nicknames originating from the fact that many of the victims' bodies were discovered on the wooded hillsides surrounding the city.The perpetrators were identified as cousinsKenneth BianchiandAngelo Buono Jr. All except one of the murders were committed in Buono'supholsteryshop in",Hillside Strangler,,10,,"October 17, 1977 – February 16, 1978",1.0,United States,,,"May 22, 1951","age 75) Angelo Buono Jr. ( 1934-10-05 ) October 5, 1934",2002-09-21,1) (aged 67),,,,,Categories; 20th-century American murderers; American people convicted of child sexual abuse; Crimes adapted into films; Incidents of violence against women; Murder in California; Rapes in the United States; Serial killer duos; Serial killers from California; Torture in the United States,2026-09-27 10:02:00
Joshi-Abhyankar serial murderers,,,,Very Low (<5),,,,Unknown,True,False,False,https://en.wikipedia.org/wiki/Joshi-Abhyankar_serial_murders,"TheJoshi-Abhyankar serial murderswere ten murders committed by Rajendra Jakkal (25), Dilip Sutar (21), Shantaram Kanhoji Jagtap (23), and Munawar Harun Shah (21) ofPune, India, between January 1976 and March 1977. All the murderers werecommercial artstudents at the Abhinav Kala Mahavidyalaya, Tilak Road, and were hanged for their crimes on 27 November 1983.The group had acquired a poor reputation on their college campus for robbery and drinking. Prakash was a classmate of the killers at Abhinav.",Joshi-Abhyankar serial murders,,0,,,,,,,,,,,,,,,Categories; 1976 murders in India; 1977 murders in India; Crime in Maharashtra; Family murders; History of Pune; Murder in India,2026-09-27 10:02:02
Gerald and Charlene Gallego,10.0,,,Low (5-14),United States,1978,1980,Unknown,False,False,False,https://en.wikipedia.org/wiki/Gerald_and_Charlene_Gallego,"Gerald Armond Gallego(July 17, 1946 – July 18, 2002) andCharlene Adell Gallego(néeWilliams; born October 19, 1956), also known asStephen and Charlene Feiland nicknamed theSex Slave Killers, were Americanserial killerswho abducted, raped, tortured, and murdered at least ten people between 1978 and 1980. The couple abducted their victims from areas near theInterstate 80freeway running throughCaliforniaandNevadawith the sole exception of a victim killed inOregon. Typically, Charlene lured victims t",Gerald and Charlene Gallego,Stephen; Charlene Feil Sex Slave Killers,10,"On September 27, 1978, Gerald's daughter and her friend reported their sexual abuse to a detective sergeant at the home of Gerald's mother Lorraine. The next day, Gerald and Charlene arrived at the home and Lorraine informed them about what had happened. He initially told his mother that he wanted to surrender, but when his step-father came home and became enraged at the sight of him, grabbing a rifle in the process, he and Charlene fled the premises and drove to Reno , Nevada . [ 40 ] Three day","September 11, 1978 – November 2, 1980",2.0,United States,,,"July 17, 1946","Sacramento , California, U.S. Charlene Williams : ( 1956-10-19 ) October 19, 1956 (age 69) Stockton , California, U.S.",2002-07-18,"8) (aged 56) Renown Regional Medical Center , Reno , Nevada, U.S.",,,,,Categories; 20th-century American murderers; 20th-century people from California; American kidnappers; American murderers of children; American people convicted of murder; American people convicted of robbery; American prisoners sentenced to death; Child abduction in the United States; Incidents of violence against girls in the United States; Criminal couples; Criminals from California; Married couples; People convicted of murder by California; People convicted of murder by Nevada; Serial killer duos; Serial killers from California; Serial killers from Nevada; Serial killers from Oregon; Serial killers who died in prison custody; Violence against women in California; Violence against women in Nevada; Violence against women in Oregon,2026-09-27 10:02:05
Viña del Mar psychopaths,10.0,4.0,1.0,Low (5-14),Chile,1980,1981,Unknown,True,False,True,https://en.wikipedia.org/wiki/Viña_del_Mar_psychopaths,"TheViña del Mar psychopaths(Spanish:Psicópatas de Viña del Mar) wereChileanserial killer duoJorge José Sagredo Pizarro(22 August 1955 – 29 January 1985) andCarlos Alberto Topp Collins(25 January 1950 – 29 January 1985), both members of theCarabineros, the local Chilean police forces. They committed ten murders and four rapes between 5 August 1980 and 1 November 1981, in the city ofViña del Mar. When the two men were caught on 8 March 1982, it was revealed that they had only been discharged from ",Viña del Mar psychopaths,,10,"Enrique Gajardo Casales , killed on 5 August 1980 on the El Olivar trail, close to the intersection with the Achupallas pass. Alfredo Sánchez Muñoz , killed on 12 November 1980 in the Estadio Sausalito sector; during the attack, they also raped Sánchez's companion, Fernanda Bohle Basso. Fernando Lagunas Alfaro and Delia González Apablaza , both killed on 28 February 1981 on the Marga Marga estuary. Luis Morales Álvarez , killed on 25 May 1981 on the Camino Granadilla. They also stole Morales' ta",5 August 1980 – 1 November 1981,1.0,Chile,,,22 August 1955,"Viña del Mar, Chile Carlos Alberto Topp Collins ( 1950-01-25 ) 25 January 1950 Viña del Mar, Chile",29 January 1985,"aged 29 and 35) Quillota , Chile",Policemen and taxi driver (Sagredo),Executed,Executed,,Categories; People from Viña del Mar; Carabineros de Chile personnel; Chilean anti-communists; Serial killer duos; Chilean people convicted of murder; People convicted of murder by Chile; 1980 murders in Chile; 1981 murders in Chile; 1980s murders in Chile; 20th-century executions by Chile; Executed Chilean serial killers; Executed serial killers who worked in law enforcement; People executed by Chile by firing squad; Political violence in Chile; Human rights abuses in Chile; Law enforcement controversies in Chile; 1985 deaths,2026-09-27 10:02:09
Wang Zongfang and Wang Zongwei,,,,Very Low (<5),China,1983,,Unknown,True,False,True,https://en.wikipedia.org/wiki/Wang_Zongfang_and_Wang_Zongwei,"Wang Zongfang(Chinese:王宗坊;[a]1952 or 1953– 18 September 1983) andWang Zongwei(Chinese:王宗玮;1956 or 1957– 18 September 1983), commonly calledEr Wang(Chinese:二王;lit.'Two Wangs') were a pair of Chinese brothers, robbers, and serial killers who committed a series of robberies acrossnortheastern,central, andeastern China. Following a botched hospital robbery that killed four people, the Wang brothers fled their hometown and spent seven months travelling southwards through China as bandits. They killed",Wang Zongfang and Wang Zongwei,Northeast Er Wang (东北二王),0,"There were 18 casualties, most commonly cited as nine fatalities and nine seriously injuries. As Chinese authorities would not immediately confirm the status of victims after the Shenyang hospital shooting, the total casualties were sometimes misreported as being all fatalities. Wang Zongwei killed nine of the victims and was responsible for the majority of injuries. Wang Zongfang reportedly did not know how to use a gun when the crime spree began and had bad aim, which contributed to him only k",12 February – 18 September 1983,,China,,,,,18 September 1983,"aged 30 and 26) [ 1 ] Guangchang County , Jiangxi, China",,,,Weapon(s): Four Type 54 pistols,Categories; 1950s births; 1983 deaths; 1983 murders in Asia; 20th-century Chinese military personnel; Chinese mass murderers; Chinese serial killers; Criminal brother duos; Criminal sibling duos; Chinese male criminals; Chinese robbers; Fugitives wanted by China; Fugitives wanted on murder charges; Fugitives wanted on robbery charges; People from Shenyang; People shot dead by law enforcement officers in China; Mass murderer duos; Serial killer duos; Serial mass murderers; 20th-century murderers,2026-09-27 10:02:12
National Socialist Underground,,,,Very Low (<5),Germany,,,Unknown,True,False,False,https://en.wikipedia.org/wiki/National_Socialist_Underground,"TheNational Socialist Underground(German:Nationalsozialistischer Untergrund,pronounced[natsi̯oˌnaːlzotsi̯alɪstɪʃɐˈʊntɐˌɡʁʊnt]ⓘ), orNSU(German:[ɛnʔɛsˈʔuː]ⓘ), was a Germanneo-Nazimilitant organisation active between 1998 and 2011,and uncovered in November 2011.Regarded as aterrorcell, the NSU is mostly associated withUwe Mundlos,Uwe BöhnhardtandBeate Zschäpe, who lived together under false identities. Between 100 and 150 further associates were identified who supported the core trio in their decad",National Socialist Underground,NSU,0,"Between the years 2000 and 2007, the NSU perpetrated a series of racially motivated murders throughout Germany , leaving ten people dead and one wounded. Among their victims, most of them were ethnic Turks , though the victims also included one ethnic Greek and one ethnic German policewoman. Most of their victims included Turkish small business owners. The NSU's modus operandi often involved executing victims in daylight at close range with a silenced CZ 83 handgun. [ 9 ] As the NSU continued it",1998–2011,,Germany,,,,,,,,,,,Categories; Neo-Nazi organisations in Germany; Terrorism in Germany; Neo-fascist terrorism; Nationalist terrorism in Europe; Organizations based in Europe designated as terrorist,2026-09-27 10:02:17
The Manson Family cult killings,,,,Very Low (<5),United States,,,Unknown,False,False,False,https://en.wikipedia.org/wiki/Manson_Family,"TheManson Family(known among its members asthe Family) was acommune,gangandcultled by criminalCharles Mansonthat was active inCaliforniain the late 1960s and early 1970s.The description of the group as a ""Family"" was figurative, rather than literal; the group was not known to contain any members of Charles Manson’s actual family. At its peak the group consisted of approximately 100 followers who lived an unconventional lifestyle, frequently usingpsychoactive drugs, includingamphetamineandhalluci",Manson Family,,0,"Gary Alan Hinman (b. December 24, 1934 in Colorado) was a music teacher and PhD student at the University of California, Los Angeles (UCLA). At some point in the late 1960s, he befriended members of the Manson Family, allowing some to occasionally stay at his home. [ 28 ] According to some people, including Family member Susan Atkins , Manson believed Hinman was wealthy. He sent Family members Bobby Beausoleil, Mary Brunner and Atkins to Hinman's home on July 25, 1969, to convince him to join th",1967–1969,,United States,,,,,,,,,,,Categories; Manson Family; 1967 establishments in California; American conspiracy theorists; Communes; Gangs in California; Organizations established in 1967; Peckerwood; Racially motivated violence in California; Religion and race; Religious belief systems founded in the United States,2026-09-27 10:02:20
Edgar Álvarez Cruz and Francisco Granados,,,,Very Low (<5),,,,Unknown,True,False,False,https://en.wikipedia.org/wiki/Feminicides_of_the_cotton_field,"TheFemicides of the cotton field(Spanish:Feminicidas del campo algodonero) is the media name for murders committed by twoMexicanserial killers,Edgar Ernesto Álvarez CruzandJosé Francisco Granados de la Paz(born 1979).Both were active between 1993 and 2003 in the city ofCiudad Juárez.According to his own statements, Granados kidnapped, tortured, raped, and murdered at least 8-10 young women,but according to the Attorney General of the State ofChihuahua, they murdered at least 14 women.This corres",Feminicides of the cotton field,,0,"According to statements by Francisco Granados, the women were kidnapped or taken with deception to unpopulated areas of the outskirts of the city, inside Álvarez's car, an eighties-model Renault . This was where they were tied and raped, then mutilated and murdered in the midst of satanistic rituals chaired by Álvarez, who used to dissect the hearts of his victims. [ 9 ] The bodies were buried or simply abandoned in vacant lots, with some buried in Álvarez's own home. In later investigations, a ",,,,,,,,,,,,,,Categories; 1993 crimes in Mexico; 1993 murders in North America; 1990s murders in Mexico; 2000s murders in Mexico; 2003 murders in Mexico; Crimes involving Satanism or the occult; Incidents of violence against women; Mexican rapists; Mexican serial killers; Murder in Mexico; Femicide in Mexico; Rape in Mexico; Violence against women in Mexico; History of Ciudad Juárez,2026-09-27 10:02:22
The Ciudad Juárez Rebels,,,,Very Low (<5),,,,Unknown,True,False,False,https://en.wikipedia.org/wiki/The_Ciudad_Juárez_Rebels,"TheCiudad Juárez Rebelswas the self-imposed name of a group ofMexicanserial killerswho were active between 1995 and 1996 inCiudad Juárez, and are responsible for severalfeminicides in the city.The group was led by Sergio Armendáriz Diaz (born 1980) and Juan Contreras Jurado. Three other members of the group were sentenced in 2005: Carlos Barriento Vidales, Gerardo Fernández Molina and Romel Omar Ceniceros Garcia. All of the members were convicted of eight murders, but their victim count is suspe",The Ciudad Juárez Rebels,,0,"On April 7, 1996, the torso of a woman was found in a vacant lot on the outskirts of the city, in a property called Lomas de Poleo , as well as several bones belonging to other victims. The torso belonged to Rosario García Leal, a 17-year-old employee at a Philips store who disappeared on December 7, 1995; she allegedly died of a craniecephalic contusion, while still alive she was raped and tortured. There were cuts on her body from a sharp weapon and sperm was found in her vagina. On the victim",,,,,,,,,,,,,,Categories; 1995 in Mexico; 1990s murders in Mexico; 1995 crimes in Mexico; 1995 murders in North America; 1996 in Mexico; 1996 crimes in Mexico; 1996 murders in North America; Mexican rapists; Mexican serial killers; Murder in Mexico; Rape in Mexico,2026-09-27 10:02:24
The Hernández Brothers Sect,2.0,15.0,,Medium (15-29),Mexico,1963,,Female,True,False,False,https://en.wikipedia.org/wiki/Magdalena_Solís#The_Hernandez_Brothers's_sect,"Magdalena Solís(1947 – date of death unknown), known asThe High Priestess of Blood(Spanish:la Gran Sacerdotisa de la Sangre), allegedly was a Mexicanserial killerandcultleader responsible for orchestrating several murders which involved the drinking of the victims' blood. The murders were committed in Yerbabuena,Tamaulipas, during the early 1960s. Solís was convicted of two of the murders and sentenced to 50 years in prison; authorities ascribed eight murders to Solís and suspected she was invol",Magdalena Solís#The Hernandez Brothers's sect,The High Priestess of Blood,15,"By the time Solís took control, two of her followers, [ who? ] fed up with the sexual abuse, expressed their desire to leave. [ 2 ] Fearing the repercussions, other members informed Solís and the Hernández brothers of this, with the former decreeing that the defectors be sacrificed. In response, fellow members lynched the two defectors. [ 1 ] One night in May 1963, a 14-year-old named Sebastián Guerrero wandered around the caves where the sect performed their rites. Investigating the noises and ",March – May 1963,,Mexico,,,,"Tamaulipas , Mexico",,,,,,,Categories; 1947 births; Crimes involving Satanism or the occult; Mexican female murderers; Mexican female serial killers; Female rapists; Mexican serial killers; Mexican rapists; Mexican people convicted of murder; People convicted of murder by Mexico; People from Tamaulipas; Vampirism (crime),2026-09-27 10:02:27
Rudolfo Infante and Anna Villeda,8.0,,,Low (5-14),Mexico,,,Unknown,False,False,False,https://en.wikipedia.org/wiki/Rudolfo_Infante_and_Anna_Villeda,"RudolfoorRodolfo Infante Jímenez(born 1963 inSan Benito, Texas, U.S.) andAnnaorAna María Ruíz Villeda(born 1971 inSan Luis Potosí, Mexico) are a Mexican-Americanserial killerpair, active during 1991, inMatamoros, Mexico. They killed eight women, motivated by sexual compulsion. They lured their victims, young women, with servant job promises, then raping, robbing, and killing them. They were captured on 21 October 1991, and sentenced to 40 years in prison,the maximum possible conviction inTamauli",Rudolfo Infante and Anna Villeda,,8,,,,Mexico,,,,,,,,,,,Categories; 1963 births; 1971 births; Living people; Couples; Criminal couples; Mexican people convicted of murder; Mexican rapists; Mexican serial killers; People convicted of murder by Mexico; Serial killer duos,2026-09-27 10:02:29
Dale Hausner and Samuel Dieteman,8.0,19.0,,Medium (15-29),United States,2005,2006,Unknown,True,False,False,https://en.wikipedia.org/wiki/Dale_Hausner_and_Samuel_Dieteman,"Samuel John DietemanandDale Shawn Hausnerwere a duo ofserial killersand arsonists who committed severaldrive-by shootingsandarsonsinPhoenix, Arizona, United States, between May 2005 and August 2006. They targeted random pedestrians and animals, mostly doing so while under the influence ofmethamphetamine, and also set multiple objects on fire. Investigators believe they were responsible for eight murders and at least 29 other shootings. The investigation of their crimes coincided with the search ",Dale Hausner and Samuel Dieteman,,19,"In addition to several dozen non-fatal shootings of people and fatal shootings of animals, Hausner and Dieteman were found guilty of the following murders: David Estrada (20), shot to death on June 29, 2005, in Tolleson, Arizona . Nathaniel Shoffner , (44) murdered on November 11, 2005, while attempting to protect a dog from being shot. Jose Ortiz (44) and Marco Carillo (28), murdered on December 29, 2005. Claudia Gutierrez-Cruz (20), shot and killed by Dieteman on May 2, 2006, as Hausner drove ","May 2005 – July 30, 2006",1.0,United States,,,"October 17, 1975",age 50),,,,Incarcerated,Incarcerated,,"Categories; 2005 in Arizona; 2005 murders in the United States; 2006 in Arizona; 2006 murders in the United States; 2000s in Phoenix, Arizona; 21st-century American murderers; American male criminals; Serial killer duos; Drive-by shootings; Serial killers from Arizona",2026-09-27 10:02:32
Red Light District Orderlies,7.0,5.0,,Low (5-14),Kazakhstan,1998,1999,Unknown,True,False,False,https://en.wikipedia.org/wiki/Red_Light_District_Orderlies,"TheRed Light District Orderlies(Russian:Санитары квартала красных фонарей,romanized:Sanitary kvartala krasnykh fonarey) was the name given to a gang of Kazakhstaniserial killersandcannibalswho murdered at least seven prostitutes inAlmatyin 1998 and 1999, consuming some of their flesh afterwards. The nickname came from the fact that two of the perpetrators,Sergey Mikhailovich Kopay(Russian:Сергей Михайлович Копай; 1967 – 2008) and his half-brotherEvgeny Turochkin(Russian:Евгений Турочкин; born 19",Red Light District Orderlies,The Gang of Orderlies; The Kazakh Cannibals; The Kazakh Rippers,7,"The initial murders were committed solely by Kopay and Turochkin, with the first victim being a young woman, aged approximately between 20 and 25 years of age. [ 1 ] She was a prostitute often seen around one of Almaty's red-light districts, on the intersection between Seyfullina and Kramskoy Streets near the Almaty-1 railway station. [ 5 ] Kopay stopped his car near the woman, paid her 500 tenge for her services and then brought her to the apartment, where Turochkin was waiting for them. [ 6 ] ",1998–1999,1.0,Kazakhstan,,,1967,"67 ) Alma-Ata , Kazakh SSR Evgeny Turochkin 1976 (age 49 – 50) Alma-Ata, Kazakh SSR Mikhail Sergeyevich Vershinin 1973 (age 52 – 53) Alma-Ata, Kazakh SSR",,"Black Berkut Prison, Jitiqara , Kostanay Region , Kazakhstan",,,,"Between 30 April 1998 and 24 March 1999, Kopay and Turochkin (and later on, Mikhail Vershinin) committed the murders of several prostitutes in Almaty. Their modus operandi consisted of picking victims up from red-light districts and paying them to have sex with Kopay at his residence on 96 Shevchenko Street, in Apartment 11. [ 4 ] The victim was always approached with caution, with the trio targeting lone women – if they noticed that somebody had seen them, they stopped the conversation and moved away. Once inside the apartment, the gang had sex and drank alcohol with the victims before they eventually drugged and sedated them. [ 5 ] Following this, they then proceeded to rape and then kill the victim, either by strangulation or stabbing. The corpses were then dismembered in the bathtub, with the gang consuming the soft tissues and making kotlet , shashlik , kebabs or mincemeat using a meat grinder. [ 5 ] The remaining bones and other remains were promptly thrown into garbage cans, sew",Categories; 20th-century criminals; Kazakhstani serial killers; Cannibals; Necrophiles; Criminal trios; Living people; Kazakhstani people convicted of murder; People convicted of murder by Kazakhstan; Kazakhstani prisoners and detainees; Prisoners and detainees of Kazakhstan; Prisoners sentenced to death by Kazakhstan; Kazakhstani prisoners sentenced to death; Prisoners sentenced to life imprisonment by Kazakhstan; Kazakhstani prisoners sentenced to life imprisonment; Violence against women in Kazakhstan; People from Almaty,2026-09-27 10:02:35
Paul Ruiz and Earl Van Denton,7.0,8.0,,Low (5-14),United States ( Arkansas,1977,1977,Unknown,True,False,True,https://en.wikipedia.org/wiki/Paul_Ruiz_and_Earl_Van_Denton,"Paul Ruiz(October 20, 1947 – January 8, 1997) andEarl Van Denton(December 13, 1949 – January 8, 1997) were a pair ofserial killerswho were originally prisoners servinglife sentencesat theOklahoma State Penitentiary, from where they escaped on June 23, 1977. Over a two-week period, the duo committed multiple murders inOklahoma,LouisianaandArkansas. Ruiz and Denton were accused of killing Melvin Short in Oklahoma, before they allegedly killed Jimmy Cockrell, Ray Jones and Alton Wilson in Louisiana",Paul Ruiz and Earl Van Denton,,8,"On June 23, 1977, two prisoners escaped from an Oklahoma prison and embarked on a two-week killing spree that left at least six to seven people dead in Oklahoma, Louisiana and Arkansas. Meanwhile, after they separated from Finin, both Denton and Ruiz travelled across several states, including Oklahoma, Louisiana and Arkansas, where they committed an estimated total of seven murders. On June 27, 1977, four days after both Ruiz and Denton escaped the Oklahoma State Penitentiary, 27-year-old Gerald","June 27, 1977 – July 1, 1977",0.0,United States ( Arkansas; Oklahoma; Louisiana ),,,"October 20, 1947","Earl Van Denton : ( 1949-12-13 ) December 13, 1949",1997-01-08,"8) (aged 49) Cummins Unit , Lincoln County, Arkansas , U.S. Earl Van Denton : January 8, 1997 (1997-01-08) (aged 47) Cummins Unit , Lincoln County, Arkansas , U.S.",,,,,Categories; 1977 murders in the United States; 20th-century executions of American people; 20th-century executions by Arkansas; 20th-century American murderers; American escapees; American people executed for murdering police officers; Escapees from Oklahoma detention; Murderer duos; People convicted of murder by Arkansas; People executed by Arkansas by lethal injection; Prisoners sentenced to life imprisonment by Oklahoma,2026-09-27 10:02:38
Christopher Worrell and James Miller,7.0,,,Low (5-14),Australia,1976,1977,Unknown,True,False,False,https://en.wikipedia.org/wiki/Truro_murders,"TheTruro murdersis the name given to a series ofmurdersuncovered with the discovery in 1978 and 1979 of the remains of a young woman and teenage girl in bushland east of the town ofTruroinSouth Australia. After police searches, the remains of seven women and girls were discovered in total: five at Truro, one atWingfield, and one atPort Gawler. The victims had been murdered over a two-month period in 1976–1977. On 20 April 1978,  William ""Bill"" Thomas and his brother found what they thought was t",Truro murders,The Truro Murderers,7,"In 1984, James Miller published an autobiography (ghost-written by Dick Wordley), entitled Don't Call me Killer . [ 9 ] It has become the established narrative of how the killings occurred. [ according to whom? ] Miller's account of the murders is as follows: Veronica Knight (23 December 1976; aged 18) Knight had become separated from her friend while shopping and accepted a ride home. Miller claims they talked her into going for a drive in the Adelaide foothills. Worrell parked while Miller wen",23 December 1976 – 12 February 1977,1.0,Australia,,,17 January 1954,Australia,1977-02-19,"9) (aged 23) Adelaide , South Australia , Australia",,Deceased before trial,Deceased before trial,,Categories; 1976 murders in Australia; 1977 murders in Australia; 1970s in South Australia; Crime in Adelaide; Deaths by strangulation; Female murder victims in Australia; Murder in South Australia; People murdered in South Australia; Serial murders in Australia,2026-09-27 10:02:40
Fa Ziying and Lao Rongzhi,7.0,,,Low (5-14),China,1996,1999,Female,False,False,False,https://en.wikipedia.org/wiki/Fa_Ziying_and_Lao_Rongzhi,"Fa Ziying(Chinese:法子英;pinyin:Fǎ Zǐyīng; 1 October 1964 – 28 December 1999) andLao Rongzhi(Chinese:劳荣枝;pinyin:Láo Róngzhī; 25 December 1974 – 18 December 2023) were a pair of Chinese serial killers,con artists, and robbers born inJiujiang, Jiangxi. Fa and Lao met first at a friend's wedding in 1993. Between 1996 and 1999, after becoming a romantic couple, Fa and Lao committed a series of crimes, including kidnapping, robbery, and murder in Jiangxi,Zhejiang,Jiangsu, andAnhui. A total of seven peop",Fa Ziying and Lao Rongzhi,Fa Lao Qi (法老七) Ye Weimin (叶伟民),7,"The prosecution accused Fa Ziying of kidnapping, robbery, and intentional homicide in Nanchang , Wenzhou , and Hefei . When Lao Rongzhi was tried, the prosecution added the kidnapping and robbery case in Changzhou to the list of cases. According to the trial, before the Nanchang murder, the duo had engaged in a string of crimes involving a "" honey trap "" scheme. Lao Rongzhi lured wealthy men to hotel rooms, where Fa Ziying would pose as her husband, violently rob the victims, and make off with h",1996–1999,3.0,China,,,1 October 1964,"Jiujiang , Jiangxi, China",1999-12-28,"8) (aged 35) Feixi County , Hefei, Anhui, China",,,,,Categories; 1964 births; 1974 births; 1996 murders in China; 1997 murders in China; 1999 murders in China; 1999 deaths; 2023 deaths; 20th-century executions by China; 21st-century executions by China; Chinese female murderers; Chinese people convicted of murder; Couples; Criminal couples; Executed Chinese serial killers; 20th-century Chinese murderers; Female serial killers; Fugitives wanted by China; Kidnappings in China; Outlaw duos; People convicted of kidnapping; People convicted of murder by China; People convicted of robbery; People executed by China by lethal injection; People from Jiujiang; Serial killer duos; 20th-century murderers,2026-09-27 10:02:43
Johannes van Rooyen and Dumisani Makhubela,7.0,,,Low (5-14),South Africa,2005,,Unknown,True,False,False,https://en.wikipedia.org/wiki/Johannes_van_Rooyen_and_Dumisani_Makhubela,"Johannes van Rooyen(born 1979–1980) andDumisani Makhubela(born 1978–1979) are a pair of South Africanserial killers,[note 1]rapists, andmass murdererswho murdered seven people inMhluziover theautumnandwinterof 2005. Although most infamous for murdering a family of four, they also killed a woman and a young couple, all in theMpumalangaprovince. They were arrested soon after their final two murders and each sentenced to 445 years imprisonment. On 23 May 2005, the two invaded theMiddelburghouse of ",Johannes van Rooyen and Dumisani Makhubela,,7,"On 23 May 2005, the two invaded the Middelburg house of the Mutebu family because they falsely believed the family had won the lottery. [ 3 ] Upon entering the residence, they used wires to bound the hands and feet of Vusi Motebu, 33; his wife, Thuli Mathebula, 30; and their daughters, eight-year-old Nhlanhla and seven-year-old Koketso. [ 4 ] The pair then forced the couple and Koketso to watch them take turns raping Nhlanhla on the bed in an attempt to make them give up their nonexistent lotter",May – June 2005,,South Africa,,,,,,,,,,,Categories; 2005 murders in South Africa; 21st-century South African criminals; Family murders; Living people; 2005 mass murders; Mass murderer duos; Prisoners sentenced to life imprisonment by South Africa; Serial killer duos; South African mass murderers; South African murderers of children; South African people convicted of murder; South African people convicted of rape; South African prisoners sentenced to life imprisonment; South African serial killers; Violence against women in South Africa,2026-09-27 10:02:46
Kiss brothers and Zsolt István Pető,6.0,,,Low (5-14),Hungary,2008,2009,Unknown,True,False,False,https://en.wikipedia.org/wiki/2008–2009_neo-Nazi_murders_of_Roma_in_Hungary,"The2008–2009 neo-Nazi murders of Roma in Hungarywere aseries of murdersperpetrated by fourNeo-Nazis(Árpád Zoltán Kiss, István Sándor Kiss, Zsolt István Pető and accomplice István Csaba Csontos) against people ofRoma ethnicity, occurring between July 2008 and August 2009. The perpetrators had previously obtained firearms andMolotov cocktailsafter robbing a house inBesenyszög, using them in numerous attacks in 10 locations, killing six people in the process. The subsequent investigation revealed t",2008–2009 neo-Nazi murders of Roma in Hungary,,6,,2008–2009,1.0,Hungary,,,,,,,,,,,Categories; 2008 murders in Hungary; 2009 murders in Hungary; 2000s murders in Hungary; Anti-Romani sentiment in Hungary; Hungarian serial killers; Neo-Nazism in Hungary; Racially motivated violence in Europe; Terrorist incidents in Europe in 2008; Terrorist incidents in Europe in 2009; Terrorist incidents in Hungary; Neo-fascist terrorist incidents in the 2000s,2026-09-27 10:02:49
Hermann Duft and Hans Wilhelm Bassenauer,6.0,,,Low (5-14),Greece,1969,1969,Unknown,True,False,False,https://en.wikipedia.org/wiki/Hermann_Duft_and_Hans_Wilhelm_Bassenauer,"Hermann DuftandHans Wilhelm Bassenauerwere a pair ofGermanspree killerswho murdered six people inGreece, within a short period in 1969. They were captured, tried, sentenced todeathand executed by the Greek authorities. Duft was born inHarheimnearFrankfurtand Bassenauer inDarmstadt,Germany, both in 1938.They were bothplumbers. Duft wassingle, while Bassenauer was married, with three children. Duft had briefly served in theForeign Legionduring thewar in Algeria. Duft and Bassenauer arrived in Gree",Hermann Duft and Hans Wilhelm Bassenauer,,6,"Duft and Bassenauer arrived in Greece by car on 17 February 1969. [ 2 ] Within the next few weeks, posing as tourists , they murdered six people, using a Winchester rifle and a knife. The reason for most of their murders was robbery . On the 5 March, they killed the night watchmen of a gas station near Thebes , a soldier who was present and heavily injured another one. On 13 March, they murdered a Greek-American stockbroker in Voula , on 7 April a taxi driver and on 9 April a gas station attenda",6 March 1969 – 12 April 1969,0.0,Greece,,,,,15 December 1969,"aged 31) Corfu, Greece Hans Bassenauer 15 December 1969 (aged 31) Aegina, Greece",,Executed,Executed,,Categories; 1938 births; 1969 deaths; 20th-century German murderers; Criminals from Hesse; 20th-century mass murders in Greece; 20th-century executions by Greece; Executed German serial killers; Executed people from Hesse; German people convicted of attempted murder; German people executed abroad; German robbers; People convicted of murder by Greece; People executed by Greece by firing squad; Serial killer duos; Spree shootings,2026-09-27 10:02:51
David Alan Gore and Fred Waterfield,6.0,,,Low (5-14),United States,1981,1983,Unknown,True,False,True,https://en.wikipedia.org/wiki/David_Alan_Gore_and_Fred_Waterfield,"David Alan Gore(August 21, 1953 – April 12, 2012) was an Americanserial killerwho committed six murders inVero BeachandIndian River County,Florida, from 1981 to 1983. He was accompanied in several of the murders by his cousin,Fred Waterfield, and both have collectively been dubbed theKilling Cousins. Gore was sentenced to death and executed bylethal injectionin 2012, having been on Florida'sdeath rowfor twenty-eight years, while Waterfield is currently serving two consecutivelife sentences. In 1",David Alan Gore and Fred Waterfield,The Killing Cousins The eyes of the devil,6,,1981–1983,2.0,United States,,,"August 21, 1953","Florida , U.S.",2012-04-12,"2) (aged 58) Florida State Prison , Florida, U.S.",,Executed by lethal injection,Executed by lethal injection,,Categories; 1953 births; 2012 deaths; 20th-century American criminals; 21st-century executions by Florida; 21st-century executions of American people; American male criminals; American murderers of children; American people convicted of kidnapping; American police officers convicted of rape; American police officers executed for murder; Executed American serial killers; Executed serial killers who worked in law enforcement; Executed people from Florida; People convicted of murder by Florida; People executed by Florida by lethal injection; Serial killers from Florida; Violence against women in Florida,2026-09-27 10:02:53
Artyom Alexandrovich Anoufriev and Nikita Vakhtangovich Lytkin,,,,Very Low (<5),Russia,2010,2011,Unknown,True,False,False,https://en.wikipedia.org/wiki/Academy_maniacs,"Artyom Alexandrovich Anoufriev(Russian:Артём Александрович Ануфриев; October 4, 1992) andNikita Vakhtangovich Lytkin(Russian:Никита Вахтангович Лыткин; March 24, 1993 – November 30, 2021) was aserial killerduo fromIrkutsk, Russia, known as theAcademy maniacsand theIrkutsk Molotochniki(Hammer Men of Irkutsk).The pair collectively committed six murders and injured nine others in a series of attacks that took place in Irkutsk Academgorodok between 14 November 2010 and 3 April 2011, while still teen",Academy maniacs,Academy Maniacs; Irkutsk Molotochniki,0,,2010–2011,1.0,Russia,,,"March 24, 1993","Lytkin) Irkutsk , Irkutsk Oblast , Russia","November 30, 2021",aged 28; Nikita Lytkin),,,,Weapon(s): Hammer Knife Air gun Screwdriver,Categories; 1992 births; 1993 births; 2010 murders in Russia; 2011 murders in Russia; Juvenile serial killers; Male juvenile murderers; Minors convicted of murder; Serial killer duos; Filmed killings in Asia; Living people; Hammer attacks; Noise musicians; People convicted of murder by Russia; Prisoners sentenced to life imprisonment by Russia; Russian murderers of children; Russian neo-Nazis; Russian people convicted of murder; Russian serial killers; Serial killers who died by suicide in prison custody; Copycat crimes; Violence against homeless people; Incidents of violence against boys; Violence against men in Russia; 21st-century Russian murderers,2026-09-27 10:03:01
Ray and Faye Copeland,5.0,12.0,,Low (5-14),United States,1986,1989,Unknown,False,False,False,https://en.wikipedia.org/wiki/Ray_and_Faye_Copeland,"Faye Della Copeland(néeWilson; August 4, 1921– December 23, 2003) andRaymond W. Copeland(December 30, 1914– October 19, 1993) became, at the ages of 69 and 76 respectively, the oldest couple eversentenced to deathin the United States. They were convicted of killing fivedriftersat their farm inMooresville, Missouri. When her sentence was commuted tolife in prisonin 1999, Faye Copeland was the oldest woman ondeath row. Ray Copeland was born in Oklahoma in 1914. While he was growing up, his family ",Ray and Faye Copeland,,12,"Dennis K. Murphy of Normal, Illinois ; killed October 17, 1986 Wayne Warner of Bloomington, Illinois ; [ 7 ] killed November 19, 1986 Jimmy Dale Harvey, 27 of Springfield, Missouri ; killed October 25, 1988 John W. Freeman, 27 of Boonville, Indiana ; killed December 8, 1988 Paul J. Cowart, 20 of Dardanelle, Arkansas ; killed May 3 or 4, 1989",1986–1989,3.0,United States,,,"December 30, 1914","Oklahoma , U.S.",1993-10-19,"9) (aged 78) Potosi Correctional Center , Potosi, Missouri , U.S. [ 1 ]",Cattle farmer,,,,"Categories; 20th-century American criminals; American people convicted of murder; American prisoners sentenced to death; Criminal couples; Married couples; People convicted of murder by Missouri; People from Harrison, Arkansas; Prisoners sentenced to death by Missouri; Serial killer duos; Serial killers from Missouri",2026-09-27 10:03:03
Lawrence Bittaker and Roy Norris,5.0,,,Low (5-14),,1979,,Unknown,True,False,False,https://en.wikipedia.org/wiki/Lawrence_Bittaker_and_Roy_Norris,"Lawrence Sigmund Bittaker(September 27, 1940–December 13, 2019) andRoy Lewis Norris(February 5, 1948–February 24, 2020), also known as theTool Box Killers, were two Americanserial killersandrapistswho committed thekidnapping, rape, torture and murder of five teenage girls inSouthern Californiaover a five-month period in 1979. Described byFBIspecial agentJohn Edward Douglasas the most disturbing individual for whom he has ever created acriminal profile,:135Bittaker wassentenced to deathfor five m",Lawrence Bittaker and Roy Norris,,5,"From February to June 1979, Bittaker and Norris picked up more than twenty female hitchhikers . [ 12 ] : 255 The pair did not assault these girls in any manner: these practice runs were merely a way for them to develop ruses to lure girls into the van voluntarily and of discovering secluded locations. [ 12 ] : 255 In late-April, the pair found an isolated fire road in the San Gabriel Mountains . Bittaker broke open the locked gate with a crowbar and replaced the lock with one he owned. [ 12 ] : ","June 24 – October 31, 1979",,,San Gabriel Mountains; Sunland-Tujunga,,"September 27, 1940","Pittsburgh , Pennsylvania, U.S.",2019-12-13,"3) (aged 79) San Quentin State Prison , San Quentin, California , U.S.",,Died in prison while awaiting execution,Died in prison while awaiting execution,,Categories; 20th-century American murderers; American male criminals; American murderers of children; American people convicted of assault; American people convicted of child sexual abuse; American people convicted of murder; American people convicted of rape; American people convicted of robbery; American people convicted of sodomy; American people who died in prison custody; American prisoners sentenced to death; American prisoners sentenced to life imprisonment; Child abduction in the United States; Incidents of violence against girls in the United States; Murder convictions without a body; People convicted of murder by California; People with antisocial personality disorder; Prisoners who died in California detention; Serial killer duos; Serial killers from Los Angeles; Serial killers who died in prison custody; Vexatious litigants; Violence against women in California,2026-09-27 10:03:06
Gwendolyn Graham and Catherine May Wood,5.0,,,Low (5-14),United States,1987,,Female,False,True,False,https://en.wikipedia.org/wiki/Gwendolyn_Graham_and_Cathy_Wood,"Gwendolyn Gail Graham(born August 6, 1963) andCatherine May Wood(born March 7, 1962)are Americanserial killersconvicted of killing five elderly women inWalker, Michigan, a suburb ofGrand Rapids, in 1987. They committed their crimes in the Alpine Manornursing home, where they both worked asnurse's aides. The two women met at the Alpine Manor nursing home shortly after Graham had moved to Michigan fromTexas. They quickly became friends, and then lovers, in 1986. Two years later they both were faci",Gwendolyn Graham and Cathy Wood,The Lethal Lovers,5,"The two women met at the Alpine Manor nursing home shortly after Graham had moved to Michigan from Texas . They quickly became friends, and then lovers, in 1986. Two years later they both were facing murder charges for allegedly smothering five elderly patients as part of a ""love bond"". [ 4 ] The details of the murders came almost entirely from accounts to criminal justice authorities by Wood, whose murder charges were reduced by a plea agreement so she could testify against Graham in Graham's t",January – February 1987,,United States,,,"August 6, 1963","age 63) California , U.S. [ 1 ] Catherine Wood ( 1962-03-07 ) March 7, 1962 (age 64) Soap Lake, Washington , U.S. [ 2 ]",,,Nurse's aides at Alpine Manor nursing home,"Graham – Incarcerated at Women's Huron Valley Correctional Facility Wood – Released from Federal Correctional Institution, Tallahassee on January 16, 2020","Graham – Incarcerated at Women's Huron Valley Correctional Facility Wood – Released from Federal Correctional Institution, Tallahassee on January 16, 2020",,"Categories; 1962 births; 1987 murders in the United States; 20th-century American LGBTQ people; American female serial killers; 20th-century American murderers; American lesbians; Criminal couples; Female criminal duos; Health care professionals convicted of murdering patients; LGBTQ people from Michigan; Living people; Medical serial killers; People convicted of murder by Michigan; People from Grand Rapids, Michigan; Same-sex couples; Senicide; Serial killer duos; Serial killers from Michigan; Violence against women in Michigan; Lesbian couples",2026-09-27 10:03:09
Chijon family,,,,Very Low (<5),,1993,1994,Unknown,False,False,False,https://en.wikipedia.org/wiki/Chijon_family,"TheChijon Family(Korean:지존파), also known as the Jijon Family, was a South Korean gang active between 1993 and 1994. Thegangwas founded by Kim Gi-hwan, a former convict, along with six other former prisoners and unemployed workers who shared his grudge against the wealthy. The name ""Chijon"" was given to the gang by prosecutors working on the case. Originally, Kim had named his gangMascan, believing the word to be ofGreekorigin and to signify ""ambition,"" although no Greek word with a similar meani",Chijon family,,0,"Kim Gi-hwan's friend's niece - She was raped by Kim Gi-hwan, the gang leader, on June 17 (before the gang's first murder). This led to Kim's early arrest following the second murder. [ 3 ] Miss Choi - She was 20 years old at the time. On July 18, 1993, the gang abducted her under a train bridge, took her to a remote hill, and gang-raped her. They considered this an act of ""practice"" because the victim was not wealthy and was a farmer's daughter. According to a confession by Kim Hyun-yang, Kim Gi",1993–1994,1.0,,,,,,,,,,,,Categories; Executed South Korean serial killers; People convicted of murder by South Korea; People executed by South Korea by hanging; South Korean rapists; Cannibals; Gangs in South Korea; 1980 murders in South Korea; Sexism in South Korea; Hostage taking in Asia,2026-09-27 10:03:12
Loren Herzog and Wesley Shermantine,4.0,19.0,3.0,Medium (15-29),United States,1984,1998,Unknown,True,False,False,https://en.wikipedia.org/wiki/Speed_Freak_Killers,"TheSpeed Freak Killersis the name given to Americanserial killerduoLoren HerzogandWesley Shermantine, together initially convicted of four murders—three jointly—and suspected in the deaths of as many as 72 people in and aroundSan Joaquin County, California, based on a letter Shermantine wrote to a reporter in 2012.They received the ""speed freak"" moniker due to their habitualmethamphetamineabuse. Herzog committed suicide in 2012. Shermantine died while ondeath rowin 2026. Loren Joseph Herzog(Dece",Speed Freak Killers,,19,"The total number of mutual victims of Herzog and Shermantine remains unknown and speculative. Both were convicted in the murders of four people and are believed to be responsible for the deaths of at least 19 people. Both men targeted random victims and killed for ""fun and sport"". They would go out ""hunting,"" shooting individuals to death and, in some cases, kidnapping women, raping them, and stabbing them to death. Afterwards, in Calaveras County , they would dispose of their dead bodies in min","November 27, 1984 – November 18, 1998 (confirmed)",14.0,United States,,,"December 8, 1965","[ 1 ] Linden, California , U.S.",2012-01-16,"6) (aged 46) [ 2 ] Susanville, California , U.S.",,,,,"Categories; 2001 in California; 2012 in California; 20th-century American murderers; American male criminals; American murderers of children; American people convicted of murder; Serial killer duos; Methamphetamine in the United States; Murder convictions without a body; People convicted of murder by California; People from Linden, California; Serial killers from California",2026-09-27 10:03:14
David and Catherine Birnie,4.0,,,Very Low (<5),Australia,1986,,Unknown,False,False,False,https://en.wikipedia.org/wiki/David_and_Catherine_Birnie,"David John BirnieandCatherine Margaret Birnie(16 February 1951 – 7 October 2005)  (néeHarrison; born 23 May 1951) were an Australian couple fromPerthwho murdered four women at their home in 1986, also attempting to murder a fifth. These crimes were referred to in the press as theMoorhouse murders, after the Birnies' address at 3 Moorhouse Street inWillagee, a suburb of Perth. David Birnie was the oldest of five children and grew up inWattle Grove, a semi-rural suburb ofPerth. School friends and ",David and Catherine Birnie,,4,"Over a period of five weeks, [ 5 ] the Birnies abducted five women and girls aged between 15 and 31. All the victims except for one were raped at the couple's residence at 3 Moorhouse Street and subsequently murdered. The sole exception was their final victim, who escaped the day after her abduction and led police back to the Birnie house, thus ending their crime spree. There is speculation that the Birnies were responsible for the disappearance of Cheryl Renwick in May 1986 [ 17 ] and Barbara W",6 October – 9 November 1986,,Australia,,,16 February 1951,16 February 1951,2005-10-07,"7) (aged 54) Casuarina Prison in Casuarina , Western Australia , Australia",,,,,"Categories; 20th-century Australian murderers; Australian murderers of children; Australian people convicted of murder; Australian people convicted of rape; Australian prisoners sentenced to life imprisonment; Australian rapists; Australian serial killers; Criminal couples; Criminals from Western Australia; Married couples; People convicted of murder by Western Australia; People from Perth, Western Australia; Prisoners sentenced to life imprisonment by Western Australia; Serial killer duos",2026-09-27 10:03:16
John Duffy and David Mulcahy,,,,Very Low (<5),England,1982,1986,Unknown,True,False,False,https://en.wikipedia.org/wiki/John_Duffy_and_David_Mulcahy,"John Francis Duffy(born 1958) andDavid Mulcahy(born 1959) are two Britishserial rapistsandserial killerswho together attacked numerous women and children at railway stations insouthern Englandduring the 1980s. Their crimes are often referred to as ""the railway murders"", and they are often referred to as the ""railway rapists"" or the ""railway killers""; Duffy, once identified, was referred to in the press as the ""railway murderer"" or ""laser eyes"". Duffy was convicted of two murders and four rapes, ",John Duffy and David Mulcahy,The Railway Killers The Railway Rapists,0,,1982 – 18 May 1986,4.0,England,,,1958,8) David Mulcahy (1959) England,,,,,,,Categories; 1959 births; 1980s trials; 1985 murders in the United Kingdom; 1986 murders in the United Kingdom; 2000s trials; 20th-century English criminals; British male criminals; Crime in Hertfordshire; Serial killer duos; English people convicted of murder; English rapists; English serial killers; Living people; Murder in London; Murder in Surrey; Murder trials in the United Kingdom; People convicted of murder by England and Wales; Prisoners sentenced to life imprisonment by England and Wales; Rape in the 1980s; Rape in England; Rape in London; Trials in England; People educated at Haverstock School,2026-09-27 10:03:18
Raymond Fernandez and Martha Beck,3.0,20.0,,Medium (15-29),United States,1947,1949,Unknown,False,False,False,https://en.wikipedia.org/wiki/Raymond_Fernandez_and_Martha_Beck,"Raymond Martinez Fernandez(December 17, 1914 – March 8, 1951) andMartha Jule Beck(May 6, 1920 – March 8, 1951) were an Americanserial killercouple. They were convicted of one murder, are known to have committed two more, and were suspected of having killed up to twenty victims during a spree between 1947 and 1949. After their arrest and trial for serial murder in 1949, Fernandez and Beck became known as theLonely Hearts Killersfor meeting their unsuspecting victims throughpersonal ads, posted in",Raymond Fernandez and Martha Beck,,20,"Fernandez visited Beck and stayed for a short time; she told everyone they were to be married. He returned to New York City while she made preparations in Florida. When she was abruptly fired from her job, Beck packed her belongings and arrived on Fernandez's doorstep in New York. [ 8 ] Fernandez enjoyed the way she catered to his every whim, and when he learned she had left her children for him, he thought it was a sign of an unconditional love. He confessed his criminal enterprises to Beck, wh",1947–1949,2.0,United States,,,"December 17, 1914",Territory of Hawaii,1951-03-08,"8) (aged 36) Ossining, New York , U.S.",Confidence trickster,Executed by electrocution,Executed by electrocution,,Categories; 20th-century American murderers; 1951 deaths; 20th-century executions by New York (state); 20th-century executions of American people; American murderers of children; Criminal couples; Serial killers from New York City; Executed American serial killers; Executed people from New York (state); Inmates of Sing Sing; People convicted of murder by New York (state); People executed by New York (state) by electric chair; Serial killer duos; Serial killers from Michigan; Violence against women in Michigan; Violence against women in New York (state),2026-09-27 10:03:20
Beasts of Satan,1.0,3.0,18.0,Medium (15-29),Italy,1998,2004,Unknown,True,False,False,https://en.wikipedia.org/wiki/Beasts_of_Satan,"TheBeasts of Satan(Italian:Bestie di Satana) were a group of Italian serial killers, which were tried and convicted of a series of suspectedSatanicritual murdersbetween 1998 and 2004.The group was active in the Eastern and North-Eastern periphery of theMilan metropolitan area, mostly in theProvince of Varese. The persons involved in the group were Andrea ""Isidon"" Volpe, Nicola ""Onussen"" Sapone, Paolo ""Ozzy"" Leoni, Mario ""Ferocity"" Maccione, Pietro ""Wedra"" Guerrieri, Marco ""Kill"" Zampollo, Eros """,Beasts of Satan,Beasts of Satan,18,"The first incident was a January 1998 double homicide that occurred in the woods near Somma Lombardo , northwest of Milan . Chiara Marino, a shop assistant, aged 19, and Fabio Tollis, a 16-year-old student and heavy metal musician who was in love with her (the two weren't a couple though), were sacrificially stabbed and beaten in a drug-fueled occult rite involving sex and heavy metal music. The young couple had spent a normal Saturday night drinking beer and listening to heavy metal music at Mi",1998–2004,6.0,Italy,,,,,,,,,,,Categories; Crimes involving Satanism or the occult; Italian serial killers; Murder in Italy; Crime in Lombardy,2026-09-27 10:03:24
James Paster and Stephen McCoy,3.0,5.0,,Low (5-14),United States,1980,1981,Unknown,False,False,False,https://en.wikipedia.org/wiki/James_Paster_and_Stephen_McCoy,"James Emery Paster(January 30, 1945 – September 20, 1989)andStephen Albert McCoy(December 17, 1948 – May 24, 1989)were Americanserial killerswho murdered at least three people inTexasbetween 1980 and 1981. Both weresentenced to deathand executed at theHuntsville UnitinHuntsville, Texas, vialethal injection. Prior to Paster's execution, he confessed to two other murders in theHoustonarea, but he was never tried for either of these killings.McCoy was executed in May 1989, in what was considered ab",James Paster and Stephen McCoy,,5,"In October 1980, Paster, McCoy, and an acquaintance, Gary LeBlanc, agreed to murder 38-year-old Robert Edward Howard in Houston . Paster was hired by Howard's ex-wife Trudy and her new husband Eddie LeBlanc, who promised him US$1,000 and a motorcycle in exchange for the killing. On October 25, 1980, Paster, accompanied by McCoy and LeBlanc, drove to a nightclub in Houston and slashed the tires of Howard's truck. When Howard returned to his vehicle, Paster approached him from behind and fatally s",1980–1981,1.0,United States,,,"January 30, 1945","Hamilton County, Ohio , U.S.",1989-09-20,"0) (aged 44) Huntsville Unit , Texas, U.S.",,Executed by lethal injection,Executed by lethal injection,,"Categories; 1945 births; 1948 births; 1989 deaths; 20th-century executions by Texas; 20th-century executions of American people; American male criminals; American rapists; Botched executions in the United States; Contract killers; Criminals from Ohio; Executed American serial killers; Gang rape in the United States; Mariticides; People executed by Texas by lethal injection; People from Hamilton County, Ohio; People from Harris County, Texas; Serial killer duos; Serial killers from Texas; Violence against men in the United States; Violence against women in Texas; 20th-century American murderers",2026-09-27 10:03:26
Michael Bear Carson and Suzan Carson,3.0,,,Very Low (<5),United States,1981,1983,Unknown,False,False,False,https://en.wikipedia.org/wiki/Michael_Bear_Carson_and_Suzan_Carson,"James Clifford Carson(a.k.a.Michael Bear Carson; born 1950) andSusan Barnes Carson(akaSuzan Bear Carson; born 1941) areAmericanserial killersconvicted for three murders between 1981 and 1983 inNorthern Californiaand theSan Francisco Bay Area. In 1977, James Carson was inPhoenix, Arizona, when his first wife noticed severe behavioral changes and left with their daughter, Jennifer.Carson began a relationship with Susan Barnes, a divorcée with two teenage sons.James and Susan married, and became in",Michael Bear Carson and Suzan Carson,Michael Bear Carson,3,"In March 1981, 23-year-old Karen Barnes (no relation to Suzan), an aspiring actress from Georgia who had been the Carsons' roommate in San Francisco, was found dead in their shared apartment. She had been stabbed thirteen times and her skull crushed before being wrapped in a blanket and hidden in the basement. Evidence suggested that Karen had been killed by someone she knew, and the Carsons became the prime suspects . However, the family disappeared before the body was found. The Carsons later ",1981–1983,2.0,United States,,,"November 28, 1950",age 75),,,,,,,"Categories; 1981 murders in the United States; 20th-century American murderers; American people convicted of murder; American prisoners sentenced to life imprisonment; Crime in the San Francisco Bay Area; Crimes in Humboldt County, California; Criminal couples; Serial killer duos; Serial killers from the San Francisco Bay Area; Fugitives; History of the San Francisco Bay Area; Living people; Married couples; Modern witch hunts; People convicted of murder by California; Prisoners sentenced to life imprisonment by California",2026-09-27 10:03:28
Joseph and Michael Kallinger,3.0,,,Very Low (<5),United States,1974,1975,Unknown,True,False,False,https://en.wikipedia.org/wiki/Joseph_Kallinger,"Joseph Kallinger(bornJoseph Lee Brenner III; December 11, 1935–March 26, 1996)was an Americanserial killerwhomurderedthree people andtorturedfour families. He committed the latter crimes with his 12-year-old son Michael. Kallinger was born on December 11, 1935, as Joseph Lee Brenner III at theNorthern Liberties HospitalinPhiladelphia,Pennsylvaniato Joseph Lee Brenner Jr. and his wife Judith. His father was aRoman Catholicwhile his mother was ofJewishheritage. On December 12, 1935, he was placed ",Joseph Kallinger,The Shoemaker,3,,"July 7, 1974 – January 8, 1975",1.0,United States,,,"December 11, 1935","Philadelphia, Pennsylvania , U.S.",1996-03-26,"6) (aged 60) Cresson Township, Pennsylvania , U.S.",,,,,Categories; 1935 births; 1996 deaths; 20th-century American murderers; American male criminals; American adoptees; American murderers of children; American rapists; American people convicted of murder; American people with disabilities; American prisoners sentenced to life imprisonment; Child filicides in the United States; Perpetrators of filicide; People convicted of murder by New Jersey; People with epilepsy; People with schizophrenia; Prisoners sentenced to life imprisonment by New Jersey; Serial killers from New Jersey; Serial killers from Philadelphia; Serial killers who died in prison custody; Male murderers,2026-09-27 10:03:30
Silvia Merez Cult,3.0,,,Very Low (<5),Mexico,2009,2012,Female,True,False,False,https://en.wikipedia.org/wiki/Silvia_Meraz,"Silvia Meraz Moreno(born 1968) is a Mexicanserial killerand cult leader who was convicted of three murders which took place between 2009 and 2012 inNacozari, Sonora. Three people were murdered as human sacrifices toSanta Muerte. Silvia Meraz was born inHermosillo, Sonora. Her family lived inpovertyin a poor neighborhood ofNacozari de García Municipalityin Sonora. At age 16, she gave birth to her first son, Ramón Omar Palacios Meraz. She had three more children with her first husband, Martín Barr",Silvia Meraz,The Human Sacrifices Sect of Nacozari,3,"At some point, Meraz became convinced that she could receive economic favors if she offered human sacrifices to Santa Muerte . [ 4 ] Motivated by delirious ideas, she orchestrated the murders with the complicity of her family to win Santa Muerte's favor. [ 5 ] Meraz gained the following of eight members of her family, including four of her five children: Ramón Omar, Francisca Magdalena, Georgina Guadalupe and Silvia Yahaira, her father Cipriano Meraz, her partner Eduardo Sánchez and a woman name",2009–2012,3.0,Mexico,,,,"Hermosillo , Sonora, Mexico",,,,,,,Categories; 1968 births; Crimes involving Satanism or the occult; Living people; Mexican female murderers; Mexican female serial killers; Mexican serial killers; Mexican murderers of children; Mexican people convicted of murder; People convicted of murder by Mexico; People from Sonora; Santa Muerte devotees,2026-09-27 10:03:33
Amelia Sach and Annie Walters,,,,Very Low (<5),,,,Female,True,False,False,https://en.wikipedia.org/wiki/Amelia_Sach_and_Annie_Walters,"Amelia Sach(1873 – 3 February 1903) andAnnie Walters(1869 – 3 February 1903) were two British murderers better known as theFinchley baby farmers. Little is known about Annie Walters, but Amelia Sach's background is well-documented: Sach was baptised Frances Amelia Thorne inHampreston,Dorseton 5 May 1867. She was the fourth child of ten and had three sisters. She married a builder called Jeffrey Sach in 1896. Sach was active long before she engaged Walters. By 1902, she was working from 'Claymore",Amelia Sach and Annie Walters,,0,"Amelia Sach operated a "" lying-in "" home in Stanley Road and later at Claymore House in Hertford Road (both in East Finchley), London . Around 1900, [ 5 ] she began to advertise that babies ""could be left"" and took money for adoptions. The clients, judging from the witness accounts, were mostly servants from local houses who had become pregnant and who had employers who were keen for the matter to be resolved discreetly. There was a charge for lying-in and another for adoption, a ""present"" to fu",,,,,,,,,,,,,,Categories; 1903 deaths; 20th-century executions by England and Wales; Infanticide in the United Kingdom; British female serial killers; British serial killers; Burials at Brookwood Cemetery; English people convicted of murder; English serial killers; Executed British serial killers; Executed British women; Executed English people; Executed English women; Executed female serial killers; Female criminal duos; Female murderers of children; British murderers of children; People convicted of murder by England and Wales; Poisoners; Serial killer duos,2026-09-27 10:03:35
"""Highway of Tears"" Killer",80.0,,,High (30+),Canada,1970,,Unknown,True,False,True,https://en.wikipedia.org/wiki/Highway_of_Tears_murders,"TheHighway of Tearsis a719-kilometre (447mi)corridor ofHighway 16betweenPrince GeorgeandPrince RupertinBritish Columbia, Canada, which has been the location of crimes against many women, beginning in 1969 when the highway was completed. The phrase was coined during a vigil held inTerrace, British Columbiain 1998, by Florence Naziel, who was thinking of the victims' families crying over the loss of their loved ones. There is a disproportionately high number ofIndigenous womenon the list of victim",Highway of Tears murders,,80,"There is a large proportion of indigenous women among the victims, hence the association with the missing and murdered Indigenous women (MMIW) movement. Accounts vary as to the exact number of victims. According to the RCMP Project E-Pana , the number of victims is fewer than 18, [ 9 ] [ 10 ] while Indigenous organizations estimate that the number of missing and murdered women is higher than 40. [ 10 ] [ 11 ] The table below lists all the known women who went missing, were murdered, or died of u",1970–present,,Canada,Prince George; British Columbia Prince Rupert; British Columbia,,,,,,,,,,Categories; Highway of Tears; Missing person cases in British Columbia; Royal Canadian Mounted Police; Unidentified Canadian serial killers,2026-09-27 10:03:40
Orlando Sabino,12.0,,,Low (5-14),Brazil,,,Unknown,True,False,False,https://en.wikipedia.org/wiki/Orlando_Sabino,"Orlando Sabino Camargo(September 4, 1946 – June 8, 2013), known as theMonster of Capinópolis, was a Brazilian suspected serial killer charged with the murder of 12 people using revolvers and rifles, as well as with the beating and stabbing of 19calvesto death with a sickle in the regions ofTriângulo Mineiro;Alto Paranaíba, and in southernGoiás. Sabino was also accused committing numerous crimes such as theft, robbery and rape. Sabino was described as a short, shallow man of frightened and introv",Orlando Sabino,Monster of Capinópolis,12,"After traveling for miles, he arrived at the Alto Paranaíba region, where he was accused of practicing robbery in the region of Araxá and murder in Patrocínio and Coromandel in late 1971. Sabino then travelled to the southern area of Minas Gerais , where he allegedly committed homicides in Davinópolis and Ouvidor's outskirts, before heading to Tupaciguara , Centralina , Capinópolis and Canápolis . Sabino was known for invading farms and spending long periods free of human contact, sneaking throu",,,Brazil,,,"September 4, 1946","Arapongas , Brazil",2013-06-08,"8) (aged 66) Barbacena , Brazil",,,,,Categories; 1946 births; 2013 deaths; Fugitives; People with antisocial personality disorder; Suspected serial killers,2026-09-27 10:03:43
Charles Quansah,9.0,34.0,,High (30+),Ghana,1993,2000,Unknown,True,False,False,https://en.wikipedia.org/wiki/Charles_Quansah,"Charles ""Papa"" Kwabena Ebo Quansah(born 1964), known asThe Accra Strangler, is a convictedGhanaianserial killerwho was arrested in February 2000 and convicted of the strangulation deaths of nine women. Quansah was initially arrested in 2000 for the murder of his then-girlfriend Joyce Boateng. While in custody, Quansah was subsequently charged with the murder of another woman, Akua Serwaa, who was found strangled near Kumasi Sports Stadium inKumasion 19 January 1996, and subsequently confessed to",Charles Quansah,The Accra Strangler,34,,1993–2000,7.0,Ghana,,,,Ghana,,,,,,,Categories; 1964 births; Ghanaian people convicted of murder; Ghanaian prisoners sentenced to death; Ghanaian serial killers; Living people; People convicted of murder by Ghana; Prisoners sentenced to death by Ghana; Violence against women in Ghana; History of Accra,2026-09-27 10:03:45
Redhead murders,5.0,14.0,,Low (5-14),,1978,1992,Unknown,True,False,False,https://en.wikipedia.org/wiki/Redhead_murders,"TheRedhead murdersis the media epithet used to refer to a series of unsolved homicides ofredheadedgirls and young women in theUnited Statesbetween October 1978 and 1992, believed to have been committed by an unidentified maleserial killer. The murders believed to be related have occurred in states includingTennessee,Arkansas,Kentucky,Mississippi,Pennsylvania, andWest Virginia.The murders may have continued until 1992.The victims, many remaining unidentified for years, were usually women with red",Redhead murders,,14,,1978–1992,14.0,,,,,,,,,,,,Categories; 1978 murders in the United States; American murderers of children; Crimes against sex workers in the United States; Female murder victims in the United States; Formerly missing people; People murdered in Tennessee; Serial murders in the United States; Unidentified American children; Unidentified murder victims in Arkansas; Unidentified murder victims in Kentucky; Unidentified murder victims in Mississippi; Unidentified murder victims in Pennsylvania; Unidentified murder victims in Tennessee; Unidentified murder victims in the United States; Unidentified American serial killers; Unsolved murders in Arkansas; Unsolved murders in Kentucky; Unsolved murders in Mississippi; Unsolved murders in Pennsylvania; Femicide in the United States,2026-09-27 10:03:48
Jeff Davis 8,,,,Very Low (<5),,,,Unknown,True,False,True,https://en.wikipedia.org/wiki/Jeff_Davis_8,"TheJeff Davis 8, sometimes called theJennings 8orJennings 8 girls, refers to a series of unsolved murders inJefferson Davis Parish, Louisiana.Between 2005 and 2009, the bodies of eight women were found in swamps and canals surroundingJennings, Louisiana. Most of the bodies were found in a state of decomposition, making the cause of death difficult to determine. Critics, including author Ethan Brown, who wrote a 2016 book concerning the case, alleged that the investigations into the murders were ",Jeff Davis 8,,0,"The first victim, Loretta Lewis, 28, was found floating in a river by a fisherman on May 20, 2005. [ 4 ] [ 5 ] Other victims were Ernestine Marie Daniels Patterson, 30; Kristen Gary Lopez, 21; Whitnei Dubois, 26; Laconia ""Muggy"" Brown, 23; Crystal Shay Benoit Zeno, 24; and Brittney Gary, 17. [ 5 ] The final body, that of Necole Guillory, 26, was found off Interstate 10 in 2009. [ 6 ]",,,,,,,,,,,,,,Categories; 2000s missing person cases; American murderers of children; Child murder in Louisiana; Female murder victims; Formerly missing American people; Fugitives; Law enforcement scandals; Missing person cases in Louisiana; Serial killers from Louisiana; Serial murders in the United States; Unidentified American serial killers; Unsolved murders in Louisiana; Violence against women in Louisiana,2026-09-27 10:03:50
Pedro Rosa da Conceição,6.0,18.0,,Medium (15-29),Brazil,1904,1911,Unknown,True,False,False,https://en.wikipedia.org/wiki/Pedro_Rosa_da_Conceição,"Pedro Rosa da Conceiçãowas a Brazilianspree killerwho killed three people and wounded thirteen others inRio das Pedras, Rio de Janeiro, Brazil, on April 22, 1904, before being arrested.He was then sent to a psychiatric hospital, where he later killed three more people: his cellmate Joaquim Alves Junior and an unnamed guard who attempted to calm him down during a fight in 1911,and an unnamed inmate in 1910.He was also said to have murdered a family of twelve in Rio das Pedras,though this is unver",Pedro Rosa da Conceição,,18,"Rosa was epileptic and worked at the Estrada de Ferro Central. On April 22, 1904, he armed himself with a bayonet and went to a locomotive in the Belém station alongside a partner. However, as the train was speeding, Rosa pushed the partner out of the train. When the train arrived at Rio das Pedras station, Rosa left. [ 4 ] He then walked to the Dona Clara station, where his progenitor named Ambrosio Gomes lived. Intent on killing him, Rosa started beating Gomes injuring him. He then hit his ste",1904–1911,7.0,Brazil,,,,,"February 25, 1919","February 25, 1919",,,,,Categories; 1904 in Brazil; 1919 deaths; Brazilian mass murderers; Brazilian serial killers; Family murders; Fugitives; People detained in psychiatric hospitals; 20th-century murderers; Serial mass murderers; Male murderers,2026-09-27 10:03:53
Earl Bramblett,,,,Very Low (<5),,,,Unknown,True,False,False,https://en.wikipedia.org/wiki/Earl_Bramblett,"Earl Conrad Bramblett(March 20, 1942 – April 9, 2003) was an Americanmass murderer, convicted for the killing of four members of the Hodges family in August 1994 inVinton, Virginia. Bramblett murdered each family member in their residence beforesetting it on fire, and in 1997 was sentenced todeathfor the murders. Bramblett was executed byelectric chairon April 9, 2003. At around 4:30a.m. on August 29, 1994, a passerby reported a fire at the Hodges residence inVinton, Virginia.Firefighters and po",Earl Bramblett,,0,"At around 4:30 a.m. on August 29, 1994, a passerby reported a fire at the Hodges residence in Vinton, Virginia . [ 4 ] Firefighters and police found fire burning throughout the house. Gaining entry, authorities found 37-year-old Teresa Lynn Hodges' body on a couch, still burning—she had been strangled and doused with diesel fuel. [ 4 ] On the second floor, they discovered William Blaine Hodges (aged 41) dead on a bed next to a .22 caliber revolver with the barrel removed, shot through his left t",,,,Vinton; Virginia,,"March 20, 1942","Sweetwater, Texas , U.S.",2003-04-09,"9) (aged 61) Greensville Correctional Center , Virginia, U.S.",,Executed by electrocution,Executed by electrocution,Weapon(s): .22 Magnum Arminius revolver [ 1 ] [ 2 ],"Categories; 1942 births; 1994 murders in the United States; 2003 deaths; 21st-century executions by Virginia; 21st-century executions of American people; American arsonists; American male criminals; American murderers of children; American rapists; Executed American mass murderers; Executed people from Virginia; Executed suspected serial killers; Family murders in the United States; 1994 mass murders; People convicted of murder by Virginia; People executed by Virginia by electric chair; People from Spartanburg, South Carolina; People from Vinton, Virginia; Mass murders in Virginia; 1990s mass murders in the United States; Arson in Virginia; Arson in 1994; 1994 fires in the United States; Attacks on buildings and structures in Virginia; Residential building arson attacks in the United States; Attacks on buildings and structures in 1994; Child sexual abuse in the United States; 20th-century American murderers; Mass shootings involving revolvers; Male murderers",2026-09-27 10:03:55
Henry Lee Lucas,3.0,250.0,1.0,High (30+),United States,1960,1983,Unknown,True,False,False,https://en.wikipedia.org/wiki/Henry_Lee_Lucas,"Henry Lee Lucas(August 23, 1936– March 12, 2001), also known as theConfession Killer, was an American murderer and serial killer who was convicted of murdering his mother in 1960 and two others in 1983. He rose to infamy as a claimedserial killerwhile incarcerated for these crimes,falsely confessingto approximately 600 other murders to theTexas Rangersand other law enforcement officials. Many unsolved cases were closed based on the confessions and the murders officially attributed to Lucas. He w",Henry Lee Lucas,,250,"Lucas claimed to have committed his first homicide at age 14, when he strangled seventeen-year-old Laura Everlean Burnsley. [ 11 ] Burnsley disappeared from a bus stop in Lynchburg, Virginia , in March 1951; Lucas confessed to her murder on February 15, 1984. According to Lucas, he picked her up near Lynchburg, and after she refused his sexual advances and resisted an unsuccessful rape attempt, he killed her and buried her body in a secluded wooded area near Harrisburg . ""It scared me quite a bi",1960–1983,23.0,United States,,,"August 23, 1936","Blacksburg, Virginia , U.S.",2001-03-12,"2) (aged 64) Ellis Unit , Huntsville, Texas, U.S.",,,,,"Categories; 1936 births; 2001 deaths; 20th-century American criminals; American cannibals; American male criminals; American murderers of children; American people convicted of burglary; American people convicted of murder; American people who died in prison custody; American people with disabilities; American prisoners sentenced to death; American rapists; Criminals from Virginia; False confessions; Perpetrators of matricide; Necrophiles; People convicted of murder by Michigan; People convicted of murder by Texas; People from Blacksburg, Virginia; People from Tecumseh, Michigan; People with antisocial personality disorder; People with schizophrenia; Prisoners sentenced to death by Texas; Prisoners who died in Texas detention; Recipients of gubernatorial clemency in Texas; Serial killers from Michigan; Serial killers from Texas; Serial killers who died in prison custody",2026-09-27 10:03:58
"""Bowraville Murders"" Killer",,,,Very Low (<5),,,,Unknown,True,False,False,https://en.wikipedia.org/wiki/Bowraville_Murders,"TheBowraville murdersis the name given to a suspected case of serial murder, relating to three deaths that occurred over five months from September 1990 to February 1991 inBowraville, New South Wales, Australia. All three victims wereAboriginal, and all disappeared after parties in Bowraville's Aboriginal community, in an area known as The Mission.The Mission is on Gumbayngirr Road, (formerly Cemetery Road) and is approximately two kilometres outside of the town centre. A local labourer, who was",Bowraville Murders,,0,,,,,,,,,,,,,,,Categories; 1990 murders in Australia; 1991 murders in Australia; 1990s in New South Wales; 1990s missing person cases; Formerly missing Australian people; Fugitives wanted by Australia; Missing person cases in Australia; Murder in New South Wales; Serial murders in Australia; Unidentified Australian serial killers; Unsolved murders in Australia,2026-09-27 10:04:00
Billy Gohl,2.0,6.0,100.0,High (30+),United States,1902,1910,Unknown,True,False,False,https://en.wikipedia.org/wiki/Billy_Gohl,"William Gohl(February 6, 1873 – March 3, 1927) was a German-American murderer and suspectedserial killerwho, while working as alabor unionofficial,murderedseveralsailorspassing throughAberdeen, Washington. Gohl was convicted of two murders in 1910 and is a suspect in dozens more that occurred between about 1905 and 1910, all supposedly for financial gain by stealing valuables from the victims. Spared from the death penalty by a request for leniency by the jury, he was sentenced to life in prison",Billy Gohl,Ghoul of Grays Harbor; Billy Montana,100,"Little is known about Gohl's early life, though at one point as an adult he went to the Yukon chasing gold . He was unsuccessful, and on his return to Aberdeen he took on work as a bartender. [ 4 ] During this time, it was alleged that he may have been responsible for numerous murders. The bodies of migrant workers were found after washing up on the shores, robbed of any valuables or money they were known to have. From 1905 to 1910, 40 bodies were found floating near Aberdeen. [ 5 ] Gohl was acc",1902–1910,8.0,United States,,,"February 6, 1873",Germany,"March 3, 1927","aged 54) Eastern State Hospital Spokane County, Washington , United States",,,,,"Categories; 1927 deaths; 1873 births; 20th-century American murderers; American male criminals; American people convicted of murder; American people who died in prison custody; American prisoners sentenced to life imprisonment; Deaths from pneumonia in Washington (state); Deaths from syphilis; Emigrants from the German Empire to the United States; Murder convictions without a body; People convicted of murder by Washington (state); People from Aberdeen, Washington; Prisoners sentenced to life imprisonment by Washington (state); Prisoners who died in Washington (state) detention; Sailors' Union of the Pacific people; Suspected serial killers; Trade unionists from Washington (state); Violence against men in the United States; Male murderers",2026-09-27 10:04:02
Christopher Halliwell,,,,Very Low (<5),,,,Unknown,True,False,False,https://en.wikipedia.org/wiki/Christopher_Halliwell,"Christopher Halliwellis an English murderer convicted for the murders of  both Becky Godden-Edwards and Sian O'Callaghan separately in the early 21st century. In 1990 Trevaline Evans disappeared from her shop inLlangolleninWales. The case remains unsolved butIn the Footsteps of KillersChannel 4 programme tentatively explored an eyewitness sighting and if Halliwell, who may have worked in the area, may have been worth considering as a suspect. In 1994 Julie Finley disappeared fromLiverpoolon 5 Au",Christopher Halliwell,,0,"In 1994 Julie Finley disappeared from Liverpool on 5 August and was found murdered in Rainford the following day. Reports to Merseyside Police suggested Halliwell may have been involved and police looked into it in 2020. [ 2 ] The case remains unsolved. In 2003 Becky Godden-Edwards disappeared from Swindon. During his arrest for the murder of Sian O'Callaghan in 2011, Halliwell confessed to the murder of Godden-Edwards, leading police to her body, for which he was later convicted. [ 10 ] Police ",,,,,,,,,,,,,,Categories; Living people; 21st-century English criminals; English people convicted of murder; English prisoners sentenced to life imprisonment; Prisoners sentenced to life imprisonment by England and Wales; Prisoners sentenced to whole life orders by England and Wales,2026-09-27 10:04:05
Alejandro Máynez,2.0,50.0,,High (30+),Mexico,,,Unknown,True,False,False,https://en.wikipedia.org/wiki/Alejandro_Máynez,"Alejandro Máynez(bornArmando Martínez; c. 1970s) is aMexicanallegedserial killerand fugitive.Along with Ana Benavidesand Melchor Máynez,he killed at least two women inCiudad Juárez, but he is believed to be responsible for 50 victims in all. His murders are organized and motivated by sexual compulsion, committed as part of a group. Alejandro was an orphan. He was baptizedArmando Martínez.He spent a portion of his childhood in orphanages in the United States. During the 1970s, he was adopted by G",Alejandro Máynez,,50,"During the 1980s and 1990s, Alejandro and Melchor, cousins, joined a gang of drug and jewelry traffickers that smuggled contraband into the United States. Supposedly, they were under the protection of the Chihuahuan government headed by Francisco Barrio . [ 5 ] In 1999, two former police officers, Víctor Valenzuela and Ramiro Romero Gómez, of the state and federal police, started a new department that specialized in femicides, accusing Alejandro Máynez of the deaths of several women: [ 6 ] We we",1980s–1990s,,Mexico,,,,,,,,,,,Categories; 1970s births; 20th-century murderers; Fugitives wanted on murder charges; Living people; Suspected serial killers; Male murderers,2026-09-27 10:04:07
Kieran Patrick Kelly,,,,Very Low (<5),,,,Unknown,True,False,False,https://en.wikipedia.org/wiki/Kieran_Patrick_Kelly,"Kieran Patrick Kelly(16 March 1930 – 2001) was an Irishvagrant, convicted murderer, and suspectedserial killer. Kelly was born in 1930 in the small town ofRathdowney,County Laois. He and his family moved toDublinin the early 1940s, where Kelly became involved in petty crime. Slight in build, his large nose led to his being known by many people as ""Nosy Kelly"". At the age of 18, Kelly enlisted in theBritish Armybut was dishonorably discharged in 1951 for goingAWOL.He moved back and forth between ",Kieran Patrick Kelly,,0,"Kelly was arrested for petty theft in 1983. While in a police holding cell, he attacked another homeless man, William Boyd, and strangled him to death. In a subsequent series of taped confessions to London police, Kelly claimed to have murdered or attempted to murder dozens of people in London using a variety of methods, from pushing people in front of trains to setting them on fire, and to poisoning them over a period of some thirty years. [ 2 ] If Kelly's confessions were true, he would have b",,,,,,16 March 1930,"Rathdowney , County Laois , Ireland",,"HM Prison Frankland , Durham , United Kingdom",,,,,Categories; 1930 births; 2001 deaths; 20th-century British Army personnel; People from County Laois; Suspected serial killers; Irish people convicted of murder; Irish people convicted of manslaughter; Irish people who died in prison custody; Irish prisoners sentenced to life imprisonment; People convicted of murder by England and Wales; Prisoners sentenced to life imprisonment by England and Wales; Prisoners who died in England and Wales detention,2026-09-27 10:04:10
Wayne Williams,2.0,24.0,30.0,High (30+),United States,,,Unknown,True,False,False,https://en.wikipedia.org/wiki/Wayne_Williams,"Wayne Bertram Williams(born May 27, 1958) is an American convicted murderer andserial killerwho is servinglife imprisonmentfor the 1981 killings of two men inAtlanta, Georgia.Although never tried for the additional murders, he is also believed to be responsible for at least 24 of the thirtyAtlanta murders of 1979–1981, also known as the Atlanta Child Murders. Wayne Williams, son of Homer and Faye Williams, was born on May 27, 1958, and raised in theDixie Hillsneighborhood of southwestAtlanta, Ge",Wayne Williams,Atlanta Monster Atlanta Boogeyman Atlanta Child Killer,30,"Williams first became a suspect in the Atlanta murders on the morning of May 22, 1981, when a police surveillance team, watching the James Jackson Parkway Bridge spanning the Chattahoochee River (a spot where multiple bodies had been discovered previously), heard a ""big loud splash,"" suggesting that something had been thrown from the bridge into the river below. [ 4 ] [ 5 ] The first automobile to exit the bridge after the splash, at roughly 2:50 a.m., belonged to Williams. When stopped and ques",,,United States,,,"May 27, 1958","age 68) Atlanta , Georgia, U.S.",,,,,,,Categories; Living people; 1958 births; 20th-century African-American people; American male criminals; American people convicted of murder; American prisoners sentenced to life imprisonment; People convicted of murder by Georgia (U.S. state); People from Atlanta; Prisoners sentenced to life imprisonment by Georgia (U.S. state); Suspected serial killers; Violence against men in the United States,2026-09-27 10:04:12
Gerard John Schaefer,2.0,28.0,,Medium (15-29),United States,1972,1973,Unknown,True,False,True,https://en.wikipedia.org/wiki/Gerard_John_Schaefer,"Gerard John Schaefer Jr.(March 26, 1946–December 3, 1995) was an American murderer and suspectedserial killer, known as theKiller Cop, theHangmanand theButcher of Blind Creek, who was convicted of the 1972 murder and mutilation of two teenage girls inPort St. Lucie, Florida. He is suspected of up to twenty-six other murders. Described by prosecutor Robert Stone as ""the mostsexually deviantperson"" he had ever encountered,Schaefer was sentenced to two terms oflife imprisonmentat his 1973 trial, to",Gerard John Schaefer,Jerry Shepherd The Killer Cop The Hangman The Butcher of Blind Creek [ 1 ],28,"""There has been evidence of considerable paranoid feelings, hostility, and anger, which erupts with little stress. It is noted that past examiners have [also] seen this patient as representing a character disorder ... In addition, there appears to be a very active fantasy life . He is considered to be a very dangerous person, both to himself and to others."" By May 12, investigators had gathered enough physical and circumstantial evidence to link Schaefer to nine murders and unsolved disappearanc","September 27, 1972 (confirmed) October 2, 1966 – January 11, 1973 (suspected)",1.0,United States,,,"March 26, 1946","Neenah, Wisconsin , U.S.",1995-12-03,"3) (aged 49) Florida State Prison , Florida , U.S.",,,,,"Categories; 1946 births; 1972 murders in the United States; 1995 deaths; 20th-century American murderers; 20th-century American police officers; American deputy sheriffs; American male criminals; American murderers of children; American people who died in prison custody; American police officers convicted of assault; American police officers convicted of murder; American prisoners sentenced to life imprisonment; American rapists; Broward College alumni; Crime in Florida; Criminals from Florida; Criminals from Wisconsin; Deaths by stabbing in the United States; Florida Atlantic University alumni; Human trophy collecting; Incidents of violence against girls in the United States; Male murderers; Marist School (Georgia) alumni; Murdered American criminals; Murdered police officers; Necrophiles; People convicted of murder by Florida; People from Fort Lauderdale, Florida; People from Neenah, Wisconsin; People murdered in 1995; People murdered in Florida; Prisoners murdered in custody; Prisoners sentenced to life imprisonment by Florida; Prisoners who died in Florida detention; Rapes in the United States; St. Thomas Aquinas High School (Florida) alumni; Suspected serial killers who worked in law enforcement; Violence against women in Florida",2026-09-27 10:04:14
Billy Chemirmir,2.0,22.0,24.0,Medium (15-29),United States,2016,2018,Unknown,True,True,False,https://en.wikipedia.org/wiki/Billy_Chemirmir,"Billy Kipkorir Chemirmir(December 8, 1972 – September 19, 2023) was a Kenyan murderer and suspectedserial killeraccused of the murders of at least 18 elderly women inDallas, Texas, United States, and its surrounding suburbs.Chemirmir was indicted for 22 murdersand convicted of two. Civil suits were also filed accusing him of two other similar murders.In September 2023, Chemirmir was killed in prison. Billy Kipkorir Chemirmir was born in Kabonyony village, a suburb ofEldama Ravine, as one of 29 c",Billy Chemirmir,,24,"Chemirmir was accused of posing as a medical professional or maintenance person and gaining access to the properties of at least twenty-one elderly people. [ 16 ] [ 3 ] Police in several North Texas communities have investigated Chemirmir for additional victims, believing that a number of previously reported natural deaths may be linked to him. Investigators stated that Chemirmir was believed to have been motivated by robbery and that he stole some of the victims' jewelry, which he then sold onl",May 2016 – March 2018 [ 1 ],2.0,United States,,,"December 8, 1972","Eldama Ravine , Rift Valley Province, Kenya",2023-09-19,"9) (aged 50) Tennessee Colony, Texas , U.S.",,Deceased,Deceased,,Categories; 1972 births; 2023 deaths; 2023 murders in the United States; Kalenjin people; Kenyan expatriates in the United States; Kenyan murder victims; Kenyan nurses; Kenyan people imprisoned in the United States; Murdered criminals; People convicted of assault; People convicted of murder by Texas; People from Baringo County; People murdered in Texas; Prisoners murdered in custody; Prisoners sentenced to life imprisonment by Texas; Prisoners who died in Texas detention; Senicide; Suspected serial killers; Violence against women in Texas,2026-09-27 10:04:16
Allan Grimson,2.0,22.0,,Medium (15-29),United Kingdom (possibly New Zealand ),1997,1998,Unknown,True,False,False,https://en.wikipedia.org/wiki/Allan_Grimson,"Allan Michael Grimson(born 1958)is a British convicted rapist, murderer, and suspectedserial killerwho is responsible formurderingat least twoRoyal Navysailors and who is suspected of killing many others, possibly up to another 20 undiscovered victims. The judge, who sentenced him to a minimum term of 22 years at his trial, said that Grimson was ""a serial killer by nature if not by number"". Because his two victims were killed on the same date exactly a year apart (12 December), detectives believ",Allan Grimson,,22,"His first known victim was 18-year-old Nicholas Wright who was in the Royal Navy. Grimson had met Wright on a fire-fighting course run by the Royal Navy in November 1997. Grimson offered to give Wright a lift home to Leicester on the weekends, but Wright and his family were suspicious of his motives. Whilst Wright was on shore leave from HMS Edinburgh [ 4 ] in December 1997, he was seen out drinking with Grimson. They were witnessed leaving a Portsmouth nightclub together and according to Grimso",1997–1998,1.0,United Kingdom (possibly New Zealand ),,,,"North Shields , Northumberland , UK",,,,,,,Categories; 1958 births; 20th-century English criminals; 21st-century English LGBTQ people; British male criminals; Crime in Portsmouth; English people convicted of child sexual abuse; English people convicted of rape; English prisoners sentenced to life imprisonment; English rapists; English serial killers; History of mental health in the United Kingdom; Living people; English gay men; Murder in Hampshire; People from North Shields; People with antisocial personality disorder; Criminals from Tyne and Wear; Prisoners sentenced to life imprisonment by England and Wales; Royal Navy sailors; Violence against men in the United Kingdom; Military personnel from Tyne and Wear; 20th-century Royal Navy personnel; Rape of males,2026-09-27 10:04:19
Billy Edwin Reid,2.0,21.0,,Medium (15-29),United States,1989,1995,Unknown,True,False,False,https://en.wikipedia.org/wiki/Billy_Edwin_Reid,"Billy Edwin Reid(born 1959) is an American murderer and a suspect in the murders of at least 17 women inDenver,Coloradobetween 1975 and 1995. The murders were grouped together only in 2008, before then they were thought to have been committed by different perpetrators. In 2005, based upon results fromDNA profiling, Reid was tied to the 1989 murders of Lannell Williams and Lisa Kelly, and authorities suspect him in more. In 2006, Reid was arrested at his home inDenver, and was charged with the mu",Billy Edwin Reid,,21,"In 2006, Reid was arrested at his home in Denver , and was charged with the murder of Lenell Williams, after investigators successfully identified a match in his DNA to traces of biological evidence found at the crime scene. Her body was found in a humiliating position on October 14, 1989, near Clear Creek by two East High School students. [ 1 ] After further examination, they also charged him for the murder of Lisa Kay Kelly, a sex worker whose badly decomposed body was found on March 24, 1989,",1989 (known) 1975 – 1995 (suspected),6.0,United States,,,,,,,,,,,Categories; Living people; 1959 births; 1989 murders in the United States; American male criminals; American people convicted of murder; American people convicted of rape; American prisoners sentenced to life imprisonment; Suspected serial killers; People convicted of murder by Colorado; Prisoners sentenced to life imprisonment by Colorado; 20th-century American murderers; Male murderers,2026-09-27 10:04:21
Joe Ball,2.0,,,Very Low (<5),United States,1937,1938,Unknown,True,False,False,https://en.wikipedia.org/wiki/Joe_Ball,"Joseph Douglas Ball(January 7, 1896– September 24, 1938)was an American murderer and suspectedserial killer, sometimes referred to as the ""Alligator Man"",the ""Butcher of Elmendorf""and the ""Bluebeardof South Texas"". Joseph Douglas Ball was born inSan Antonioto Elizabeth Hart (néeLawler; 1868–1922) and Frank Xavier Ball (1868–1937), a rich farm owner later turned general store owner, as the second of eight children.Joseph Ball's brother, Raymond Ball, was the first mayor ofElmendorf, Texas. After ",Joe Ball,The Alligator Man The Butcher of Elmendorf The Bluebeard of South Texas,2,"After a while, women in the area were reported missing, including barmaids. When two Bexar County deputy sheriffs went to question him in 1938, Ball pulled a handgun from his cash register and killed himself with a bullet through the heart (as noted on his death certificate by the coroner, but some sources report that he shot himself in the head). [ 3 ] A handyman who conspired with Ball, Clifford Wheeler, admitted to helping Ball dispose of the bodies of two of the women he had killed. [ 3 ] Wh",1937–1938,1.0,United States,,,"January 7, 1896","San Antonio , Texas, U.S. [ 1 ]",1938-09-24,"4) (aged 42) [ 1 ] Elmendorf, Texas , U.S.",,,,,Categories; 1896 births; 1938 suicides; 1938 deaths; 20th-century American murderers; American bootleggers; Military personnel from San Antonio; Suicides by firearm in Texas; Suspected serial killers; United States Army personnel of World War I; Violence against women in Texas; Male suicides; Male murderers,2026-09-27 10:04:23
Alun Kyte,2.0,,,Very Low (<5),England,1997,,Unknown,True,False,False,https://en.wikipedia.org/wiki/Alun_Kyte,"Alun Kyte(born 7 July 1964),known as theMidlands Ripper, is an English double murderer,serial rapist,child rapist,paedophileand suspectedserial killer. He was convicted in 2000 of the murders of twosex workers, 20-year-old Samo Paull and 30-year-old Tracey Turner, whom he killed in December 1993 and March 1994 respectively. After his conviction, investigators announced their suspicions that Kyte could have been behind a number of other unsolved murders of sex workers across Britain in the 1980s ",Alun Kyte,Midlands Ripper,2,"In December 1993, Kyte picked up 20-year-old sex worker Samo Paull from Birmingham 's Balsall Heath red light district . [ 4 ] She was a single parent. [ 7 ] She was reported missing on 4 December and was missing for more than three weeks before her partially-clothed body was noticed by a horse rider on 31 December. [ 8 ] Paull's remains were lying in a water-filled ditch near a lay-by outside of Swinford, Leicestershire . [ 7 ] [ 8 ] This was 38 miles from where she was last seen in Birmingham.",Late 1980s – December 1997,,England,,,7 July 1964,"age 62) Tittensor , Stoke-on-Trent , England",,,Lorry driver,,,,Categories; 1964 births; 1993 crimes in the United Kingdom; 1993 in England; 1993 murders in the United Kingdom; 1994 crimes in the United Kingdom; 1994 in England; 1994 murders in the United Kingdom; 1997 crimes in the United Kingdom; 2000 in England; 20th-century English criminals; Crimes against sex workers in the United Kingdom; English male criminals; English people convicted of child sexual abuse; English people convicted of indecent assault; English people convicted of murder; English people convicted of rape; English prisoners sentenced to life imprisonment; Crime in Bristol; Crime in Leicestershire; Crime in Somerset; Living people; Male murderers; Murder in Leicestershire; Prisoners and detainees of England and Wales; Suspected serial killers who worked as truck drivers; Truck drivers; Violence against children in England; Violence against women in England; English serial rapists,2026-09-27 10:04:27
Larry Gene Bell,3.0,4.0,2.0,Very Low (<5),United States,1984,1985,Unknown,True,False,False,https://en.wikipedia.org/wiki/Larry_Gene_Bell,"Larry Gene Bell(October 30, 1949– October 4, 1996) was an Americanserial killerwho abducted, raped, and murdered at least three women and girls in theCarolinasfrom 1984 to 1985. In addition to this, Bell remains the prime suspect in at least one disappearance. Convicted for the two murders in South Carolina, he wassentenced to deathand executed in 1996. Bell was born inRalph, Alabama, and had three sisters and one brother. The family reportedly moved frequently. Bell attended Eau Claire High Sch",Larry Gene Bell,,4,,1984–1985,1.0,United States,,,"October 30, 1949","Ralph, Alabama , U.S.",1996-10-04,"4) (aged 46) Broad River Correctional Institution , South Carolina, U.S.",,Executed by electrocution,Executed by electrocution,,"Categories; 1949 births; 1985 murders in the United States; 1996 deaths; 20th-century executions by South Carolina; 20th-century executions of American people; American murderers of children; American people convicted of kidnapping; Executed American serial killers; American rapists; Executed people from Alabama; People convicted of murder by South Carolina; People executed by South Carolina by electric chair; People from Tuscaloosa County, Alabama; United States Marines; Violence against women in North Carolina; Violence against women in South Carolina; 20th-century American murderers; American male criminals; Male murderers",2026-09-27 10:04:29
James Otto Earhart,2.0,3.0,,Very Low (<5),United States,1981,1987,Unknown,True,False,False,https://en.wikipedia.org/wiki/James_Otto_Earhart,"James Otto Earhart(April 29, 1943 – August 11, 1999) was an American murderer, kidnapper and suspectedserial killerexecuted for the 1987 kidnap-murder of 9-year-old Kandy Janell Kirtland inBryan, Texas.Suspected in at least one more murder during his lifetime, Earhart was posthumously linked to a 1981 murder viaDNAconducted byParabon NanoLabsin 2019, and authorities are investigating whether he can be linked to any other violent crimes committed inBrazos County. On May 12, 1987, 9-year-old Kandy",James Otto Earhart,George Stevens,3,,1981–1987,6.0,United States,,,"April 29, 1943","Huntsville, Texas , U.S.",1999-08-11,"1) (aged 56) Huntsville Unit , Huntsville, Texas, U.S.",,,,,"Categories; 1943 births; 1999 deaths; 20th-century executions by Texas; American male criminals; American murderers of children; American people convicted of kidnapping; American people executed for murder; Executed people from Texas; Executed suspected serial killers; People convicted of murder by Texas; People executed by Texas by lethal injection; People from Huntsville, Texas; Violence against women in Texas; 20th-century American murderers; Male murderers",2026-09-27 10:04:32
Jeffrey Willis,,,,Very Low (<5),,,,Unknown,True,False,False,https://en.wikipedia.org/wiki/Jeffrey_Willis,"Jessica Lynn Heeringa(July 16, 1987 –c.April 26, 2013) was a 25-year-old woman fromNorton Shores, Michigan, whodisappearedfrom theExxongas station where she was working on the night of April 26, 2013. Left at the scene of the apparent abduction, investigators found Heeringa's car and jacket, as well as her cigarettes and purse with a large amount of money. They also located drops of blood outside the gas station,which subsequent DNA analysis positively matched to Heeringa.Also, parts to a firear",Jeffrey Willis,,0,,,,,,,"July 16, 1987","July 16, 1987",2013-04-26,"6) (aged 25) Norton Shores, Michigan , U.S.",Gas station clerk,,,,Categories; 2010s missing person cases; 2013 in Michigan; April 2013 in the United States; Deaths by person in Michigan; Female murder victims; Violence against women in Michigan; Incidents of violence against women; Missing person cases in Michigan; Murder convictions without a body; April 2013 crimes in the United States,2026-09-27 10:04:36
Ángel Nieves Díaz,2.0,3.0,,Very Low (<5),United States,,,Unknown,True,False,False,https://en.wikipedia.org/wiki/Ángel_Nieves_Díaz,"Ángel Nieves Díaz(August 31, 1951–December 13, 2006) was a Puerto Rican murderer who wasexecutedbylethal injectionbyFlorida.Díaz, who had escaped from a prison inPuerto Ricowhile serving time for murder, was convicted of shooting and killing the manager of astrip clubin Florida in 1979.He maintained his innocence until his death. Ángel Nieves Díaz was born inPuerto Ricoon August 31, 1951. In high school, he participated inCursilloand marriedbefore he dropped out in his third year. At age 17, he ",Ángel Nieves Díaz,Ángel Díaz Papo la Muerte Emilio Baez Alfredo Díaz José Díaz Ángel Dieque Papo Guadalupe Alfredo Guadalupe-Díaz [ 1 ],3,"In July 1978, Díaz killed the director of a drug rehabilitation center, stabbing him 19 times while he was sleeping. [ 4 ] [ 7 ] He was found guilty of second degree murder and sentenced to 10 to 15 years in prison. In 1979, Díaz escaped from the Río Piedras State Penitentiary , nearly beating a guard to death in the process. He fled to Florida. [ 8 ] On December 29, 1979, Díaz and two friends, Angel ""Sammy"" Toro and a man named ""Willie"", who was never caught, robbed the Velvet Swing Lounge, a s",,,United States,,,"August 31, 1951",Puerto Rico,2006-12-13,"3) (aged 55) Florida State Prison , Florida, U.S.",,Executed by lethal injection,Executed by lethal injection,,Categories; 1951 births; 2006 deaths; 21st-century executions by Florida; 21st-century executions of American people; 20th-century American murderers; American people convicted of kidnapping; American people convicted of robbery; American people executed for murder; Executed Puerto Rican people; People convicted of illegal possession of weapons; People convicted of murder by Florida; People convicted of murder by Puerto Rico; People executed by Florida by lethal injection; Prisoners and detainees of the United States federal government; Puerto Rican people convicted of murder; Botched executions in the United States; Puerto Rican Catholics; Male murderers,2026-09-27 10:04:38
Pam Hupp,,,,Very Low (<5),United States,,,Unknown,True,False,False,https://en.wikipedia.org/wiki/Pam_Hupp,"Pamela Marie Hupp(néeNeumann; born October 10, 1958) is an American convicted murderer serving alife sentenceinMissouri'sChillicothe Correctional Centerfor the fatal shooting of Louis Gumpenberger in her home inO'Fallon, Missouri. In August 2016, Hupp staged the killing of Gumpenberger (a disabled man) by luring him into her house and shooting him. Hupp's claim that she had killed Gumpenberger in self-defense was not accepted by law enforcement and she ultimately entered anAlford pleabefore char",Pam Hupp,,0,,,,United States,O'Fallon; Missouri; U.S.,,"October 10, 1958",age 67),,,Life insurance administrator (formerly),Incarcerated,Life in prison without parole; Incarcerated,Weapon(s): Ruger LCR,"Categories; 1958 births; 21st-century American murderers; American female murderers; American people convicted of murder; American prisoners sentenced to life imprisonment; August 2016 crimes in the United States; Crimes in Missouri; Living people; People convicted of murder by Missouri; People from St. Louis County, Missouri; People who entered an Alford plea; Prisoners sentenced to life imprisonment by Missouri; State Farm people",2026-09-27 10:04:41
Johann Otto Hoch,1.0,50.0,,High (30+),United States,1905,,Unknown,True,False,False,https://en.wikipedia.org/wiki/Johann_Otto_Hoch,"Johann Otto Hoch(also known asThe Bluebeard MurdererandChicago Bluebeard) (1855 – February 23, 1906) is the most famous and last-used alias of a German-born Americanmurdererandbigamist,John Schmidt. He was found guilty of the murder of one wife but is thought to have killed more, perhaps up to fifty victims.He was executed byhangingin 1906. Hoch was born John Schmidt in 1855, atHorrweiler, in theGrand Duchy of Hesse(present-dayRhineland-Palatinate, Germany). He emigrated to the United States in ",Johann Otto Hoch,The Bluebeard Murderer C.A.Meyer H. Ireck Dr James Jacob Huff C.A.Calford Jacob Hoch Jacob Erdorff Schmitt Bartell Henry F. Hartman William Frederick Bessing Martin Dotz Adolf Hoch Martin Dose Albert Buschberg John Healey Carl Schmidt Count Otto van Kurn Dr G. L. Hart John Jacob Leo Schmidt Leo Preger Joseph Hoch Jacob Hock Henry Bartells John Joseph Adolf Hoch Fred Doess,50,"A turn of the century account [ 4 ] partially reports on many of Hoch's victims, except where noted: 1881, Austria – marries Annie Hock {alleged} 1883, New York – Hoch arrives with wife Annie, an invalid who dies several years later {alleged} 1888, New York – After arriving from Wurtemberg, Hoch said to have married an immigrant servant girl who ""died"" prior to two months passing {alleged}. At the time of his 1905 New York arrest it was also alleged Hoch had married and either left/killed women ",1890–1905,,United States; Austria; France; United Kingdom,,,,,"February 23, 1906","aged 50/51) Chicago, Illinois, U.S.",,Executed by hanging,Executed by hanging,,Categories; Bigamists; 1855 births; 1906 deaths; 20th-century executions by Illinois; 20th-century executions of American people; American confidence tricksters; Executed people from Rhineland-Palatinate; Emigrants from the German Empire to the United States; Executed suspected serial killers; German people executed for murder; German people executed in the United States; People convicted of murder by Illinois; People executed by Illinois by hanging; People from Mainz-Bingen; People from Rhenish Hesse; Poisoners; Uxoricides in the United States; Violence against women in Illinois; Perpetrators of uxoricide,2026-09-27 10:04:44
Clementine Barnabet,35.0,,,High (30+),United States,1911,1911,Unknown,True,False,False,https://en.wikipedia.org/wiki/Clementine_Barnabet,"Clementine Barnabet(c.1894– after 1923) was an American suspectedserial killer. She initially confessed to perpetrating at least twomass murdersin February and November 1911, and while in custody, Barnabet claimed involvement in a total of 35 killings in theAcadianaregion ofLouisianaand southeasternTexas, taking responsibility for nineteen of them. Authorities would link her to several more unsolved cases in both states, including some committed during her stay in jail, bringing the upper estima",Clementine Barnabet,,35,"On February 24, 1911, the Andrus family was murdered in their home in Lafayette. The Barnabet family were neighbors to the Andruses and on February 26, Raymond Barnabet was arrested by Lafayette Parish Sheriff Louis Lacoste on suspicion of murder, [ 18 ] after a ""mistress"" implicated him in the crime, but Raymond was released for insufficient evidence within the week. [ 1 ] Raymond was re-arrested in July, after his daughter Clementine and son Ferran both testified against Raymond, claiming he h",February 1911 – November 1911,0.0,United States,,,1894,"894 St. Martin Parish, Louisiana , U.S.",,,Housekeeper,,,,"Categories; 1890s births; 20th-century African-American women; 20th-century American murderers; American female murderers; American people convicted of murder; American prisoners sentenced to life imprisonment; Louisiana Creole people; Axe murder; Crimes involving Satanism or the occult; Criminals from Louisiana; People from St. Martinville, Louisiana; People convicted of murder by Louisiana; Prisoners sentenced to life imprisonment by Louisiana; People paroled from life sentence; Suspected serial killers; Juvenile serial killers; Housekeepers",2026-09-27 10:04:46
Jessie McTavish,,,,Very Low (<5),,,,Unknown,True,True,False,https://en.wikipedia.org/wiki/Jessie_McTavish,"Jessie Gordon, formerlyMcTavish, (born c.1940)is aScottishretirednursewho was convicted in 1974 of murdering a patient withinsulin, and of administering a variety of substanceswith intent to cause harm.The conviction was overturned on appeal in 1976. She was dubbed the ""Angel of Death"" by the press. McTavish worked in Ward 5 at Glasgow'sRuchill Hospital. McTavish was tried in 1974 for the murder of an 80-year-old patient, Elizabeth Lyonand assaulting three other patients by giving them illegal i",Jessie McTavish,,0,,,,,,,,,,,,,,,Categories; Scottish nurses; Overturned convictions in Scotland; Health professionals from Glasgow; Living people,2026-09-27 10:04:48
Bobby Jack Fowler,1.0,20.0,,Medium (15-29),United States,1973,1995,Unknown,True,False,False,https://en.wikipedia.org/wiki/Bobby_Jack_Fowler,"Bobby Jack Fowler(June 12, 1939– May 20, 2006) was an American rapist, murderer, and suspectedserial killerwho was active in theUnited StatesandCanadafrom 1973 to 1995. He died in prison oflung cancerduring a 16-year sentence following a conviction forrape,kidnappingand attempted rape inNewport, Oregon, in 1996 (for an attack that took place in 1995). Bobby Jack Fowler was born June 12, 1939, to Selva “Mutt” Fowler and Oma Lee (Hathaway) Fowler. His older brother, Walter was born in 1934, and hi",Bobby Jack Fowler,,20,"Fowler was a transient construction worker who is known to have traveled extensively across North America. He spent time ""rabbiting around"" [ 1 ] North America to such places as British Columbia , Florida , Iowa , Louisiana , Texas , Oregon , South Carolina , Arizona , Tennessee and Washington state . [ 2 ] [ 3 ] During his travels he developed an extensive criminal record and is known to have committed several violent crimes. As an alcohol, amphetamine , and methamphetamine abuser, Fowler had a",1973 – 1995 (confirmed) 1969 – 1995 (possible),22.0,United States; Canada,,,"June 12, 1939","Merkel, Texas , U.S.",2006-05-20,"0) (aged 66) Oregon State Penitentiary , Salem, Oregon , U.S.",Construction worker,,,"Fowler was a transient construction worker who is known to have traveled extensively across North America. He spent time ""rabbiting around"" [ 1 ] North America to such places as British Columbia , Florida , Iowa , Louisiana , Texas , Oregon , South Carolina , Arizona , Tennessee and Washington state . [ 2 ] [ 3 ] During his travels he developed an extensive criminal record and is known to have committed several violent crimes. As an alcohol, amphetamine , and methamphetamine abuser, Fowler had a criminal record that included attempted murder, sexual assault, and firearms offenses. [ 4 ] In 1969, he was charged with murdering a man and woman in Texas, but was only convicted of discharging a firearm within city limits. [ 2 ] [ 3 ] In 1972, Fowler also spent time in a Tennessee prison for sexual assault and attempted murder because, in the words of an investigator, ""he tied [a woman] up, beat the hell out of her with her own belt, covered her with brush and left her to die."" [ 3 ] He like","Categories; 1939 births; 2006 deaths; 20th-century American murderers; American male criminals; American murderers of children; American people convicted of assault; American people convicted of attempted murder; American people convicted of rape; American people convicted of attempted rape; American people convicted of kidnapping; American people who died in prison custody; Crimes in Oregon; Criminals from Texas; Deaths from lung cancer in Oregon; Highway of Tears; People from Taylor County, Texas; Suspected serial killers; Prisoners who died in Oregon detention; Violence against women in Oregon; Male murderers",2026-09-27 10:04:51
Abdul Latif Sharif,,,,Very Low (<5),Mexico,,,Unknown,True,False,False,https://en.wikipedia.org/wiki/Abdul_Latif_Sharif,"Abdul Latif Sharif, first name also spelledAbdel(September 19, 1947–June 2, 2006), was an Egyptian-born Mexicanchemistand chief suspect in theJuárez killings, a decade-long murder spree that began in theMexicancity ofCiudad Juárezin the early 1990s. Sharif was born in Egypt as an only child. Growing up, he suffered constant sexual abuse from his father and several male relatives.Although his father was opposed to him attending school, Sharif showed signs of above-average intelligence. He also li",Abdul Latif Sharif,The Predator of Ciudad Juárez,0,"Sharif's first murder was alleged to have occurred in Mexico in March 1995. But there were indications that suggest he was molded into the serial killer profile by the Chihuahua Attorney General's Office merely as a scapegoat. There were some suspicions that he may have begun killing while residing in Pennsylvania, from 1978 to 1981, where the unresolved disappearances of several women occurred. However, it was then established that Sharif was not connected to these events. Upon his arrival in M",,,Mexico,,,19 September 1947,Egypt,2006-06-02,"2) (aged 58) Chihuahua , Mexico",,,,,Categories; 1947 births; 1990s murders in Mexico; 1995 murders in North America; 2006 deaths; Egyptian people convicted of murder; Egyptian people imprisoned abroad; Egyptian people who died in prison custody; Egyptian rapists; People convicted of murder by Mexico; People with mood disorders; Prisoners and detainees of Texas; Prisoners who died in Mexican detention; Suspected serial killers; Cairo University alumni,2026-09-27 10:04:54
Leszek Pękalski,1.0,80.0,,High (30+),Poland,1984,1992,Unknown,True,False,False,https://en.wikipedia.org/wiki/Leszek_Pękalski,"Leszek Jacek Pękalski, known asThe Vampire of Bytów(born 12 February 1966) is a Polish murderer and suspectedserial killer.He is believed to have killed at least 17 people between 1984 and 1992. At some stages of his criminal proceedings, he admitted to having killed as many as 90 people;which he later retracted. He was initially arrested in 1992 for the rape of a 17-year-old girl Sylwia, and was sentenced on a two-yearsuspended sentence.In 1996 he was convicted of murdering Sylwia for which he ",Leszek Pękalski,The Vampire of Bytów,80,,1984–1992,8.0,Poland,,,12 February 1966,"age 60) Osieki , Bytów , Poland",,,,,,,Categories; 1966 births; 20th-century Polish murderers; 21st-century Polish criminals; Living people; People convicted of murder by Poland; Polish people convicted of murder; Suspected serial killers; Male murderers; Crime stubs; Polish people stubs,2026-09-27 10:04:58
Thomas Henry McMonigle,,,,Very Low (<5),,,,Unknown,True,False,False,https://en.wikipedia.org/wiki/Thomas_Henry_McMonigle,"Thora Afton Chamberlain(November 22, 1930 – c. November 2, 1945)was a 14-year-old female Americanhigh schoolstudent who was reported missing on November 2, 1945.Although Thomas Henry McMonigle was convicted for Chamberlain's murder,her body was never found. Chamberlain was last seen outside Campbell High School inCampbell, California, after the end of her classes. According to her classmates, she spoke for several minutes with a motorist on Winchester Boulevard, who told her he was looking for s",Thomas Henry McMonigle,,0,,,,,,,"November 22, 1930",1930-11-22 ) United States,1945-11-02,"2) (aged 14) Campbell, California , U.S.",Student,,,,"Categories; 1945 in California; 1945 murders in the United States; 1940s missing person cases; November 1945 in the United States; Deaths by person in California; Female murder victims in the United States; Incidents of violence against girls in the United States; Kidnapped American children; Missing person cases in California; Murder convictions without a body; Child murder in California; People murdered in California; Campbell, California; Violence against women in California",2026-09-27 10:05:00
Bevan Spencer von Einem,1.0,5.0,,Low (5-14),Australia,1979,1983,Unknown,True,False,False,https://en.wikipedia.org/wiki/Bevan_Spencer_von_Einem,"Bevan Spencer von Einem(29 May 1946 – 5 December 2025) was an Australian convictedchild murdererand suspectedserial killerfromAdelaide,South Australia. An accountant by profession, he was convicted in 1984 for the murder of 15-year-old Adelaide teenager Richard Kelvin, the son of local television and radio personalityRob Kelvin. Von Einem servedlife imprisonment. He was in G Block ofYatala Prisonfor decades, but was transferred toPort Augusta Prisonin the north of the state in 2007. Von Einem wa",Bevan Spencer von Einem,Bevan von Einem,5,"Richard Dallas Kelvin (1 December 1967 – c. 10 July 1983) was the son of Rob Kelvin , a long-time television news presenter for Adelaide station NWS 9 . Kelvin was murdered by von Einem on or around 10 July 1983 in Adelaide, South Australia after having been abducted, held captive, sexually abused, drugged and tortured for five weeks. He was 15 years old at the time of his death. At approximately 6:15 p.m. on 5 June 1983, von Einem (likely along with other unknown persons) abducted Kelvin near t",1979–1983,4.0,Australia,,,29 May 1946,29 May 1946,2025-12-00,"0) (aged 79) Northfield , South Australia, Australia",,,,,Categories; 1946 births; 2025 deaths; 21st-century Australian LGBTQ people; Australian murderers of children; Australian people convicted of murder; 20th-century Australian murderers; Australian prisoners sentenced to life imprisonment; Australian rapists; Crime in Oceania; Australian people convicted of child pornography offences; People convicted of murder by South Australia; People from Adelaide; Prisoners sentenced to life imprisonment by South Australia; Suspected serial killers; Australian people who died in prison custody; Male murderers,2026-09-27 10:05:02
Paul Bateson,,,,Very Low (<5),,,,Unknown,True,False,False,https://en.wikipedia.org/wiki/Paul_Bateson,"Paul F. Bateson(August 24, 1940 – September 15, 2012) known as The Bag Murderer was an American convicted murderer andradiographer. He appeared as a radiologic technologist in a scene from thehorror filmThe Exorcist(1973), which was inspired when the film's director,William Friedkin, watched him perform acerebral angiographythe previous year. The scene, with a considerable amount of blood onscreen, was, for many viewers, the film's most disturbing scene;medical professionals have praised it for ",Paul Bateson,Johnny Johnson The Bag Murderer,0,"On September 14, 1977, Addison Verrill, a reporter who covered the film industry for Variety magazine , was found dead in his Horatio Street apartment. [ 4 ] Verrill had been beaten and stabbed; there were some signs of a struggle. However, nothing of value had been taken. Police believed that if the killer's motive had been robbery , he might have been looking for cash or jewelry since those could be taken quickly. [ 11 ] There was no evidence of forced entry . Verrill had likely let his killer",,,,,,"August 24, 1940","Lansdale , Pennsylvania , U.S.",2012-09-15,"5) (aged 72) New York City, U.S.",Radiological technologist,Released on parole after 24 years and three months; released from parole after five years,Released on parole after 24 years and three months; released from parole after five years,,"Categories; 1940 births; 2012 deaths; 20th-century American murderers; American people convicted of murder; American prisoners sentenced to life imprisonment; Criminals from Pennsylvania; American gay men; LGBTQ people from New York (state); LGBTQ people from Pennsylvania; Military personnel from Pennsylvania; People convicted of murder by New York (state); Prisoners sentenced to life imprisonment by New York (state); People from Borough Park, Brooklyn; People from Greenwich Village; People from Lansdale, Pennsylvania; Radiographers; Suspected serial killers; United States Army soldiers; Violence against gay men in the United States; People paroled from life sentence; Male murderers",2026-09-27 10:05:04
Derek Percy,,,,Very Low (<5),,,,Unknown,True,False,False,https://en.wikipedia.org/wiki/Derek_Percy,"Derek Ernest Percy(15 September 1948 – 23 July 2013) was an Australianserial killerand convictedchild killerwho was also aperson of interestlinked to the mysterious deaths and disappearances of multiple children in the 1960s, including theBeaumont disappearancesand theWanda Beach murders. Derek Percy was born on 15 September 1948 inStrathfield,New South Wales, the eldest of four sons of parents Ernest  and Elaine Percy. Percy's father, a sailing enthusiast, had been a New South Wales railway ele",Derek Percy,,0,,,,,Victoria,,15 September 1948,"Strathfield , New South Wales , Australia",23 July 2013,"aged 64) St Vincent's Hospital , Melbourne , Victoria , Australia",Electrical mechanic in the Australian Navy,Deceased,Life imprisonment; Deceased,,Categories; 1948 births; 2013 deaths; Australian murderers of children; Crime in Oceania; Suspected serial killers,2026-09-27 10:05:06
Robert Durst,3.0,6.0,1.0,Low (5-14),,,,Unknown,True,False,False,https://en.wikipedia.org/wiki/Robert_Durst,"Robert Alan Durst(April 12, 1943 – January 10, 2022) was an American convictedmurderer,serial killerandreal estateheir. The eldest son ofNew York Cityreal estate magnateSeymour Durst, he garnered attention as a suspect in the unsolved 1982 disappearance of his first wife, Kathleen ""Kathie"" McCormack; the 2000 murder of his longtime friend,Susan Berman; and the 2001 killing of neighborMorris Black. Acquittedof murdering neighbor Morris Black in 2003, Durst did not face further legal action until ",Robert Durst,,6,"For most of his adult life, Durst was the subject of investigation and speculation concerning three alleged crimes: the 1982 disappearance of his wife, Kathleen ""Kathie"" McCormack; the 2000 murder of his longtime friend, Susan Berman; and the 2001 death of his neighbor, Morris Black. Durst was ultimately tried and acquitted for murder in the Black case but was later convicted in the Berman case. [ 17 ] Susan Berman , a longtime friend of Durst's who had facilitated his public alibi after McCorma",,,,,,"April 12, 1943","New York City , U.S.",2022-01-10,"0) (aged 78) French Camp, California , U.S.",,,Life imprisonment without the possibility of parole (2021) [ 1 ] 7 years and 1 month in prison (2016) $500 fine (2014) 5 years in prison (2004),,"Categories; Robert Durst; 1943 births; 2022 deaths; 20th-century American businesspeople; 20th-century American Jews; 21st-century American businesspeople; 21st-century American murderers; 21st-century American Jews; American businesspeople convicted of crimes; American male criminals; American people convicted of murder; American people who died in prison custody; American prisoners sentenced to life imprisonment; American businesspeople in the real estate industry; Businesspeople from New York City; Criminals from Los Angeles; Criminals from New York (state); Durst family; Fugitives; Lehigh University alumni; American people acquitted of murder; People convicted of murder by California; People from Galveston, Texas; People from Scarsdale, New York; People named in the Pandora Papers; People of Galician-Jewish descent; American autistic people; Prisoners and detainees of Louisiana; Prisoners sentenced to life imprisonment by California; Prisoners who died in California detention; Prisoners who died from COVID-19; Scarsdale High School alumni; Senicide; Suspected serial killers; UCLA College of Letters and Science alumni; Wealth in the United States; American wheelchair users; Deaths from the COVID-19 pandemic in California",2026-09-27 10:05:09
Brian Field,,,,Very Low (<5),,,,Unknown,True,False,False,https://en.wikipedia.org/wiki/Murder_of_Roy_Tutill,"Themurder of Roy Tutilloccurred on 23 April 1968 inSurrey, England, United Kingdom. The victim was a 14-year-old schoolboy who wasrapedandmurderedon his way home from school. Themurder went unsolvedfor 33 years, until Brian Lunn Field confessed to the crime afterDNA evidencesurfaced in 2001.It was the oldestcold caseto be solved in the United Kingdom until the conviction of David Burgess for the 1966murder of Yolande Waddingtonin 2012. Roy Tutill, known as ""Tuts"" to his friends, disappeared on 2",Murder of Roy Tutill,,0,"Roy Tutill, known as ""Tuts"" to his friends, disappeared on 23 April 1968 on his way from Kingston Grammar School in Kingston upon Thames , Greater London , to his home in Brockham . He left school at 3:30 p.m. and boarded a bus with his friends. To save on bus fare to buy a new bicycle, he then decided to hitchhike the rest of the way home, something he did regularly. [ 5 ] Tutill was last seen in Chessington , trying to hail a car. [ 3 ] Tutill's parents, Dennis and Hilary, notified Surrey Poli",,,,,,,,23 April 1968,"14 years) Leatherhead , Surrey, England, UK",,,,,Categories; 1968 in England; 1968 murders in the United Kingdom; 1960s missing person cases; 20th century in Surrey; April 1968 in the United Kingdom; Deaths by person in England; Formerly missing British people; Incidents of violence against boys; Missing person cases in England; Murder in Surrey; Rape in England; Rape in the 1960s; Rape of males; Violence against men in the United Kingdom; Child murder in England,2026-09-27 10:05:10
Lowell Amos,1.0,4.0,,Very Low (<5),,,,Unknown,True,False,False,https://en.wikipedia.org/wiki/Lowell_Amos,"Lowell Edwin Amos(January 4, 1943 – January 5, 2022) was an American convicted murderer and suspected serial killer whose mother and three wives all died under suspicious circumstances.He was convicted in 1996 of murdering his third wife, Roberta Mowery Amos, and was the subject of a 2006Lifetime Networkmade-for-TVmovie calledBlack Widower. Amos was a formerGeneral Motorsplant manager. Some sources spell his first name as ""Lowel"". In December 1994, Lowell and Roberta Amos attended a company exec",Lowell Amos,,4,,,,,,,"January 4, 1943","Anderson, Indiana , U.S.",2022-01-05,"5) (aged 79) Lakeland Correctional Facility , Coldwater, Michigan , U.S.",,Deceased,Deceased,,"Categories; 1943 births; 2022 deaths; 1994 murders in the United States; 20th-century American businesspeople; American people convicted of murder; American people who died in prison custody; American prisoners sentenced to life imprisonment; Businesspeople from Detroit; Businesspeople from Indiana; Criminals from Indiana; General Motors people; People convicted of murder by Michigan; People from Anderson, Indiana; Poisoners; Prisoners sentenced to life imprisonment by Michigan; Prisoners who died in Michigan detention; Suspected serial killers; Uxoricides in the United States; 20th-century American murderers; American male criminals; Violence against women in Michigan; Perpetrators of uxoricide; Male murderers",2026-09-27 10:05:13
Charles Albright,1.0,3.0,,Very Low (<5),United States,1988,1991,Unknown,True,False,False,https://en.wikipedia.org/wiki/Charles_Albright,"Charles Frederick Albright(August 10, 1933 – August 22, 2020) was an Americanmurdererandserial killerknown as theEyeball Killer. He was charged with the murders of four women (Rhonda Bowie, Mary Lou Pratt, Susan Peterson, and Shirley Williams) who were killed between 1988 and 1991 inDallas,Texas. He was convicted of only one murder and charges in the other cases were dropped due to lack of evidence, although he is still considered theprime suspect. The nickname ""Eyeball Killer"" was adopted since",Charles Albright,The Dallas Ripper The Dallas Slasher The Eyeball Killer The Texas Eyeball Killer,3,,October 1988 – March 1991,3.0,United States,,,"August 10, 1933","Amarillo , Texas , U.S.",2020-08-22,"2) (aged 87) Lubbock, Texas , U.S.",,Deceased [ 1 ],Deceased [ 1 ],,Categories; 1933 births; 1991 murders in the United States; 2020 deaths; American adoptees; American male criminals; American people convicted of burglary; American people convicted of child sexual abuse; American people convicted of murder; American people convicted of theft; American prisoners sentenced to life imprisonment; Crimes against sex workers in the United States; Human trophy collecting; People convicted of murder by Texas; Criminals from Dallas; Prisoners sentenced to life imprisonment by Texas; Suspected serial killers; University of Central Arkansas alumni; Violence against women in Texas; 20th-century American murderers; Male murderers,2026-09-27 10:05:14
John Cannan,,,,Very Low (<5),United Kingdom,1968,1987,Unknown,True,False,False,https://en.wikipedia.org/wiki/John_Cannan,"John David Guise Cannan(20 February 1954 – 6 November 2024), also known under thealiasJohn Peterson, was a Britishmurderer,serial rapist, serialabductorand suspectedserial killer. He was convicted in July 1988 and given threelife sentencesfor themurder of Shirley BanksinBristolin October 1987, the attempted kidnapping of Julia Holman on the previous night, therapeof a woman inReading,Berkshire, in 1986, the rape of his girlfriend in December 1980, and several other abductions, attempted abductio",John Cannan,,0,"In November 2001 police interviewed Cannan at a police station in York about the murder of twenty-seven-year-old insurance clerk Sandra Court in May 1986. [ 29 ] [ 39 ] Court had been dropped off by a taxi driver near her sister's house in Throop, Dorset after a night out but her sister was not at home. [ 40 ] [ 39 ] Court had last been seen walking barefoot, appearing slightly drunk, at around 2:45 am. [ 41 ] Court's body was found the next day in a water-filled ditch near the River Avon severa",1968–1987,19.0,United Kingdom,,,20 February 1954,"Sutton Coldfield , Warwickshire , England, UK",2024-11-06,"6) (aged 70) HM Prison Full Sutton , East Riding of Yorkshire , England, UK",,,,,Categories; 1954 births; 2024 deaths; 20th-century British murderers; English people convicted of indecent assault; British people convicted of robbery; Crime in Bristol; English people convicted of murder; English people convicted of rape; English people who died in prison custody; History of mental health in the United Kingdom; Prisoners who died in England and Wales detention; People from Sutton Coldfield; British salespeople; Suspected serial killers; Deaths from abdominal aortic aneurysm; British serial rapists,2026-09-27 10:05:17
Bennett Clark Hyde,,,,Very Low (<5),,,,Unknown,True,False,False,https://en.wikipedia.org/wiki/Bennett_Clark_Hyde,"Thomas Hunton Swope(October 21, 1827 – October 3, 1909) was an American real estate magnate and philanthropist inKansas City, Missouri. His death in 1909 became the focus of one of the most publicized murder trials in the early 20th century. Thomas Hunton Swope was born on October 21, 1827, inLincoln County, Kentucky.In his youth, Swope was an avid reader known as ""bookish and delicate"".After graduating fromCentre CollegeinDanville, Kentuckyin 1848, he attendedYale Law Schoolbut never practiced ",Bennett Clark Hyde,,0,,,,,,,"October 21, 1827","Lincoln County, Kentucky , U.S.",1909-10-03,"3) (aged 81) Kansas City, Missouri , U.S.",Real estate magnate philanthropist,,,,"Categories; 1827 births; 1909 deaths; People from Lincoln County, Kentucky; People from the Kansas City metropolitan area; Yale University alumni; 19th-century American philanthropists; Philanthropists from the Kansas City metropolitan area",2026-09-27 10:05:19
David Moor,,,,Very Low (<5),,,,Unknown,True,True,False,https://en.wikipedia.org/wiki/David_Moor,"John David Moor(1947 – 14 October 2000)was aBritishgeneral practitionerwho was prosecuted in 1999 for theeuthanasiaof a patient. He was foundnot guiltybut admitted in a press interview to having helped up to 300 people to die.He was the first doctor in Britain to be tried solely for the mercy killing of a patient. Moor worked as a GP inFenham, Newcastle upon Tyne, but retired just before his trial in 1999. George Liddell was an 85-year-old former ambulance driver and a widower, who hadcancer of ",David Moor,,0,,,,,,,,,,,,,,,Categories; 1947 births; 2000 deaths; 20th-century English medical doctors; Euthanasia activists; Euthanasia doctors; People from Stamfordham,2026-09-27 10:05:21
Edgar Matobato,,,,Very Low (<5),,1988,2013,Unknown,True,False,False,https://en.wikipedia.org/wiki/Edgar_Matobato,"Edgar Bernal Matobato(born June11, 1959) is a Filipino self-confessedhitmanandwhistleblowerwho claims to be a member of theDavao Death Squad(DDS), an allegedvigilante grouptasked tosummarily executesuspected criminals, from 1988 to 2013. He gained international recognition in 2016 when he testified before theSenate of the Philippines, reporting about his experience as a hitman under the DDS. In his testimony, he also alleged that former Philippine presidentRodrigo Duterteacted as the group's com",Edgar Matobato,,0,,1988–2013,25.0,,,,"June 11, 1959","age 67) Davao City , Philippines",,,Former hitman,,,,Categories; Living people; 1959 births; Filipino serial killers; Filipino whistleblowers; Filipino exiles; People from Davao City; Prisoners and detainees of the Philippines; Vigilantes; Extrajudicial killings in the Philippines; Vigilantism against sex offenders,2026-09-27 10:05:24
John Bodkin Adams,,,,Very Low (<5),,,,Unknown,True,True,False,https://en.wikipedia.org/wiki/John_Bodkin_Adams,"John Bodkin Adams(21 January 1899–4 July 1983) was a Britishgeneral practitioner, convictedfraudster, and suspectedserial killer. He was born to Samuel and Ellen Adams. The family were listed as ‘Christian Brethren’. Between 1946 and 1956, 163 of his patients died while incomas, which was deemed to be worthy of investigation.In addition, 132 out of 310 patients had left Adams money or items in theirwills. Adams was tried andacquittedfor the murder of one patient in 1957, while another count of m",John Bodkin Adams,,0,,,,,,,21 January 1899,"Randalstown , Ireland",1983-07-04,"4) (aged 84) Eastbourne , England",General practitioner,,,,Categories; Medical serial killers; 1899 births; 1983 deaths; 20th-century British criminals; 20th-century LGBTQ people from Northern Ireland; 20th-century medical doctors from Northern Ireland; 20th-century evangelicals; British fraudsters; British male criminals; British people convicted of fraud; British Plymouth Brethren; Criminals from County Antrim; General practitioners from Northern Ireland; LGBTQ Protestants; Medical doctors struck off by the General Medical Council; British people acquitted of murder; People educated at Coleraine Academical Institution; People from Eastbourne; People from Randalstown; Poisoners; Trials in England; Suspected serial killers; Medical doctors from County Antrim; Deaths from congestive heart failure in England,2026-09-27 10:05:26
The Man from the Train,,,,Very Low (<5),,,,Unknown,True,False,False,https://en.wikipedia.org/wiki/The_Man_from_the_Train,"The Man from the Trainis a 2017true crimebook written byBill Jamesand his daughterRachel McCarthy James. InThe Man from the Train, the authors claim to have discovered the identity and existence of a previously overlooked serial killer active in the late 1800s and early 1900s. According to the authors, this criminal was named Paul Mueller,who operated throughout North America and killed a minimum of 59 people and possibly over 100. In the early 1900s some of these crimes were attributed to a sus",The Man from the Train,,0,,,,,,,,,,,,,,,Categories; 2017 non-fiction books; 2017 English-language non-fiction books; American non-fiction books; Axe murder; Books by Bill James; Charles Scribner's Sons books; Non-fiction books about murders in the United States; Non-fiction books about serial killers; Serial murders in the United States,2026-09-27 10:05:28
Bruno Lüdke,0.0,86.0,,High (30+),Germany,1928,1943,Unknown,True,False,True,https://en.wikipedia.org/wiki/Bruno_Lüdke,"Bruno Lüdke(3 April 1908 – 8 April 1944) was a German allegedserial killer. Police officials connected him to at least 51murder victims, mainly women, killed in a 15-year period, which began in 1928 and ended with his arrest in 1943.He was killed during theNaziregime without a trial. It is now considered very likely that he did not commit any of the crimes he is accused of. Born inKöpenick, Lüdke had amild intellectual disability(he could not, for example, tell interrogators how many minutes the",Bruno Lüdke,,86,,1928–1943,15.0,Germany,,,3 April 1908,"Köpenick , German Empire",1944-04-08,"8) (aged 36) Vienna , Nazi Germany",,,,,Categories; 1908 births; 1944 deaths; Coachmen; False confessions; German people with disabilities; People killed by Nazi Germany; People from Treptow-Köpenick; People with intellectual disabilities; People wrongfully convicted of murder; Crime biography stubs; Police misconduct in Germany,2026-09-27 10:05:30
Manchester Pusher,,,,Very Low (<5),,,,Unknown,True,False,False,https://en.wikipedia.org/wiki/Manchester_Pusher,"TheManchester Pusheris the name given to a hypotheticalserial killer, or individual, alleged to be responsible for the deaths of a number of people whose bodies have been retrieved from the waterways (principally the canals) ofGreater Manchester, England, since at least 2007.Proponents of the theory claim that the ""alarming"" number of deaths that have occurred in theRochdale,AshtonandBridgewater Canalsince the early 2000s cannot all have occurred as the result of accidents or suicides, and must ",Manchester Pusher,,0,,,,,Greater Manchester; [ 3 ] including surrounding towns such as Bolton; Rochdale and Wigan [ 3 ],,,,,,,,,,Categories; 2010s in Manchester; 21st century in Manchester; Lancashire folklore; Social phenomena; British urban legends; Folklore; Canals in Manchester; Unidentified British serial killers; Unsolved murders in England; 21st-century English criminals; History of Greater Manchester; Murder in Greater Manchester,2026-09-27 10:05:32
David Parker Ray,0.0,3.0,60.0,High (30+),United States,1957,1999,Unknown,True,False,False,https://en.wikipedia.org/wiki/David_Parker_Ray,"David Parker Ray(November 6, 1939 – May 28, 2002), also known as theToy-Box Killer,was an Americankidnapper,torturer,serial rapist, and suspectedserial killer. Ray kidnapped, raped, and tortured an unknown number of women over many decades at his trailer inElephant Butte, New Mexico, occasionally assisted by accomplices including his daughter Glenda Jean Ray and partner, Cindy Hendy. David Parker Ray was suspected by authorities and accused by accomplices of murdering up to 60 of his victims; ho",David Parker Ray,The Toy-Box Killer,60,"Billy Ray Bowers , 53, disappeared from Phoenix, Arizona , on September 25, 1988. On September 28, 1989, the body of an unknown man wrapped in a blue tarp was found by a fisherman at McCrea Cove at Elephant Butte Lake in Elephant Butte, New Mexico. No identification was found on him, and it was determined that he had been shot in the back of the head. The unidentified decedent was ultimately identified as Bowers in March 1999 when authorities made dental record comparisons. In 1986, Bowers was a",1957–1999,42.0,United States,,,"November 6, 1939","Belen, New Mexico , U.S.",2002-05-28,"8) (aged 62) Lea County Correctional Facility , Hobbs, New Mexico , U.S.",,,,,"Categories; 1939 births; 2002 deaths; 20th-century American criminals; American male criminals; American people who died in prison custody; American people convicted of torture; American people convicted of kidnapping; American people convicted of rape; Filmed killings; People from Belen, New Mexico; People from Sierra County, New Mexico; Prisoners who died in New Mexico detention; Suspected serial killers; People with sexual sadism disorder; Violence against women in Arizona; Violence against women in New Mexico; Torture in the United States",2026-09-27 10:05:34
Smiley Face Killer,,,,Very Low (<5),,,,Unknown,True,False,False,https://en.wikipedia.org/wiki/Smiley_face_murder_theory,"Thesmiley face murder theory(also known as thesmiley face murders,smiley face killings, andsmiley face gang) is a theory advanced by retiredNew York CitydetectivesKevin Gannon and Anthony Duarte, as well as Dr. Lee Gilbertson, a criminal justice professor andgang expertatSt. Cloud State University.It alleges that 45 young men found dead in bodies of water across severalMidwestern American statesfrom the late 1990s to the 2010sdid not accidentallydrown, as concluded bylaw enforcement agencies, bu",Smiley face murder theory,,0,,,,,,,,,,,,,,,Category; Deaths by drowning in the United States,2026-09-27 10:05:37
Howard Martin,,,,Very Low (<5),,1957,2010,Unknown,True,True,False,https://en.wikipedia.org/wiki/Howard_Martin,"Howard Martin(1934–2024) was a formerBritisharmy doctor and GP who was prosecuted for the murder of three patients in 2005 but acquitted. In June 2010, after being struck off the medical register by the General Medical Council for hastening the deaths of 18 patients, he admitted in a newspaper interview bringing forward the deaths of two patients, including his terminally ill son.Martin died in County Durham in April 2024 after a short illness. Martin qualified in 1957 and went on to work as a d",Howard Martin,,0,,1957–2010,53.0,,,,,,,County Durham,Physician,,,,Categories; 20th-century English medical doctors; 1935 births; 2024 deaths; British agnostics; Euthanasia activists; British people acquitted of murder; Medical doctors struck off by the General Medical Council,2026-09-27 10:05:40
Marie Besnard,,,,Very Low (<5),,,,Unknown,True,False,False,https://en.wikipedia.org/wiki/Marie_Besnard,"Marie Besnard(15 August 1896–14 February 1980), also known asThe Good Lady of Loudun, was a convictedmurdererand accusedserialpoisonerin the mid-20th century. Besnard was first charged with multiple murder on July 21, 1949, under her maiden name, Marie Joséphine Philippine Davaillaud. After three trials lasting over ten years (the first held inPoitiers), Besnard was finally freed in 1954, thenacquittedon December 12, 1961. The case attracted widespread attention throughout the country and remain",Marie Besnard,The Good Lady of Loudun,0,,,,,,,"August 15, 1896","Loudun, France",1980-02-14,4) (aged 83),,,,,Categories; 1896 births; 1980 deaths; French prisoners and detainees; People acquitted of murder; People from Loudun; Prisoners and detainees of France; Suspected serial killers,2026-09-27 10:05:42
Dr. X killings,,,,Very Low (<5),,,,Unknown,True,False,False,https://en.wikipedia.org/wiki/Dr._X_killings,"The""Dr. X"" killingswere a series of suspicious deaths bycurarepoisoning, in 1966 at aBergen County, New Jerseyhospital.A newspaper investigation during the mid-1970s led to the indictment of anArgentina-born physician, Mario Enrique Jascalevich (August 27, 1927 – September 1984), in 1976. He was acquitted at trial in 1978. Jascalevich was born inBuenos Aireson August 27, 1927. After completing his medical training in Argentina, he came to the United States to perform aninternshipatPassaic Genera",Dr. X killings,,0,"Possible victims include: [ 7 ] Carl Rohrbeck, age 73, died December 13, 1965 Nancy Savino, age 4, March 21, 1966. Margaret Henderson, 26, April 23, 1966. Edith Post, age 62, May 17, 1966. Ira Holster, age 64, July 29, 1966. Frank Biggs, age 59, August 27, 1966 Mary Muentener, age 80, September 1, 1966. Emma Arzt, age 70, September 23, 1966. Eileen Shaw, 36, October 23, 1966.",,,,,,,,,,,,,,Categories; 1966 in New Jersey; Unidentified American serial killers; 1966 murders in the United States; Serial murders in the United States; Unsolved murders in New Jersey,2026-09-27 10:05:45
Alfred Leonard Cline,0.0,9.0,,Low (5-14),United States,1930,1945,Unknown,True,False,False,https://en.wikipedia.org/wiki/Alfred_Leonard_Cline,"Alfred Leonard Cline(March 12, 1888 – August 5, 1948), known asThe Buttermilk Bluebeard, was an alleged Americanserial killerresponsible for murdering at least nine people. Cline was born on March 12, 1888, inFrederick, Kansas. He was never convicted of murders, as no supporting evidence was found. He married women of status, convinced them to will their possessions to his name, and persuaded them to drink a glass of poisonedbuttermilkthat contained powerfulsedatives.After a fatal dose of drugs,",Alfred Leonard Cline,The Buttermilk Bluebeard,9,,1930–1945,15.0,United States,,,"March 12, 1888","Frederick, Kansas , U.S.",1948-08-05,"5) (aged 60) Folsom Prison , Folsom, California , U.S.",,,,,"Categories; 1888 births; 1948 deaths; American people who died in prison custody; Criminals from Kansas; Poisoners; People convicted of forgery; People from Rice County, Kansas; Prisoners who died in California detention; Suspected serial killers",2026-09-27 10:05:47
Nathaniel Bar-Jonah,1.0,10.0,,Low (5-14),United States,1964,1999,Unknown,True,False,False,https://en.wikipedia.org/wiki/Nathaniel_Bar-Jonah,"Nathaniel Benjamin Levi Bar-Jonah(bornDavid Paul Brown; February 15, 1957 – April 13, 2008) was an American convictedchild molesterand suspectedcannibalisticserial killerwho was sentenced to 130 years in prison without the possibility of parole after being convicted of thekidnapping,aggravated assaultandsexual assaultof various children. Nathaniel Bar-Jonah was born David Paul Brown inWorcester, Massachusetts, on February 15, 1957, the youngest of three children to Phillip and Tyra Brown, an air",Nathaniel Bar-Jonah,Nathaniel Benjamin Levi Bar-Jonah,10,"Although Bar-Jonah was never convicted of Ramsay's abduction and murder, he is still widely believed to have been responsible and is also suspected to have committed additional homicides in Montana because of the findings made in his residences. Evidence shows Bar-Jonah frequently traveled to Massachusetts, Arkansas , Colorado , Florida , Wyoming , Michigan and Washington State . He was also investigated for possible crimes in the Canadian provinces of Alberta and Saskatchewan , where he lived a",1964–1999,35.0,United States,,,"February 15, 1957","Worcester, Massachusetts , U.S.",2008-04-13,"3) (aged 51) Montana State Prison , Deer Lodge, Montana , U.S.",Short order cook,Deceased,Deceased,,"Categories; 1957 births; 2008 deaths; 20th-century American criminals; American male criminals; American people convicted of attempted murder; American people convicted of child sexual abuse; American people convicted of kidnapping; American people who died in prison custody; American people of Scandinavian descent; American people acquitted of murder; American rapists; People from Worcester, Massachusetts; Prisoners and detainees of Massachusetts; Prisoners who died in Montana detention; Suspected serial killers; American serial rapists",2026-09-27 10:05:50
Pedro López,110.0,300.0,,High (30+),Colombia,1969,1980,Unknown,True,False,False,https://en.wikipedia.org/wiki/Pedro_López_(serial_killer),"Pedro Alonso López(born 5 October 1948– disappeared 22 September 1999), also known asthe Monster of the Andes, was (or is depending on whether or not he is still alive) a Colombianserial killer,child rapist, andfugitivewho murdered a minimum of 110 people, mostly pre-teen girls, from 1978 to 1980. López claimed to have murdered over 300 people in Colombia, Ecuador, and Peru. He is considered by many as one of the most prolific serial killers and rapists in history. Pedro Alonso López was born on",Pedro López (serial killer),El Monstruo de los Andes (The Monster of the Andes) [ 1 ] [ 2 ] [ 3 ] El Estrangulador de los Andes (The Strangler of the Andes) [ 4 ] [ 5 ] Pedro Alonso López Monsalve [ 6 ] [ 7 ] [ 8 ] Pedro Armando López [ 9 ] [ 10 ] [ 11 ],300,"In 1969, López was sentenced to seven years in prison for auto theft. Two days after arriving at La Modelo prison, he was raped by four other inmates. López did not report the assault and instead killed three of the rapists with a makeshift knife over the course of two weeks. While the killings were described as self-defence and considered such by prison staff, his sentence was nevertheless extended by two years. [ 27 ] [ 28 ] [ 29 ] After his release in 1978, López began wandering throughout th",1969–1980,11.0,Colombia; Ecuador; Peru,,,5 October 1948,"age 77) (if still alive) Tolima Department , Colombia",,,,Released in 1998,Released in 1998,,Categories; 1948 births; 1970s murders in Colombia; 1970s murders in Ecuador; 1970s murders in Peru; 1980s murders in Colombia; 1980s murders in Ecuador; 1980s murders in Peru; 2002 murders in Colombia; 20th-century murderers; Child sexual abuse in Colombia; Child sexual abuse in Ecuador; Colombian murderers of children; Colombian people convicted of murder; Colombian people imprisoned abroad; Colombian prisoners sentenced to life imprisonment; Colombian rapists; Colombian serial killers; People convicted of murder by Colombia; People convicted of murder by Ecuador; People from Tolima Department; Vigilantism against sex offenders; Violence against women in South America; Incidents of violence against boys; People with antisocial personality disorder; Incidents of violence against girls; Male murderers,2026-09-27 10:10:15
Javed Iqbal,100.0,,,High (30+),Pakistan,1999,1999,Unknown,True,False,False,https://en.wikipedia.org/wiki/Javed_Iqbal_(serial_killer),"Javed Iqbal Mughal(1961 – 8 October 2001) was a Pakistaniserial killerandchild molesterwho confessed to the sexual abuse and murder of 100 young boys, ranging in age from 6 to 16. His victims were strangled, dismembered, and then dissolved inacidto destroy any evidence. Iqbal was the sixth of eight children of his businessman father. He grew up in Lahore, Pakistan. In 1978, while still a student, he started a steel recasting business. Iqbal lived, along with boys, in a villa that his father had ",Javed Iqbal (serial killer),Kukri,100,"In December 1999, Iqbal sent a letter to the police and to a chief news editor of a Lahore newspaper, Khawar Naeem Hashmi, in which he confessed to the rape and murder of 100 vulnerable boys, all aged between 6 and 16. He wrote that he had strangled and dismembered the victims, who were mostly runaways or orphans living on the streets of Lahore, after sexually assaulting them, and had then disposed of their bodies using vats of hydrochloric acid that he later emptied into a local river. [ 1 ] [ ",20 June 1999 – 13 November 1999,0.0,Pakistan,,,,,8 October 2001,"aged 39–40) [ 2 ] Lahore, Punjab, Pakistan",,,,,Categories; 1961 births; 2001 deaths; 2001 suicides; 20th-century murderers; Criminals from Lahore; Pakistani people convicted of child sexual abuse; Pakistani people convicted of murder; Pakistani people convicted of rape; Pakistani murderers of children; Pakistani prisoners sentenced to death; Pakistani serial killers; People convicted of murder by Pakistan; Prisoners sentenced to death by Pakistan; Serial killers who died by suicide in prison custody; Suicides by hanging in Pakistan; Rape of males; Violence against men in Pakistan; Incidents of violence against boys; Prisoners who died in Pakistani detention; Male suicides; Male murderers,2026-09-27 10:10:16
Wang Qiang,45.0,60.0,,High (30+),China,1992,2003,Unknown,True,False,False,https://en.wikipedia.org/wiki/Wang_Qiang_(serial_killer),"Wang Qiang(Chinese:王强;pinyin:Wáng Qiáng; 16 January 1975 – 17 November 2005) was a Chineseserial killer,rapist, and robber fromLiaoning,and one of the most prolificmurderersin Chinese history. Wang was born in 1975 and grew up in the small village ofKaiyuan, Liaoning. His father was physically and emotionally abusive towards his family,addictedto drinking andgambling, and denied Wang the chance to enter school. Due to the abuse, Wang eventually left home and lived on the streets. Wang Qiang said",Wang Qiang (serial killer),,60,"Wang committed his first confirmed murder on 22 January 1995. Official records show Wang was convicted of 45 murders, 10 rapes, and 34 robberies, and that most of his crimes were committed in public parks. Some young girls were raped post-mortem . During his attacks, which he was often accompanied in by other violent criminals, he would attack men suddenly and rob and rape his female victims. [ 3 ] After his arrest, Wang cooperated with investigators and led them to the scenes of his crimes. He ",1992 – 2003 (claimed) 1995 – 2003 (confirmed),11.0,China,,,16 January 1975,"Budayuan Town, Kuandian Manchu Autonomous County , Liaoning, China",2005-11-17,"7) (aged 30) Shenyang , China",,,,,Categories; 1975 births; 2005 deaths; 20th-century Chinese murderers; 21st-century Chinese murderers; 21st-century executions by China; Executed Chinese serial killers; Executed people from Liaoning; Executed People's Republic of China people; Necrophiles; People convicted of murder by China; People executed by China by firearm; People from Tieling; Male murderers,2026-09-27 10:10:18
Muthukutty Chandran,14.0,,,Low (5-14),India,1985,1986,Unknown,True,False,False,https://en.wikipedia.org/wiki/Ripper_Chandran,"Muthukutty Chandran, infamously known asRipper Chandran(15 December 1950 – 6 July 1991) was an Indian serial killer fromKerala, who washanged to deathin 1991 for committing fourteen murders during robberies. He is currently the last person to be executed by hanging in Kerala. Chandran was also known as the Ripper because his style of killing resembled that of the unidentified killer,Jack the RipperfromLondon.Chandran chose to attack unsecured houses near highways and railway lines. His victims w",Ripper Chandran,Ripper,14,,1985–1986,1.0,India,,,15 December 1950,"Karinthala, Nileswaram , Kerala , India",6 July 1991,"aged 40) Kannur Central Jail , Kerala, India",,Executed,Executed,Weapon(s): Hammer,Categories; 1950 births; 1991 deaths; 20th-century Indian criminals; Crime in Kerala; People convicted of murder by India; People executed by India by hanging; Indian serial killers; Rape in India; Hammer attacks,2026-09-27 10:10:20
Fosaville Serial Killer,13.0,,,Low (5-14),South Africa,1999,2003,Unknown,True,False,False,https://en.wikipedia.org/wiki/Fosaville_Serial_Killer,"TheFosaville serial killeris an unidentifiedserial killerwho murdered 13 women between 1999 and 2003 in Newlands West, an area nearDurban,South Africa. In March 2002, the skeletal remains of a woman were found in a secluded area in Newlands West, an area near the city of Durban, South Africa.No more victims were discovered until 2003, when locals burnt an overgrown field to make room for housing. In August 2003, police found the body of a woman aged 20 to 30. Police searched the area for evidenc",Fosaville Serial Killer,Newlands serial killer Durban's Killing Fields,13,"In March 2002, the skeletal remains of a woman were found in a secluded area in Newlands West, an area near the city of Durban, South Africa. [ 2 ] No more victims were discovered until 2003, when locals burnt an overgrown field to make room for housing. [ 3 ] In August 2003, police found the body of a woman aged 20 to 30. Police searched the area for evidence and discovered four more bodies. Three of the victims were skeletonised. The other victim was partially decomposed. All of the women were",1999–2003,4.0,South Africa,,,,,,,,,,,Categories; 1998 murders in South Africa; 2002 murders in South Africa; 2003 murders in South Africa; Deaths by strangulation; South African serial killers; Unidentified serial killers; Unsolved murders in South Africa; Violence against women in South Africa,2026-09-27 10:10:23
Mukosi Freddy Mulaudzi,13.0,,,Low (5-14),South Africa,1990,2006,Unknown,True,False,False,https://en.wikipedia.org/wiki/Mukosi_Freddy_Mulaudzi,"Mukosi Freddy Mulaudzi(born 1962), known asThe Limpopo Serial Killer, is a South African robber, rapist andserial killerwho murdered a total of 13 people from 1990 to 2006, until his capture in July 2006.He was given 11 life sentences for his crimes. Mulaudzi, who was initially imprisoned for two separate murders and an armed robbery committed in 1990, managed to break out of the Baviaanspoort Prison inPretoriain 1996. Ever since then, he started committing crimes, beginning in 2004. During that",Mukosi Freddy Mulaudzi,The Limpopo Serial Killer,13,"Mulaudzi, who was initially imprisoned for two separate murders and an armed robbery committed in 1990, managed to break out of the Baviaanspoort Prison in Pretoria in 1996. Ever since then, he started committing crimes, beginning in 2004. During that year, he attempted to murder thrice, broke into houses two times, and committed two armed robberies and assaults twice, all committed in the Siloam and Levubu areas. [ 1 ] [ 2 ] Onwards, from 2005 to 2006, he started committing violent murders, and",1990–2006,16.0,South Africa,,,,"Maelula, Limpopo , South Africa",,,,,,,Categories; 1962 births; Living people; People convicted of murder by South Africa; People from Limpopo; Prisoners sentenced to life imprisonment by South Africa; Serial mass murderers; South African mass murderers; South African people convicted of murder; South African prisoners sentenced to life imprisonment; South African rapists; South African serial killers; Violence against women in South Africa,2026-09-27 10:10:25
José Manuel Martínez,12.0,36.0,12.0,High (30+),,1978,2013,Unknown,True,False,False,https://en.wikipedia.org/wiki/José_Manuel_Martínez_(serial_killer),"José Manuel Martínez(born June 13, 1962),[citation needed]dubbedEl Mano Negra(""The Black Hand""), is aMexican-Americanformer self-describeddrug cartelhitman.Martínez confessed to an estimated 36 murders and was sentenced tolife in prisonafter being convicted of murder in multiple states. He is incarcerated atUSP Victorvillein California. Martínez was arrested in May 2013 for the murder of Jose Ruiz, a friend of his daughter's boyfriend, after he had insulted her several months before.During his i",José Manuel Martínez (serial killer),El Mano Negra,36,"Martínez was arrested in May 2013 for the murder of Jose Ruiz, a friend of his daughter's boyfriend, after he had insulted her several months before. [ 3 ] During his interrogation by Alabama authorities, Martínez confessed to killing 36 people across at least 12 states. [ 1 ] All of his victims were adult men, with the exception of one attempted victim that was a 17-year-old boy. [ 4 ] Martínez said that most of his murders were related to debts to Mexican drug cartels. 
He may have killed more",1978–2013,35.0,,,,"June 13, 1962","age 64) Fresno, California , U.S.",,,,,,,Categories; 1962 births; 20th-century American criminals; 21st-century American murderers; American people convicted of murder; American prisoners sentenced to life imprisonment; Living people; People convicted of murder by California; Prisoners and detainees of the United States federal government; Prisoners sentenced to life imprisonment by California; Serial killers from Alabama; Serial killers from California; Serial killers from Florida; Violence against men in the United States; Male murderers,2026-09-27 10:10:27
Vladimir Romanov,12.0,,,Low (5-14),Soviet Union,1991,2005,Unknown,True,False,False,https://en.wikipedia.org/wiki/Vladimir_Romanov_(serial_killer),"Vladimir Ivanovich Romanov(Russian:Владимир Иванович Романов; 5 December 1950– 12 October 2006), known as theKaliningrad Maniac(Russian:Калининградский маньяк,romanized:Kaliningradsky manyak), was aSoviet-Russianserial killerand child rapist. Between 1991 and 2005, he committed at least 12 murders associated with rape. Romanov lived in the town ofBagrationovsk. In 1991, he committed the double murder of teenage girls whose bodies he later buried. Due to the absence of the corpses, the victims we",Vladimir Romanov (serial killer),The Kaliningrad Maniac; The Bagrationvosky Maniac; The Taxi Driver,12,"Romanov described in detail some of the killings. Here are some of his descriptions: [ 3 ] Several years ago, in the afternoon, I was driving a Ford Fiesta or Opel Kadett car on the Kaliningrad-Mamonovo road towards Kaliningrad. Near a village road I saw a girl, about fourteen, walking toward Mamonovo. I offered to give her a lift. I decided that if she got in the car, I would kill her. She agreed to my proposal and said that she was going to Mamonovo. On the way towards Mamonovo, I turned off t",1991–2005,14.0,Soviet Union; later Russia,,,5 December 1950,"[ 1 ] Orekhovka , Kaliningrad Oblast , RSFSR",2006-10-12,"2) (aged 55) Kaliningrad , Kaliningrad Oblast, Russia",,,,,Categories; 1950 births; 2006 deaths; 2006 suicides; Russian murderers of children; Russian people convicted of child sexual abuse; Russian rapists; Russian serial killers; Serial killers who died by suicide in prison custody; Soviet murderers of children; Soviet people convicted of child sexual abuse; Soviet rapists; Soviet serial killers; Suicides by hanging in Russia; Incidents of violence against girls; Violence against women in Russia; Male suicides,2026-09-27 10:10:30
Nikolai Shestakov,12.0,,,Low (5-14),Soviet Union,1975,1976,Unknown,True,False,False,https://en.wikipedia.org/wiki/Nikolai_Shestakov_(serial_killer),"Nikolai Porfirievich Shestakov(Russian:Никола́й Порфи́рьевич Шестако́в; 1954–1978), known asThe Luberetsky Maniac(Russian:Люберецкий маньяк), was aSovietserial killerand rapist who worked as a truck driver. In 1975, he killed 12 girls and women, attempting to kill four others as well. All the victims were raped and killed at bus stops, being struck in the head with a heavy metal object, most often asledgehammer. Shestakov, who was in a drunken state, then stole their valuables and threw their co",Nikolai Shestakov (serial killer),The Luberetsky Maniac,12,,1975–1976,1.0,Soviet Union,,,1954,54 ) RSFSR,,RSFSR,,,,,Categories; 1954 births; 1977 deaths; Executed Soviet serial killers; People executed by the Soviet Union by firearm; Soviet rapists; People with antisocial personality disorder,2026-09-27 10:10:33
Siswanto,12.0,,,Low (5-14),Indonesia,1994,1996,Unknown,True,False,False,https://en.wikipedia.org/wiki/Siswanto_(serial_killer),"Siswanto(1963 – 26 March 2007), also known asRobot Gedek, was an Indonesianserial killerwho killed and mutilated twelve boys. Siswanto was born in 1963 inIndonesia. He was homeless during his crimes. Siswanto sexually molested and killed 12 boys, aged 9 to 15, from December 1994 to when the last body was found on 5 July 1996. Police reported that he had slashed open the stomachs of all his victims, with most being found naked. He also told police that he enjoyed drinking his victims' blood and k",Siswanto (serial killer),Robot Gedek,12,,December 1994 – 1996,2.0,Indonesia,,,,,2007-03-26,"6) (aged 43–44) Nusa Kambangan , Indonesia",,,,,Categories; 1963 births; 2007 deaths; 20th-century murderers; People from Jakarta; Indonesian serial killers; Indonesian murderers of children; Indonesian people convicted of murder; People convicted of murder by Indonesia; Indonesian prisoners sentenced to death; Prisoners sentenced to death by Indonesia; Indonesian people who died in prison custody; Prisoners who died in Indonesian detention; Vampirism (crime); Serial killers who died in prison custody; Indonesian rapists; Child sexual abuse in Indonesia; Rape of males; Male murderers,2026-09-27 10:10:35
Yevgeny Petrov,11.0,,,Low (5-14),Russia,1998,2003,Unknown,True,False,False,https://en.wikipedia.org/wiki/Yevgeny_Petrov_(serial_killer),"Yevgeny Nikolaevich Petrov(Russian:Евге́ний Никола́евич Петро́в; born 17 December 1975), known asThe Novouralsk Ripper(Russian:Новоуральский потрошитель), is a Russianserial killer, rapist andpedophile. In 1992, Petrov was conditionally sentenced for stealing a computer. While serving in the army, he almost killed his commander, but the case was concealed by the military prosecutor's office itself. He graduated from avocational schoolwith the speciality of afitter, and worked as a combine operat",Yevgeny Petrov (serial killer),The Novouralsk Ripper; New Ural Chikatilo; [ 1 ],11,,1998–2003,5.0,Russia,,,17 December 1975,"age 50) Novouralsk , Sverdlovsk Oblast , RSFSR , Soviet Union",,,,,,,Categories; 1975 births; Living people; Prisoners sentenced to life imprisonment by Russia; Russian rapists; Russian serial killers,2026-09-27 10:10:38
Long Island serial killer,11.0,,,Low (5-14),United States,,,Unknown,True,False,False,https://en.wikipedia.org/wiki/Gilgo_Beach_serial_killings,"TheGilgo Beach serial killingswere aseries of murdersonLong Island, New York, between 1993 and 2010. The case gained national attention in late 2010 and 2011, when police searching for a missing woman, Shannan Gilbert, discovered the remains of ten victims alongOcean ParkwaynearGilgoBeach and in nearby areas ofSuffolkandNassaucounties. Four of these victims—Melissa Barthelemy, Maureen Brainard‑Barnes, Megan Waterman, and Amber Lynn Costello—were found in December 2010 in close proximity and beca",Gilgo Beach serial killings,,11,"Maureen Brainard-Barnes of Norwich , Connecticut , was 25 when she disappeared. She was last seen on July 9, 2007, saying she planned ""to spend the day in New York City."" She was not seen again. [ 25 ] [ 26 ] Brainard-Barnes worked as a seasonal telemarketer and turned to sex work when unable to find other employment. [ 27 ] A mother of two, she advertised as a sex worker on Craigslist to pay her mortgage . She had been out of the sex industry for seven months but returned after receiving an evi",,,United States,Suffolk County; New York; United States,,,,,,,,Seven consecutive life sentences without the possibility of parole [ a ],,"Categories; American murderers of children; Crime in the New York metropolitan area; Crimes against sex workers in the United States; Crimes on Long Island, New York; Deaths by strangulation in the United States; Female murder victims; Gilgo Beach serial killings; History of women in New York (state); Nassau County, New York; Serial killers from New York (state); Serial murders in the United States; Suffolk County, New York; Unidentified murder victims in New York (state); Violence against trans women",2026-09-27 10:10:40
Oleg Kuznetsov,10.0,,,Low (5-14),Soviet Union,1991,1992,Unknown,True,False,False,https://en.wikipedia.org/wiki/Oleg_Kuznetsov_(serial_killer),"Oleg Vladimirovich Kuznetsov(Russian:Оле́г Влади́мирович Кузнецо́в; 30 April 1969 – 4 August 2000), known asThe Balashikha Ripper(Russian:Балашихинский Джек-потрошитель), was aSoviet-Russianserial killerandrapist. Between 1991 and 1992, he killed 10 girls and women between the ages of 15 and 30. Born and raised in Balashikha, Moscow Oblast, Kuznetsov's parents divorced when the boy was just five years old. He lived with his father since he did not get along with his mother.As a child and adolesc",Oleg Kuznetsov (serial killer),The Balashikha Ripper; False Dmitry; Dmitry Fadeev,10,"He committed his first known murder on 7 May 1991. Kuznetsov worked at the time as a taxi driver. The victim asked him to drive to her house. On the road, Kuznetsov talked to the girl, offering her a drink. Kuznetsov stopped the car near the Kupavna neighbourhood. There, the couple had sex, but in the morning the girl told him that he had to pay for the ""night of love"" or she would report him to the police. This enraged Kuznetsov, who killed her on the spot. [ 3 ] He disposed of her body in a ne",1991–1992,1.0,Soviet Union; later Russia; Ukraine,,,30 April 1969,"Balashikha , Moscow Oblast , RSFSR , Soviet Union",2000-08-04,"4) (aged 31) Mordovian Zone , Sosnovka, Mordovia , Russia",,,,,Categories; 1969 births; 2000 deaths; Prisoners sentenced to death by Russia; Russian murderers of children; Russian prisoners sentenced to death; Russian people convicted of rape; Russian serial killers; Serial killers who died in prison custody; Soviet murderers of children; Soviet rapists; Soviet serial killers; Ukrainian murderers of children; Ukrainian rapists; Ukrainian serial killers; Soviet people who died in prison custody; Russian people who died in prison custody; Prisoners who died in Russian detention; Violence against women in Russia; Violence against women in Ukraine,2026-09-27 10:10:42
Satish,,,,Very Low (<5),India,1995,1998,Unknown,True,False,False,https://en.wikipedia.org/wiki/Satish_(Bahadurgarh_baby_killer),"Satish Kumar(born c. 1973), better known simply asSatish, is a convicted Indian pedophile and serial killer who was active inBahadurgarhinHaryanafrom 1995 to 1998. He admitted kidnapping and attempting to rape fourteen girls, murdering ten. Police confirmed Satish's involvement in twelve cases, including the ten murders. Since his victims were all five to nine years of age, he is also known as theBahadurgarh baby killer. The police's inability to apprehend Satish led to protests and near-riots b",Satish (Bahadurgarh baby killer),The Bahadurgarh baby killer,0,"Police confirmed that Satish was involved in kidnapping and raping (or attempting to rape) twelve young girls, ten of whom he killed: [ 3 ] [ 4 ] [ 2 ] [ 5 ] After he was arrested, Satish admitted raping (or attempting to rape) 14 girls and killing 10 of them. He did not know the names of his victims. His confession is summarised below: [ 3 ] Kidnapped a girl between Ghevra turning and Nizampur village. Left her in the wheat field near the Bamnouli road. Kidnapped a girl about 8–9 years old from",1995–1998,3.0,India,Bahadurgarh,,1973,"973 Ghaziabad , Uttar Pradesh , India",,,Factory worker,In prison,In prison,,"Categories; 1973 births; 20th-century Indian murderers; 21st-century Indian criminals; Crime in Haryana; Indian murderers of children; Indian people convicted of child sexual abuse; Indian people convicted of murder; Indian prisoners sentenced to life imprisonment; Indian rapists; Indian serial killers; Living people; People convicted of murder by India; People from Ghaziabad, Uttar Pradesh; People from Jhajjar district; Prisoners sentenced to life imprisonment by India; Indian people convicted of rape; Criminals from Uttar Pradesh; Criminals from Haryana; Male murderers",2026-09-27 10:10:45
Ali Kaya,10.0,,,Low (5-14),Turkey,1997,,Unknown,True,False,False,https://en.wikipedia.org/wiki/Ali_Kaya_(serial_killer),"Ali Kaya(born 1978) is a Turkishserial killer. Nicknamed ""The Babyface Killer"", Kaya is responsible for ten murders. Ali Kaya committed crimes such as theft, assault andsnatch theft, and was imprisoned at the age of 17.He was released from prison in 1997 when he was 19 years old.The same year, he began his murders. He stabbed his uncle Celal Kaya to death while working at his real estate office inAlanyain 1997.Kaya was sentenced to five-year aggravated imprisonment inSilifkePrison for this crime",Ali Kaya (serial killer),The Babyface Killer,10,"Ali Kaya committed crimes such as theft, assault and snatch theft , and was imprisoned at the age of 17. [ 1 ] He was released from prison in 1997 when he was 19 years old. [ 1 ] The same year, he began his murders. [ 1 ] [ 2 ] He stabbed his uncle Celal Kaya to death while working at his real estate office in Alanya in 1997. [ 1 ] [ 2 ] [ 3 ] [ 4 ] Kaya was sentenced to five-year aggravated imprisonment in Silifke Prison for this crime. [ 1 ] [ 2 ] [ 3 ] In 1999, he was released on parole. [ 1 ",1997–,,Turkey,,,,"Gaziantep , Turkey",,,,,,,Categories; 1978 births; Living people; People convicted of murder by Turkey; People from Gaziantep; People with personality disorders; Turkish escapees; Turkish people convicted of murder; Turkish serial killers,2026-09-27 10:10:48
Dr. No,10.0,,,Low (5-14),United States,1981,1990,Unknown,True,False,False,https://en.wikipedia.org/wiki/Dr._No_(serial_killer),"Dr. Nois the nickname given to a suspected Americanserial killerthought to be responsible for the murders of at least ten women and girls inOhio, between 1981 and 1990. As victims, Dr. No primarily chosesex workersfrom parking lots and truck stops located alongsideInterstate 71. There are suspicions that he committed three similar killings inNew York,Illinois, andPennsylvania, between 1986 and 1988. Some of the victims were sex workers at theUnion 76truck stop inAustintown, east ofAkronand west ",Dr. No (serial killer),Ohio Prostitute Killer; I-71 Killer,10,"Some of the victims were sex workers at the Union 76 truck stop in Austintown , east of Akron and west of Youngstown , which is the largest in Ohio, leading the investigators to suspect that the killer was a truck driver . Most victims were found without underwear and shoes. The killings began in 1981, when the body of a young woman was found in Miami County, Ohio on April 24. After a forensic examination, it was determined that the victim died from strangulation , having received a head injury ",1981–1990,9.0,United States,,,,,,,,,,,Categories; Crimes against sex workers in the United States; Crimes in Illinois; Crimes in New York (state); Crimes in Ohio; Crimes in Pennsylvania; Serial killers from Illinois; Serial killers from New York (state); Serial killers from Ohio; Serial killers from Pennsylvania; Unidentified American serial killers; Unsolved murders in the United States; Femicide in the United States,2026-09-27 10:10:50
Edgecombe County Serial Killer,10.0,11.0,,Low (5-14),United States,2005,2009,Unknown,True,False,False,https://en.wikipedia.org/wiki/Edgecombe_County_Serial_Killer,"TheEdgecombe County serial killeris an unidentifiedserial killerin the surroundings ofEdgecombeandHalifaxcounties inNorth Carolina, United States. There are ten suspected victims, allAfrican-Americanwomen, and the remains of eight have been recovered. Because some of the victims had been found near the Seven Bridges Road inRocky Mount, the culprit has also been calledThe Seven Bridges Killer. All the victims were black, engaged inprostitutionand had problems with drug addiction at various times.",Edgecombe County Serial Killer,The Seven Bridges Killer,11,,2005–2009,4.0,United States,,,,,,,,,,,Categories; 2000s crimes in the United States; 2010 crimes in the United States; Crimes against sex workers in the United States; Serial killers from North Carolina; Unsolved murders in North Carolina; Violence against African-American women in North Carolina; Unidentified American serial killers; Femicide in the United States,2026-09-27 10:10:52
Sergei Martynov,9.0,,,Low (5-14),Russia,1992,2010,Unknown,True,False,False,https://en.wikipedia.org/wiki/Sergei_Martynov_(serial_killer),"Sergei Kashfulgayanovich Martynov(Russian:Сергей Кашфулгаянович Мартынов; born 2 June 1962) is a Russianserial killer, convicted for the killing of eight people across western and central Russia between 2005 and 2010, and was earlier convicted of killing another woman in 1992. Sergei Martynov was born on 2 June 1962, inNyazepetrovsk,Chelyabinsk Oblast,Soviet Union. In 1992, Martynov was arrested on suspicion ofrapingand murdering an unidentified woman, which according to some sources was a teena",Sergei Martynov (serial killer),,9,"In 1992, Martynov was arrested on suspicion of raping and murdering an unidentified woman, which according to some sources was a teenage girl, for which he was convicted. In 2005, Martynov was released from prison after serving nearly 14 years for the 1992 murder. Shortly after his release, he attempted to rape a young girl at knifepoint in Kemerovo , but the victim survived and Martynov was placed on a wanted list by police. In June 2007, Martynov murdered a woman and dismembered her body in Gl",1992–2010,18.0,Russia,,,2 June 1962,"age 64) Nyazepetrovsk , Chelyabinsk Oblast , Soviet Union",,,,,,,Categories; 1962 births; Living people; People convicted of murder by Russia; Prisoners sentenced to life imprisonment by Russia; Russian murderers of children; Russian rapists; Russian serial killers; Violence against women in Russia; Inmates of White Swan Prison,2026-09-27 10:10:55
John Christie,8.0,,,Low (5-14),England,1943,1953,Unknown,True,False,True,https://en.wikipedia.org/wiki/John_Christie_(serial_killer),"John Reginald Halliday Christie(8 April 1899–15 July 1953) was an Englishserial killerandserial rapistactive during the 1940s and early 1950s. He murdered at least eight people—including his wife Ethel—bystranglingthem inside his flat at 10 Rillington Place,Notting Hill,London. The bodies of three of his victims were found in a wallpaper-covered kitchenalcovesoon after he had moved out of Rillington Place during March 1953. The remains of two more victims were discovered in the garden, and his w",John Christie (serial killer),The Rillington Place Strangler; The Monster of Rillington Place,8,"Christie committed his murders between 1943 and 1953, usually by strangling his victims after he had rendered them unconscious with domestic gas (containing carbon monoxide ); some he raped as they lay unconscious. Christie's first admitted victim was Ruth Fuerst, a 21-year-old Austrian munitions worker who supplemented her income by occasionally engaging in prostitution. [ 40 ] Christie claimed to have met Fuerst while she was soliciting clients in a snack bar in Ladbroke Grove . According to h",24 August 1943 – 6 March 1953,10.0,England,,,8 April 1899,"Boothtown , West Riding of Yorkshire , England",1953-07-15,"5) (aged 54) HM Prison Pentonville , London , England",,,,,"Categories; 1899 births; 1953 deaths; Collection of the Crime Museum; 1953 murders in the United Kingdom; 20th-century British murderers; 20th-century Royal Air Force personnel; British Army personnel of World War I; British people convicted of theft; British police officers convicted of murder; Criminals from Yorkshire; Duke of Wellington's Regiment soldiers; English people convicted of assault; English people convicted of murder; English perjurers; English rapists; English serial killers; History of mental health in the United Kingdom; London crime history; Military personnel from Halifax, West Yorkshire; Necrophiles; People convicted of murder by England and Wales; People with histrionic personality disorder; Royal Air Force airmen; Sherwood Foresters soldiers; 20th-century British police officers; Metropolitan Police officers; 20th-century executions by England and Wales; 20th-century executions of British people; Executed British serial killers; Executed people from West Yorkshire; Executed serial killers who worked in law enforcement; Murder in London; Uxoricides in England; Perpetrators of uxoricide",2026-09-27 10:10:57
Vladimir Mukhankin,9.0,,,Low (5-14),Russia,1995,,Unknown,True,False,False,https://en.wikipedia.org/wiki/Vladimir_Mukhankin,"Vladimir Anatolyevich Mukhankin(Russian:Владимир Анатольевич Муханкин, born 22 April 1960) is a Russianserial killer, convicted for the murder of 9 people inRostov Oblastin 1995. Vladimir Anatolyevich Mukhankin was born on 22 April 1960, in theZernogradsky DistrictinRostov Oblast,RSFSR,Soviet Union. Mukhankin claimed his father abandoned his pregnant mother for another woman before his birth, and that he had been named in honour ofVladimir Leninwho was also born on 22 April. During his childhood",Vladimir Mukhankin,The Pupil of Chikatilo; Lenin; Midget. Capper,9,"In 1995, Mukhankin committed nine murders and two attempted murders, targeting women and girls, mostly in the town of Shakhty , Rostov Oblast . Victims were stabbed or suffocated , some of them tortured before death. Their bodies would be dismembered and sometimes burned. Rape was not a part of his usual modus operandi, but had done so in at least one case; Mukhankin had violated a 13-year-old victim whom he then killed. Mukhankin mainly targeted women and young girls to kill, and it is believed",1995,,Russia,,,22 April 1960,"age 66) Zernogradsky District , Rostov Oblast , RSFSR , Soviet Union",,,,,,,Categories; 1960 births; Inmates of Black Dolphin Prison; Copycat crimes; Living people; People convicted of murder by Russia; People from Zernogradsky District; Prisoners sentenced to death by Russia; Prisoners sentenced to life imprisonment by Russia; Russian murderers of children; Russian prisoners sentenced to death; Russian rapists; Russian serial killers; Violence against women in Russia; People with antisocial personality disorder; 1995 murders in Russia,2026-09-27 10:11:01
Ivan Milat,7.0,39.0,,High (30+),Australia,1989,1992,Unknown,True,False,False,https://en.wikipedia.org/wiki/Ivan_Milat_(serial_killer),"Ivan Robert Marko Milat(Croatian:[iʋanmarkomilat]; 27 December 1944 – 27 October 2019),commonly referred to in media as theBackpacker Murderer, was an Australianserial killerwho was convicted for the abduction, assault, robbery and murder of two men and five women inNew South Walesbetween 1989 and 1992. Hismodus operandiwas to approachbackpackersalong theHume Highwayunder the guise of providing them transport to areas of southern New South Wales, then take his victims into theBelanglo State Fore",Ivan Milat (serial killer),The Backpacker Killer The Backpacker Murderer Tex Bargo Bill Joe Spanner Mac,39,"On 19 September 1992, two runners discovered a concealed corpse while orienteering in Belanglo. [ 9 ] The following morning, police discovered a second body 30 metres (100 ft) from the first. [ 10 ] Police quickly confirmed, via dental records, that the bodies were those of Clarke and Walters. [ 7 ] Walters had been stabbed fifteen times; four times in the chest, once in the neck and nine times in the back, which would have paralysed her. [ 7 ] Clarke had been shot ten times in the head at the b",1989–1992,3.0,Australia,,,27 December 1944,"Guildford , New South Wales, Australia",2019-10-27,"7) (aged 74) Long Bay Correctional Centre Matraville, New South Wales , Australia",,,,Weapon(s): .22-calibre Ruger 10/22 Bowie knife,Categories; 1944 births; 2019 deaths; 20th-century Australian murderers; Australian kidnappers; Australian people convicted of murder; Australian people convicted of robbery; Australian people of Croatian descent; Australian people who died in prison custody; Australian prisoners sentenced to multiple life sentences; Australian rapists; Australian serial killers; Australian truck drivers; Criminals from Sydney; Deaths from esophageal cancer in Australia; Deaths from stomach cancer in New South Wales; Hunger strikers; People charged with rape; People convicted of attempted murder; People convicted of burglary; People convicted of murder by New South Wales; People convicted of theft; Prisoners sentenced to life imprisonment by New South Wales; Prisoners who died in New South Wales detention; Serial killers who died in prison custody; Serial killers who worked as truck drivers,2026-09-27 10:11:04
Vladimir Kuzmin,7.0,20.0,,Medium (15-29),Russia,1997,,Unknown,True,False,False,https://en.wikipedia.org/wiki/Vladimir_Kuzmin_(serial_killer),"Vladimir Ivanovich Kuzmin(Russian:Влади́мир Ива́нович Кузьми́н; born 14 September 1965) is a Russian thief andserial killer, who in the early 1990s was involved in various crimes against minors, murders, andmanslaughter. Kuzmin was born on 14 September 1965, in Moscow, living alone with a sick mother. He began stealing at the age of 10, and at 12 he had several convictions for vagrancy. When he was at home, instead of caring for his blind mother, he stole money, starved and beat her when she att",Vladimir Kuzmin (serial killer),Syosvoski,20,"In June 1997, he returned to Moscow, as the only person he was connected to was Kalistratov. He visited an address at Shipilovskaya Street to find the Kalistratovs no longer lived there. After inquiring with neighbours he managed to locate Kalistratov's new address and was informed that Kalistratov now lived alone since his alcoholic mother had died and both of his brothers were imprisoned. However, Kalistratov actually lived with a girl, whom he planned to marry in the future. Kuzmin immediatel",June – September 1997,,Russia,,,14 September 1965,"age 61) Moscow , RSFSR , Soviet Union",,,,,,,Categories; 1965 births; Living people; Russian people convicted of robbery; Prisoners sentenced to life imprisonment by Russia; Russian people convicted of murder; Russian people convicted of rape; Russian rapists; Russian serial killers; Violence against women in Russia; Violence against men in Russia; Russian murderers of children,2026-09-27 10:11:07
Terry Blair,7.0,,,Low (5-14),United States,1982,2004,Unknown,True,False,False,https://en.wikipedia.org/wiki/Terry_Blair_(serial_killer),"Terry Anthony Blair(September 16, 1961 – May 11, 2024) was an Americanserial killerwho was convicted of killing seven women of various  ages inKansas City, Missouri, although investigators believed that there were additional unidentified victims. Terry Blair was the fourth eldest of ten siblings, and was born to a mother who suffered frommental illnessand had only finished the 9th grade.He had two sons and two grandsons. Many in Blair's family have faced criminal charges, including murder. Blair",Terry Blair (serial killer),,7,"In 1982, Terry Blair was found guilty of killing Angela Monroe, the mother of two of Blair's children (and pregnant at the time). [ 13 ] Blair was sentenced to 25 years imprisonment for this murder and was released on parole after serving 21 years. [ 14 ] According to court records he was angry with Monroe for performing acts of prostitution . [ citation needed ] Alerted by a strong odor, a neighbor noticed two women's bodies in the garage of an abandoned home and notified police on September 2,",1982–2004,22.0,United States,,,"September 16, 1961","[ citation needed ] Kansas City, Missouri , U.S. [ citation needed ]",2024-05-11,"1) (aged 62) Potosi, Missouri , U.S.",,Deceased,Deceased,,"Categories; 1961 births; 2024 deaths; 1982 murders in the United States; 2004 murders in the United States; 20th-century African-American people; 20th-century American murderers; 21st-century African-American people; 21st-century American murderers; American male criminals; American people convicted of murder; American prisoners sentenced to life imprisonment; American rapists; Crime in Kansas City, Missouri; Crimes against sex workers in the United States; Crimes in Missouri; People convicted of murder by Missouri; Prisoners sentenced to life imprisonment by Missouri; Serial killers from Missouri; Prisoners who died in Missouri detention; Violence against African-American women in Missouri; Male murderers",2026-09-27 10:11:09
Doug Clark,7.0,,,Low (5-14),United States,1980,1980,Unknown,True,False,False,https://en.wikipedia.org/wiki/Doug_Clark_(serial_killer),"Douglas Daniel Clark(March 10, 1948 – October 11, 2023) was an Americanserial killerandnecrophile.Clark and his accomplice,Carol Mary Bundy, were collectively known as theSunset Strip Killersand were responsible for the deaths of at least seven individuals, although they are considered suspects in the deaths of several other women and young girls. Clark was charged with six murders inLos Angeles,California, and was convicted in 1983. Clark's victims were typically youngprostitutesor teenagerunaw",Doug Clark (serial killer),The Hollywood Slasher The Sunset Strip Killer The Sunset Strip Slayer,7,"Bundy and Clark developed an intense sadomasochistic relationship, and Clark frequently brought sex workers back to the couple's apartment to have threesomes . Then, when Clark took an interest in an 11-year-old neighbour, Bundy helped lure the girl into posing for pornographic photographs . Clark quickly escalated from pedophilia to murder, talking about how much he would like to kill a girl during sex. He persuaded Bundy to purchase two pistols for him to use, reportedly seeking to fulfill his","June 1, 1980 – August 5, 1980 (confirmed)",0.0,United States,,,"March 10, 1948","Pennsylvania , U.S.",2023-10-11,"1) (aged 75) Marin County, California , U.S.",,,,,Categories; 1948 births; 2023 deaths; 1980 murders in the United States; 20th-century American murderers; American male criminals; American murderers of children; American people convicted of murder; People with antisocial personality disorder; American prisoners sentenced to death; American people who died in prison custody; American rapists; Crimes against sex workers in the United States; Necrophiles; People convicted of murder by California; Prisoners sentenced to death by California; Prisoners who died in California detention; Serial killers from Los Angeles; Serial killers who died in prison custody; Violence against women in California; Male murderers,2026-09-27 10:11:11
Michael Hughes,7.0,,,Low (5-14),United States,1986,1993,Unknown,True,False,False,https://en.wikipedia.org/wiki/Michael_Hughes_(serial_killer),"Michael Hubert Hughes(bornc.1958) is a convicted Americanserial killerondeath rowinSan Quentin. Hughes was initially sentenced tolifewithoutparolefor the murders of four women and girls inCalifornia. Later, he was convicted of committing three further murders of women, linked to the crimes viaDNA profiling. At the second trial, he was sentenced to death. Michael Herbert Hughes was born in 1958 inMichigan. Shortly after his birth, his father left the family.  At age 5, Hughes, his mother, and his",Michael Hughes (serial killer),Southside Slayer,7,"Authorities suspect there may have been other victims. As of 2008 [ update ] , detectives were investigating Hughes' possible involvement in other killings around the United States. While Hughes was in the Navy he spent time in Michigan , San Diego , Long Beach and Frostburg, Maryland . [ 2 ] [ 7 ] Yvonne Coleman, 15. January 22, 1986. [ 7 ] Verna Patricia Williams, 36. May 26, 1986. [ 7 ] Deborah Jackson, 30, aka Harriet McKinley. December 1, 1987. [ 7 ] Theresa Ballard, 26. September 23, 1992.",1986–1993,7.0,United States,,,,"Michigan , U.S.",,,,,,,Categories; 1958 births; 20th-century American murderers; American male criminals; American murderers of children; American people convicted of murder; American prisoners sentenced to life imprisonment; American prisoners sentenced to death; American rapists; Living people; People convicted of murder by California; Prisoners sentenced to death by California; Prisoners sentenced to life imprisonment by California; Serial killers from Los Angeles; Violence against African-American women in California; Male murderers,2026-09-27 10:11:14
Sataro Fukiage,7.0,,,Low (5-14),Japan,1906,1924,Unknown,True,False,False,https://en.wikipedia.org/wiki/Sataro_Fukiage,"Satarō Fukiage(吹上 佐太郎,Fukiage Satarō; February 1, 1889 – September 28, 1926)was a Japaneserapistandserial killer. He killed at least seven girls.He murdered his first victim in 1906, and killed six girls between 1923 and 1924. He was tried for three out of six cases, but his exact number of victims is unknown. He raped a number of women besides the murder victims and according to one theory, he raped 93 girls and about 100 women.Some estimates say he raped more than 100 women. He was born inShim",Sataro Fukiage,Shinshūmaro,7,"On September 24, 1906, he raped and murdered an 11-year-old girl at Kinkaku-ji . [ 4 ] The victim was an acquaintance of his. At the time he was culturally considered to be 18 years old, although he was 17 years old under the Western age system. In jail, he studied the works of Confucius , Mencius , Socrates , Aristotle and Nichiren . [ 2 ] He was released in 1922 and found employment, but he was fired due to his criminal past. In April 1923, he was arrested for molesting a four-year-old girl, b",1906–1924,18.0,Japan,,,"February 1, 1889","Kyoto Prefecture , Empire of Japan",1926-09-28,"8) (aged 37) Ichigaya Prison, Tokyo , Empire of Japan",,Executed by hanging,Executed by hanging,,"Categories; 1889 births; 1926 deaths; 20th-century executions by Japan; Executed Japanese serial killers; Japanese murderers of children; Japanese non-fiction writers; Japanese rapists; Male juvenile murderers; Minors convicted of murder; People convicted of murder by Japan; People executed by Japan by hanging; People from Shimogyō, Kyoto; People from Kyoto",2026-09-27 10:11:18
Aleksey Sukletin,7.0,,,Low (5-14),Soviet Union,1979,1985,Unknown,True,False,False,https://en.wikipedia.org/wiki/Aleksey_Sukletin,"Aleksey Vasilyevich Sukletin(Russian:Алексе́й Васи́льевич Сукле́тин; 23 March 1943 – 29 July 1987) was aSovietserial killer, rapist and cannibal. Between 1979 and 1985(according to other data, from 1981 to 1985),along with accomplices Madina Shakirova and Anatoly Nikitin, he killed andcannibalizedseven girls and women inTatarstan. Aleksey Vasilevich Sukletin was born in 1943, inKazan,RSFSR,Soviet Union. His mother worked as a nurse in a military field hospital (it is known that she was alive in ",Aleksey Sukletin,The Alligator; [ 3 ]; The Vassilyevo Cannibal; [ 4 ]; The Kazan Ogre; [ 5 ]; The Volga Alligator; [ 6 ],7,"Aleksey Vasilevich Sukletin was born in 1943, in Kazan , RSFSR , Soviet Union . His mother worked as a nurse in a military field hospital (it is known that she was alive in 1985 when Sukletin was arrested on suspicion of a series of murders). [ 7 ] There is no available information about his father. Sukletin suffered from alcoholism , drinking heavily until he reached adulthood. [ 1 ] The first crime he committed was in February 1960, at the age of 16. At night, he attacked a girl, hitting her w",1979–1985,6.0,Soviet Union,,,"March 23, 1943","[ 1 ] Kazan , Tatar ASSR , Russian SFSR , Soviet Union",1987-07-29,"9) (aged 44) [ 2 ] Kazan , Tatar ASSR , Russian SFSR , Soviet Union",,Executed,Executed,,Categories; 1943 births; 1987 deaths; 20th-century executions by Russia; 20th-century Russian murderers; Child sexual abuse in the Soviet Union; Executed Russian people; Executed Soviet serial killers; People convicted of murder by Russia; People convicted of murder by the Soviet Union; People executed by the Soviet Union by firearm; People from Kazan; People with antisocial personality disorder; Russian cannibals; Russian people convicted of murder; Russian people executed by the Soviet Union; Russian rapists; Security guards convicted of crimes; Soviet murderers of children; Soviet people convicted of murder; Soviet rapists; Vampirism (crime); Violence against women in Russia,2026-09-27 10:11:22
Alexander Komin,,,,Very Low (<5),,,,Unknown,True,False,False,https://en.wikipedia.org/wiki/Alexander_Komin,,Alexander Komin,,0,,,,,,,,,,,,,,,Category; Human name disambiguation pages,2026-09-27 10:11:24
Harvey Carignan,3.0,5.0,,Low (5-14),United States,1949,1974,Unknown,True,False,False,https://en.wikipedia.org/wiki/Harvey_Carignan,"Harvey Louis Carignan(May 18, 1927 – March 6, 2023) was an Americanserial killerwho was sentenced tolife in prisonfor the murders of two women in the early 1970s.He had been previously convicted of a 1949 rape and murder he committed while stationed in the U.S. Army inAnchorage, Alaska.He was imprisoned at theMinnesota Correctional Facility – Oak Park Heights, Stillwater, MN, until his death in 2023. Carignan was born to an unmarried 20-year-old mother inNorth Dakotaon May 18, 1927.At the age of",Harvey Carignan,The Want-Ad Killer [ 1 ],5,"On July 31, 1949, Carignan murdered 57-year-old Laura Showalter during an attempted rape in the Territory of Alaska . [ 5 ] On September 16, 1949, he tried to rape another woman, Christine Norton, and was arrested the next day. Later that year, Carignan was convicted of first degree murder and assault with intent to commit rape and sentenced to death by hanging. However, in 1951, Carignan won a new trial for his murder conviction on the grounds that his confession had been improperly obtained. A","July 31, 1949 – September 20, 1974",25.0,United States,,,"May 18, 1927","Fargo, North Dakota , U.S.",2023-03-06,"6) (aged 95) Oak Park Heights, Minnesota , U.S.",,,,,Categories; 1927 births; 2023 deaths; 20th-century American murderers; American male criminals; American people convicted of murder; American people convicted of rape; American people convicted of sodomy; American people who died in prison custody; American prisoners sentenced to death; Criminals from North Dakota; Hammer attacks; Inmates of Alcatraz Federal Penitentiary; Overturned convictions in the United States; People convicted of murder by Alaska; People convicted of murder by Minnesota; People convicted of murder by the United States federal government; Prisoners sentenced to death by the United States federal government; Prisoners who died in Minnesota detention; Prisoners sentenced to life imprisonment by Minnesota; People with antisocial personality disorder; People with schizophrenia; Serial killers from Alaska; Serial killers from Minnesota; Serial killers from Washington (state); Serial killers who died in prison custody; Sexual assault in the United States military; United States Army soldiers,2026-09-27 10:11:27
William Bonin,14.0,21.0,14.0,Medium (15-29),United States,1968,1980,Unknown,True,False,False,https://en.wikipedia.org/wiki/William_Bonin,"William George Bonin(January 8, 1947 – February 23, 1996), also called theFreeway Killerand theFreeway Strangler,was an Americanserial killerandsex offender. Bonin attacked numerous boys and men between 1968 and 1980, insouthern California, and briefly, Vietnam. He was convicted of 14 murders, but confessed to 21, and is a suspect in additional cases. Born in Connecticut, Bonin moved to California as a child. He fought in theVietnam Warin 1967 and 1968. Returning to California, he was held at pr",William Bonin,The Freeway Killer The Freeway Strangler,21,"When Bonin murdered numerous men and boys in 1979 and 1980, he usually selected young male hitchhikers, schoolboys, and male prostitutes as his victims. Aged 12 to 19, they were predominantly Caucasian or Latino, slender, pale, and long-haired. [ 116 ] [ 117 ] He either enticed or forced them into his Ford van, [ 100 ] [ 101 ] where they were overpowered, then bound with handcuffs, wires, cords, or a mix of those. [ 118 ] [ 119 ] Bonin then sexually assaulted, beat, and tortured the victims, bef","November 17, 1968 – June 2, 1980",12.0,United States,,,"January 8, 1947","Willimantic, Connecticut , U.S.",1996-02-23,"3) (aged 49) San Quentin State Prison , California, U.S.",,Executed by lethal injection,Executed by lethal injection,,"Categories; 1947 births; 1996 deaths; 20th-century American murderers; 20th-century executions by California; 20th-century executions of American people; American male criminals; American murderers of children; American people convicted of child sexual abuse; American people convicted of rape; American people convicted of robbery; American people convicted of sodomy; Criminals from Los Angeles; Executed American serial killers; Executed people from Connecticut; Fugitives; Gay military personnel; American LGBTQ military personnel; Incidents of violence against boys in the United States; Incidents of violence against men; LGBTQ people from Connecticut; Military personnel from Connecticut; People convicted of murder by California; People executed by California by lethal injection; People from Willimantic, Connecticut; People with antisocial personality disorder; People with bipolar disorder; People with sexual sadism disorder; Rape of males in the United States; Serial killers from California; Sexual assault in the United States military; United States Air Force airmen; United States Air Force personnel of the Vietnam War; Violence against gay men in the United States; Violence against men in the United States",2026-09-27 10:11:32
Freeway Killer,,,,Very Low (<5),,,,Unknown,True,False,False,https://en.wikipedia.org/wiki/Freeway_Killer,"TheFreeway Killerwas anepithetthat the American media and several investigative agencies coined in March 1980 to what was believed to be a singleserial killermurdering young male victims inSouthern Californiaand dumping their bodies alongside or upon freeways. The Freeway Killer murders were thought to have begun around 1972,and escalated in 1979 and early 1980. The killer(s) selected young male hitchhikers, schoolboys or, occasionally,male prostitutesas victims. A majority of the victims were t",Freeway Killer,,0,"The Freeway Killer murders were thought to have begun around 1972, [ 1 ] and escalated in 1979 and early 1980. The killer(s) selected young male hitchhikers, schoolboys or, occasionally, male prostitutes as victims. A majority of the victims were teenagers or young adults and were of slender or stocky builds. Several were also tortured before death and some were even dismembered or disemboweled . By early June 1980, authorities had linked forty murders to the series. [ 2 ] An extensive investiga",,,,,,,,,,,,,,Categories; American gay men; American murderers of children; American rapists; Child sexual abuse in the United States; Murder in California; People convicted of murder by California; Serial killer epithets; Serial killers from California; Serial murders in the United States; Violence against men in the United States,2026-09-27 10:11:34
Kenneth Erskine,7.0,11.0,,Low (5-14),,1986,,Unknown,True,False,False,https://en.wikipedia.org/wiki/Kenneth_Erskine,"Kenneth Erskine(born 1 July 1963) is a Britishserial killerwho became known as theStockwell Strangler.He committed the murders of 7–11 senior citizens inLondonbetween April and July 1986. Erskine was born inHammersmithon 1 July 1963 to a British mother andAntiguanfather. Erskine has three brothers.He was abandoned by both parents during childhood and attended various special schools.His parents divorced when he was 12. On a field trip, he tried to drown his peers, and he became increasingly viol",Kenneth Erskine,The Stockwell Strangler,11,"Erskine's criminal career began with a number of burglaries . He was able to open ten separate bank accounts with the proceeds of his crimes. [ 3 ] Erskine served a prison sentence in HM Prison Feltham . [ 2 ] During 1986, Erskine murdered at least seven elderly people, breaking into their homes and strangling them; most often they were sexually assaulted . The crimes took place in London. His first victim was Nancy Emms, 78, of Wandsworth , who died on 9 April 1986. Her death was initially beli",9 April – 23 July 1986,,,,,1 July 1963,"age 63) Hammersmith , London , England",,,,,,,Categories; 1963 births; 20th-century English criminals; British people convicted of burglary; British people with disabilities; Criminals from London; English male criminals; English people convicted of manslaughter; English people of Antigua and Barbuda descent; English prisoners sentenced to life imprisonment; English rapists; English serial killers; History of mental health in the United Kingdom; Living people; People detained at Broadmoor Hospital; People from Hammersmith; People with antisocial personality disorder; People with schizophrenia; Prisoners sentenced to life imprisonment by England and Wales; Senicide; Violence against men in the United Kingdom; Violence against women in England,2026-09-27 10:11:38
Michel Fourniret,8.0,12.0,,Low (5-14),France,1987,2003,Unknown,True,False,False,https://en.wikipedia.org/wiki/Michel_Fourniret,"Michel Paul Fourniret(4 April 1942 – 10 May 2021)was a Frenchserial killerwho confessed to killing 12 people in France and Belgium between 1987 and 2003. After he was arrested in June 2003 for the attempted kidnapping of a teenage girl inCiney,Fourniret confessed in 2004 to killing nine people, eight females and one male,having been informed on by his then-wife,Monique Pierrette Olivier (born 31 October 1948).Fourniret was convicted of seven of these murders on 28 May 2008 and sentenced to life ",Michel Fourniret,Ogre of the Ardennes,12,"On 11 December 1987, Fourniret and Olivier drove in separate vehicles to Auxerre . Seeing 17-year-old Isabelle Laville walking home from school, a girl the couple had seen a day or two earlier and were targeting, Olivier stopped to ask her to join her in the car and give her directions, which Laville agreed to do. Driving down the road, Olivier reached the spot where Fourniret was standing with his car, pretending it had broken down. After Olivier, as planned, pretended to offer him a lift, he g",1987–2003,16.0,France; Belgium,,,4 April 1942,"Sedan , France",2021-05-10,"0) (aged 79) Paris, France",,,,,"Categories; 1942 births; 1989 murders in France; 1990 murders in France; 2021 deaths; 1989 murders in Belgium; French murderers of children; French people convicted of child sexual abuse; French people convicted of murder; French prisoners sentenced to life imprisonment; French rapists; French serial killers; Necrophiles; People convicted of murder by France; People from Sedan, Ardennes; Prisoners sentenced to life imprisonment by France; Prisoners who died in French detention; Serial killers who died in prison custody; 20th-century French murderers; 21st-century French murderers; Male murderers",2026-09-27 10:11:40
Vasily Strokov,2.0,3.0,,Very Low (<5),Russia,2016,2000,Unknown,True,False,False,https://en.wikipedia.org/wiki/Vasily_Strokov,"Vasily Vasilyevich Strokov(Russian:Василий Васильевич Строков; born 1979) is a Russian murderer who killed two men inOmskbetween 2016 and 2017, dismembering their bodies afterwards and hiding the remains on his property. After he was exposed by his roommate, he was arrested, convicted and sentenced tolife imprisonmentfor the two murders, and remains the sole suspect in the murder of his half-brother in 2000. No public information is available on Strokov's upbringing and early life. He first came",Vasily Strokov,,3,,2016 – 2017 (possibly 2000),-16.0,Russia,,,,"Omsk , Omsk Oblast , RSFSR",,,,,,,Categories; 1979 births; 21st-century Russian murderers; Living people; People convicted of murder by Russia; People from Omsk; Prisoners sentenced to life imprisonment by Russia; Russian male criminals; Russian people convicted of murder; Russian prisoners and detainees; Suspected serial killers; Fratricides; Violence against men in Russia; Male murderers,2026-09-27 10:11:46
Sergey Yarovoy,7.0,8.0,,Low (5-14),Kazakhstan,1994,2008,Unknown,True,False,False,https://en.wikipedia.org/wiki/Sergey_Yarovoy,"Sergey Alekseevich Yarovoy(Russian:Сергей Алексеевич Яровой; born 1963), known asThe Bloody Paramedic(Russian:Кровавый фельдшер), is a Kazakhstaniserial killerand rapist. Initially convicted of the rape-murder of a woman in 1994 and sentenced to 15 years imprisonment, he was paroled in 2004 and resumed killing two years later, murdering six children, teenage girls and women inUst-Kamenogorskand the village of Opytnoye Pole. For the latter crimes, Yarovoy was convicted and sentenced tolife impris",Sergey Yarovoy,The Bloody Paramedic; The Opytnoye Pole Chikatilo; The Kazakh Chikatilo,8,"Following the divorce, Yarovoy resigned from his workplace and started living on the streets. In 1990, he was found guilty of raping a woman in Boralday , for which he was sentenced to 3 years imprisonment. [ 2 ] After serving it out in full, he returned to the town, and only a few months later, he raped and murdered a woman there. [ 4 ] Yarovoy was quickly arrested, tried and convicted for this, receiving a 15-year sentence. He was then transferred to serve it in a penal colony near Ust-Kamenog",1994; 2006 – 2008,14.0,Kazakhstan; possibly Russia,,,,"Kaskelen , Almaty Region , Kazakh SSR or Balkhash , Karaganda Region , Kazakh SSR",,,,,,,Categories; 1963 births; Living people; 20th-century murderers; 21st-century murderers; Kazakhstani serial killers; Kazakhstani rapists; Kazakhstani people convicted of murder; People convicted of murder by Kazakhstan; Kazakhstani people convicted of rape; Prisoners and detainees of Kazakhstan; Kazakhstani prisoners and detainees; Prisoners sentenced to life imprisonment by Kazakhstan; Kazakhstani prisoners sentenced to life imprisonment; Violence against women in Kazakhstan; People from Almaty Region; People from Karaganda Region; Male murderers; Serial rapists,2026-09-27 10:11:52
Roman Burtsev,6.0,,,Low (5-14),Russia,1993,1996,Unknown,True,False,False,https://en.wikipedia.org/wiki/Roman_Burtsev,"Roman Vladimirovich Burtsev(Russian:Роман Владимирович Бурцев; 13 April 1971 – December 2023), known asThe Chikatilo of Kamensk(Russian:Каменский Чикатило), was a Russian serial killer and child sex offender. Between 1993 and 1996, he raped and strangled six young children: five girls and one of the victims' brother. He committed all of the crimes in his hometown. Burtsev was born on 13 April 1971, in a family with a history of alcohol and domestic abuse. He was anintrovertand did not stand out ",Roman Burtsev,The Chikatilo of Kamensk; [ 1 ],6,"Burtsev differed from similar murderers, in that he carefully hid the victims' bodies. All bodies, except one, were found only after his arrest. Following psychiatric assessment, he was declared competent to stand trial, with psychiatrist Alexander Bukhanovsky calling him one of the most well-organized murderers he ever had to deal with. [ 5 ] Roman Burtsev committed his first double murder on 15 September 1993, his victims being siblings 12-year-old Yevgeny Churilov and 7-year-old Olesya Churil",1993–1996,3.0,Russia,,,13 April 1971,"Kamensk-Shakhtinsky , Rostov Oblast , Russian SFSR , Soviet Union",2023-12-00,"0) (aged 52) White Swan , Solikamsk , Perm Krai , Russia",,,,"Burtsev differed from similar murderers, in that he carefully hid the victims' bodies. All bodies, except one, were found only after his arrest. Following psychiatric assessment, he was declared competent to stand trial, with psychiatrist Alexander Bukhanovsky calling him one of the most well-organized murderers he ever had to deal with. [ 5 ]",Categories; 1971 births; 2023 deaths; Deaths from cancer in Russia; Inmates of White Swan Prison; People convicted of murder by Russia; People from Kamensk-Shakhtinsky; Prisoners sentenced to death by Russia; Prisoners who died in Russian detention; Russian murderers of children; Russian people convicted of murder; Russian people convicted of child sexual abuse; Russian people convicted of rape; Russian serial killers; Russian prisoners sentenced to death,2026-09-27 10:11:59
Anatoly Sidorov,,,,Very Low (<5),,,,Unknown,True,False,False,https://en.wikipedia.org/wiki/Anatoly_Sidorov,"Anatoly Alekseyevich Sidorov(Russian:Анатолий Алексеевич Сидоров; born 2 July 1958) is a retiredRussian Ground Forcescolonel generalwho wasChief of the Joint Staffof theCollective Security Treaty Organizationfrom 2015 to 2023. Before that he commanded theWestern Military Districtbetween 2012 and 2015. Anatoly Sidorov was born inSiva,Perm Oblaston 2 July 1958. In 1975, he graduated from theSverdlovsk Suvorov Military School. In 1979, he graduated from theSupreme Soviet of the RSFSR Moscow Higher ",Anatoly Sidorov,,0,,1975–2023,,,,,2 July 1958,"age 68) Siva , Russian SFSR , Soviet Union",,,,,,,"Categories; Recipients of the Order ""For Merit to the Fatherland"", 4th class; Recipients of the Order of the Red Star; 1958 births; Living people; People from Perm Krai; Recipients of the Order of Military Merit (Russia); Russian colonel generals; Frunze Military Academy alumni; Military Academy of the General Staff of the Armed Forces of Russia alumni; Russian individuals subject to United Kingdom sanctions; Soviet military personnel of the Soviet–Afghan War",2026-09-27 10:12:03
Alexander Rubel,,,,Very Low (<5),,,,Unknown,True,False,False,https://en.wikipedia.org/wiki/Alexander_Rubel,"Alexander Rubel(b. 27 December 1969) is aGerman-Romanianhistorian of theAntiquity. Alexander Rubel studiedHistory,GermanisticsandPhilosophyat theUniversity of Konstanz. He was a researcher at the Department of Ancient History of the University of Konstanz.In 2000 he relocated toIași, Romania, as Director of the Iași branch of theGoethe-Institut. He became aDAADlecturer at theAlexandru Ioan Cuza University.He is presently the director of the German Cultural Center in Iași.,researcher at and Direc",Alexander Rubel,,0,,,,,,,"December 27, 1969",age 56),,,Historian,,,,Categories; 1969 births; Living people; Romanian archaeologists; 21st-century Romanian historians; Romanian philosophers; 20th-century German archaeologists; 20th-century German historians; 20th-century German philosophers; 21st-century German philosophers; Academic staff of Alexandru Ioan Cuza University; University of Konstanz alumni; 21st-century German archaeologists; 20th-century German male writers; 21st-century German male writers; Romanian writer stubs; European historian stubs; Romanian history stubs; German historian stubs,2026-09-27 10:12:06
Vladimir Ionesyan,5.0,,,Low (5-14),Soviet Union,1963,1964,Unknown,True,False,False,https://en.wikipedia.org/wiki/Vladimir_Ionesyan,"Vladimir Mihajlovich Ionesyan(27 August 1937– 1 February 1964) was a Sovietspree killer.His nickname was ""Mosgas,"" as Ionesyan broke into apartments pretending to be an employee of that company. Ionesyan was born on 27 August 1937, in Tbilisi to a family of ethnic Armenians.As a child, he sang well, and his parents actively encouraged the development of his vocal capabilities. In addition to secondary education, Ionesyan had a diploma from music school, thanks to which he, as a good student, was",Vladimir Ionesyan,Mosgas,5,"Ionesyan never planned his crimes beforehand. Pretending to be a controller from Mosgaz or an employee of ZhEkA No. 13, he went to apartments, took reading from meters and checked gas burners. While choosing the place of the future robbery, he was guided not so much by the rich decoration of the apartment, but by the number of people in it. As a weapon he used a tourist hatchet, bought from GUM . Outstretched outer detail was the ushanka , which Ionesyan, unlike the overwhelming number of Muscov",1963–1964,1.0,Soviet Union,,,27 August 1937,"Tbilisi , RSFSR",1964-02-01,1) (aged 26) Butyrka Prison RSFSR,,,,,Categories; 1937 births; 1964 deaths; Executed Soviet mass murderers; People convicted of murder by the Soviet Union; People executed by the Soviet Union by firearm; Soviet murderers of children; Soviet people convicted of child sexual abuse; Soviet rapists; Axe murder,2026-09-27 10:12:08
Sergei Ryakhovsky,19.0,24.0,,Medium (15-29),Soviet Union,1988,1993,Unknown,True,False,False,https://en.wikipedia.org/wiki/Sergei_Ryakhovsky,"Sergei Vasilyevich Ryakhovsky(Russian:Серге́й Васильевич Ряховский; 29 December 1962 – 12 November 2007) was aSoviet-Russianserial killer, convicted for the killing of 19 people in theMoscowarea between 1988 and 1993. Sergei Vasilyevich Ryakhovsky was born on 29 December 1962, in the Saltykovka area ofBalashikha,Moscow Oblast, a city 1 kilometre (0.62mi) east ofMoscow. Ryakhovsky was6ft 6in (198cm)tall and weighed280 pounds (130kg). In 1982, Ryakhovsky claimed he began to feel ""an irresistible d",Sergei Ryakhovsky,The Balashikha Ripper The Hippopotamus,24,"In June 1988, Ryakhovsky committed his first murder when he killed a homosexual man in Bitsa, a village in Moscow Oblast on the outskirts of Moscow. The same year he killed three homosexual men in Izmaylovsky Park , which Ryakhovsky claimed was part of his personal mission to ""cleanse"" society by killing homosexuals and prostitutes . Despite this, the majority of his victims between 1988 and 1993 were elderly women, although he also killed five men and two teenagers. Ryakhovsky's main methods of",1988–1993,5.0,Soviet Union; Russia,,,29 December 1962,"Balashikha , Moscow Oblast , Soviet Union",2007-11-12,"2) (aged 44) Mordovian Zone , Sosnovka, Mordovia , Russia",,,,"Weapon(s): Screwdriver , kitchen knife",Categories; 1962 births; 2005 deaths; 21st-century deaths from tuberculosis; 20th-century Russian LGBTQ people; Inmates of White Swan Prison; Necrophiles; People convicted of murder by Russia; Prisoners sentenced to death by Russia; Prisoners sentenced to life imprisonment by Russia; Prisoners who died in Russian detention; Russian murderers of children; Russian people convicted of murder; Russian prisoners sentenced to death; Russian rapists; Russian serial killers; Serial killers who died in prison custody; Soviet serial killers; Tuberculosis deaths in Russia; Violence against gay men; Violence against women in Russia; Sexual violence against LGBTQ people; Violence against men in Russia; Violence against LGBTQ people in Russia; Perpetrators of anti-LGBTQ violence,2026-09-27 10:12:14
Alexander Pichushkin,49.0,60.0,3.0,High (30+),Russia,1992,2006,Unknown,True,False,False,https://en.wikipedia.org/wiki/Alexander_Pichushkin,"Alexander Yuryevich Pichushkin(Russian:Алекса́ндр Ю́рьевич Пичу́шкин; born 9 April 1974),also known as theChessboard Killer(Убийца с шахматной доской) and theBittsa Park Maniac(Битцевский маньяк), is a Russianserial killerand former grocery store clerkwho is believed to have killed at least forty-nine people, and possibly as many as sixty, between 1992 and 2006. Pichushkin was active inMoscow'sBittsa Park, where a number of the victims' bodies were found. On 29 October 2007, he was sentenced tol",Alexander Pichushkin,The Bittsa Park Maniac The Chessboard Killer,60,"Russian media have speculated that Pichushkin was motivated, in part, by a macabre competition with another notorious Russian serial killer, Andrei Chikatilo , who was convicted of killing fifty-two children and young women over a twelve-year period. [ 7 ] Pichushkin has said his aim was to kill sixty-four people — the number of squares on a chessboard. [ 8 ] He later recanted this statement, saying that he would have continued killing indefinitely had he not been stopped. [ 9 ] Another report s",27 July 1992; 17 May 2001 – 13 June 2006,14.0,Russia,,,9 April 1974,"age 52) Mytishchi , Moscow Oblast , Russian SFSR , USSR",,,,,,"Weapon(s): Hammer , crowbar , picket fence , pen gun , rope , vodka bottle",Categories; 1974 births; 20th-century Russian murderers; 21st-century Russian murderers; Living people; People convicted of murder by Russia; People from Mytishchi; People with antisocial personality disorder; Prisoners sentenced to life imprisonment by Russia; Russian people convicted of murder; Russian prisoners sentenced to life imprisonment; Russian serial killers; Violence against homeless people; Male murderers,2026-09-27 10:12:19
